,-3,-20,-7,4,2,0,-4,1
,-3,-4,-11,-1,4,-8,-4,2
,-3,-5,-5,-4,-4,-7,-2,2
,-3,-20,-78,-37,-59,-38,-14,-3
,1,0,-3,-5,-1,-10,-5,1
,3,13,2,-3,2,22,2,1
,-4,-6,0,4,-1,-10,5,3
,2,-4,4,2,5,-4,3,-1
,-4,8,-22,8,41,-15,13,-1
,2,-6,-15,1,1,-12,3,-1
,1,-20,-1,3,0,-29,-2,0
,-3,-5,3,-1,3,-11,-5,-2
,-1,-6,-1,-2,-11,-9,0,-1
,1,-15,-63,-23,-39,-25,-13,2
,0,-1,-4,0,-4,-2,-3,-5
,1,11,6,-2,2,9,1,-1
,6,-6,3,3,-4,-12,-1,3
,-2,-2,2,-1,5,-7,0,1
,3,10,7,11,46,3,9,0
,1,-6,-3,5,4,-6,3,-1
,0,-21,-3,-3,-7,-43,0,0
,1,-4,-2,0,-1,-12,1,1
,1,-7,-10,-9,-13,-10,-3,0
,-6,-13,-37,-3,-21,-11,-3,0
,-1,0,-3,-4,-8,2,-1,-4
,1,11,-1,-2,1,-5,4,-3
,0,-7,0,-2,-3,-12,-2,2
,4,-2,-3,0,0,-8,-2,2
,-3,11,61,14,29,25,8,1
,0,-6,-1,6,4,-5,0,-3
,-1,-19,-5,4,-7,-30,-3,1
,0,-4,-3,5,2,-9,4,3
,1,-7,-18,-5,-10,-12,-3,2
,-1,-8,-21,2,-10,0,-8,-2
,-3,-1,-7,1,-8,1,2,-3
,0,10,-5,-4,0,-17,-1,-1
,1,-7,-7,-11,-31,-14,-13,0
,-1,-4,-6,0,1,-9,1,-2
,-3,11,46,12,9,24,5,0
,1,-7,1,7,-3,-5,6,-2
,-5,-18,-11,-1,0,-23,-3,-5
,-1,-5,-5,2,6,-11,5,-1
,2,-8,-17,-4,-7,-14,-4,1
,1,-18,-12,5,3,13,-2,0
,-5,-1,-12,-2,0,-3,-5,-7
,-3,10,-2,-2,-2,3,1,1
,-1,-6,-46,-17,-33,-12,-15,4
,1,-2,-3,-6,-4,-8,-3,-1
,1,5,20,4,1,11,4,5
,0,-8,-7,6,-7,-11,9,0
,-1,-19,-1,-1,2,-16,-2,-9
,0,-3,-11,5,12,-11,6,-1
,-2,-6,-15,-1,-1,-12,0,1
,-3,-26,3,1,-5,-29,-6,-1
,2,-1,-4,-5,2,-7,-8,2
,-5,13,-2,1,-9,26,1,-3
,-2,-3,-37,-13,-21,-9,-12,-2
,0,-1,-7,1,-2,-4,0,0
,-1,5,12,-4,1,-2,8,-6
,0,-8,-6,6,-11,-19,9,3
,0,-13,-2,0,3,-10,-1,-1
,3,-3,-4,6,24,-5,6,4
,-2,-5,-5,2,1,-9,-3,-1
,-6,-30,-22,-19,-44,-69,-7,-4
,5,-1,-7,-5,1,-9,-3,-2
,2,14,-10,1,-13,16,-4,-5
,-5,-1,-21,-3,-8,-7,-8,1
,2,-1,0,3,4,-3,-1,0
,1,12,-1,1,17,-13,8,-4
,-1,-8,-12,1,-11,-15,5,0
,-5,-9,-3,6,0,-8,5,2
,2,-3,32,9,20,-3,1,-1
,0,-7,-2,5,-2,-9,2,-3
,1,-32,-41,-21,-34,-62,-10,0
,2,-2,-3,-8,1,-8,-9,-2
,1,7,-14,-4,-4,10,-2,0
,0,-2,-7,3,-3,-2,0,8
,-4,-2,4,3,2,-2,3,-1
,1,15,-15,4,22,-25,5,0
,-3,-6,-16,2,-4,-10,2,-1
,3,-7,-5,2,-1,-7,-1,-2
,-1,-4,29,2,8,-3,1,2
,-1,-8,3,4,-7,-8,5,0
,-1,-31,-34,-13,-21,-43,-7,-5
,0,-4,-3,0,-4,-7,3,2
,-3,3,-10,-2,-4,3,-5,0
,0,-6,2,4,6,3,-2,-5
,0,-1,1,-2,3,-4,-3,4
,0,20,11,1,24,5,4,-2
,1,-5,-9,1,-1,-6,-2,-5
,2,-4,0,-1,-4,-5,3,-1
,-2,-4,13,6,-4,-5,6,0
,-1,-10,-9,-3,-12,-13,-1,-5
,1,-28,-21,-1,-12,-26,-1,-4
,0,-4,-7,-4,-9,-6,-2,2
,4,0,-10,-4,-2,-3,-3,-2
,-3,-13,11,2,9,-13,-9,2
,-2,-1,-3,-4,2,-8,-3,-1
,1,20,31,12,11,49,4,-2
,-4,-4,-6,1,3,-5,1,-6
,-3,-3,-8,-2,-8,-4,-3,1
,0,-2,0,0,-2,-7,17,0
,1,-9,-15,-2,-11,-19,3,1
,-1,-27,-13,4,-4,-12,-6,-4
,0,-5,-10,0,-10,-6,2,1
,-1,-2,-7,-3,-2,-8,0,1
,-4,-16,-5,-17,-70,-40,-14,-1
,0,-1,-3,-2,1,-10,-2,4
,0,26,16,7,-2,43,3,-4
,-1,-4,-4,5,1,-8,-2,-3
,0,-2,-10,1,6,-6,2,3
,1,4,-9,5,14,-11,10,3
,2,-9,-16,-2,-11,-20,2,-1
,2,-22,-8,6,1,-4,-2,-1
,-2,-4,-10,-2,5,-8,2,-5
,0,-4,-5,-2,-4,-7,-3,1
,-2,-19,-78,-38,-62,-42,-15,1
,0,-1,-4,-7,-2,-9,-8,-1
,1,19,3,0,4,26,4,2
,2,-5,-1,5,-1,-10,6,1
,-1,-3,3,4,4,-5,2,-2
,4,7,-22,8,34,-14,7,-1
,2,-7,-15,-1,0,-13,-1,2
,0,-20,-2,2,0,-24,5,-4
,0,-4,3,-1,3,-11,-4,-3
,1,-6,-2,-4,-9,-8,1,-1
,0,-17,-62,-22,-42,-27,-18,-4
,-3,0,-4,-4,-4,-4,0,2
,1,13,6,6,1,11,5,-2
,-1,-6,3,7,-4,-11,4,4
,-3,-2,1,-3,6,-6,1,3
,1,9,6,8,49,-3,7,-4
,-5,-6,-4,2,3,-7,0,-1
,-3,-22,1,0,-6,-45,-4,-2
,0,-4,0,-3,0,-12,-1,0
,1,-6,-8,-4,-14,-10,0,-3
,-2,-13,-42,-12,-24,-13,-7,-4
,2,0,-3,-4,-7,2,-2,1
,-2,12,0,-2,2,-2,6,0
,-3,-7,-1,2,-2,-12,-8,1
,2,-2,1,2,0,-9,2,-3
,-2,11,62,21,31,25,5,-1
,2,-6,0,6,5,-5,-3,-2
,0,-19,-4,-1,-8,-32,1,-3
,0,-4,-1,-3,-5,-9,2,1
,-2,-7,-18,1,-10,-11,0,-2
,-5,-10,-24,8,-12,-1,-2,0
,-1,-1,-6,-3,-10,2,-6,2
,-2,11,-4,-4,1,-15,1,-2
,-3,-7,-7,-9,-24,-13,-6,0
,-1,-3,-5,-1,1,-9,-1,-3
,-1,10,47,11,14,25,3,-2
,-3,-7,2,5,0,-5,4,0
,4,-18,-11,2,-1,-24,-1,2
,-2,-4,-4,4,7,-10,8,1
,0,-8,-17,-5,-9,-14,-1,4
,4,-15,-13,6,1,12,-4,-2
,-4,-1,-12,-8,-2,-2,-4,-6
,1,9,-3,-1,-2,-3,4,-3
,0,-6,-47,-13,-36,-13,-9,0
,-3,-2,-3,0,-2,-9,-4,-1
,5,7,22,5,2,13,7,2
,2,-7,-7,0,-7,-10,7,2
,2,-16,-2,2,2,-17,6,2
,0,-3,-10,5,12,-11,12,5
,-3,-6,-16,-3,-2,-13,-5,-1
,2,-25,2,1,-2,-26,-5,-1
,-2,-1,-5,-6,2,-7,-8,-2
,1,10,-2,-3,-7,27,-1,3
,-1,-4,-38,-16,-23,-9,-14,0
,-3,-1,-7,-1,-3,-4,-1,0
,2,5,14,2,2,-1,3,-2
,1,-8,-7,5,-9,-19,10,5
,1,-16,-3,0,3,-11,6,0
,0,-2,-7,4,22,-5,4,2
,-3,-6,-5,1,1,-9,-1,-3
,0,-28,1,-6,-38,-77,-4,1
,-2,-1,-5,-3,1,-10,-5,6
,4,11,-7,0,-13,17,1,2
,-1,-3,-25,-7,-10,-7,-5,-1
,2,-1,-5,-3,3,-1,2,-3
,4,13,2,4,10,-13,4,0
,-2,-7,-10,1,-12,-15,5,-4
,0,-10,0,4,1,-6,3,2
,-2,-2,23,11,21,0,0,1
,0,-7,-3,4,0,-8,1,1
,1,-29,-44,-22,-36,-63,-5,0
,5,-1,-2,-7,1,-9,-3,-1
,2,10,-16,-4,-6,12,-3,1
,-4,-2,-10,1,-3,-3,-4,-1
,-3,-1,5,4,2,0,3,-1
,3,14,-12,1,22,-24,2,2
,-1,-6,-17,2,-5,-10,3,-3
,-4,-8,-5,-3,0,-6,3,0
,0,-3,31,8,10,-2,2,-1
,-1,-7,2,4,-6,-8,-1,-1
,0,-32,-37,-13,-24,-45,-6,-2
,-1,-3,-3,-1,-2,-7,-2,2
,-4,5,-9,-1,-4,4,-2,-3
,-2,-5,0,6,3,2,1,0
,2,-1,0,-4,3,-3,1,0
,2,20,6,0,26,-2,7,0
,-1,-5,-9,-1,-1,-6,-1,1
,-3,-4,-1,5,-3,-6,0,1
,-1,-3,16,2,-3,-5,7,-1
,1,-9,-6,0,-11,-11,3,-2
,-2,-30,-23,-1,-13,-27,-5,0
,0,-4,-5,-6,-8,-7,1,2
,1,2,-10,-3,-2,-2,-2,-6
,-1,-11,8,4,12,-10,-8,-4
,1,0,-1,-5,2,-8,-1,-2
,-4,20,33,10,13,40,4,0
,2,-3,-6,1,2,-5,0,2
,-1,-3,-5,-1,-8,-4,-1,-3
,3,-5,2,0,-14,-7,9,4
,-3,-9,-14,2,-12,-18,-1,-6
,-2,-25,-15,5,-6,-14,1,2
,-1,-5,-9,-2,-10,-6,-1,-4
,-2,-1,-6,-1,0,-7,-6,3
,-2,-17,12,-12,-49,-36,-9,1
,-2,-1,-3,-5,1,-10,-7,3
,-2,24,20,5,0,45,1,-1
,-5,-3,-4,3,3,-8,6,-4
,4,-2,-13,-2,2,-5,-8,-2
,0,2,-5,8,13,-10,12,1
,4,-9,-15,1,-11,-20,5,-1
,-2,-24,-9,4,1,-3,-5,0
,3,-4,-13,-5,1,-7,3,0
,-1,-4,-6,1,-4,-7,-3,0
,-1,-18,-82,-39,-66,-43,-17,-7
,0,0,-5,-2,0,-10,-7,-1
,3,24,3,3,2,29,2,-1
,2,-5,-3,4,-1,-10,-1,1
,2,-2,4,3,4,-5,2,3
,0,8,-19,9,25,-14,11,1
,-2,-8,-18,1,-3,-14,8,-6
,-2,-23,-4,6,1,-22,1,-2
,-2,-4,3,1,4,-10,-3,-3
,6,-5,-3,-4,-6,-8,-2,-2
,-2,-17,-66,-28,-48,-28,-14,0
,-2,0,-5,-6,-3,-4,-2,-1
,-1,16,8,2,2,12,4,-1
,0,-5,2,3,-2,-11,2,1
,4,-3,0,4,6,-6,3,2
,6,9,-6,8,48,-5,8,-1
,0,-6,-4,3,3,-7,2,6
,1,-21,0,0,-4,-41,-1,-3
,-2,-4,0,1,1,-12,-2,-3
,-1,-5,-6,-6,-14,-9,-6,-1
,1,-14,-45,-7,-28,-15,-5,-4
,-1,1,-3,-6,-5,1,3,-1
,0,13,1,-1,1,-1,4,-1
,3,-6,1,2,-3,-11,-1,-2
,-2,-2,2,2,1,-8,-1,3
,3,10,50,21,37,20,5,-1
,-3,-6,-1,4,5,-5,-1,0
,2,-19,-3,-3,-8,-34,-2,2
,-1,-4,0,1,-4,-9,2,2
,0,-5,-17,-5,-11,-11,-7,1
,-1,-11,-27,-2,-14,-4,-5,2
,-4,0,-5,0,-10,2,-1,-1
,1,11,-2,0,1,-13,4,0
,-3,-6,-6,0,-15,-13,-8,3
,0,-3,-5,-1,0,-8,3,-3
,0,10,50,20,19,27,2,3
,1,-6,2,5,1,-4,5,-4
,-8,-17,-10,1,-3,-25,0,4
,3,-4,-4,3,3,-10,7,0
,-6,-7,-17,0,-9,-13,0,-1
,2,-14,-14,2,-3,9,-8,-1
,2,0,-11,-7,-5,-1,-2,1
,-1,9,-3,-4,-1,1,-3,1
,-2,-6,-32,-15,-38,-12,-9,-4
,-3,-2,-3,0,-1,-7,0,-3
,2,7,27,7,4,14,2,-2
,-3,-7,-4,3,-5,-10,5,1
,1,-16,-4,1,2,-18,0,-2
,1,-3,-8,1,10,-11,5,-1
,-1,-6,-15,-1,-4,-12,-2,-2
,-1,-21,-2,2,11,-17,-3,-3
,-1,-1,-7,-9,3,-6,-9,0
,0,10,-1,2,-5,21,1,1
,-5,-5,-40,-16,-28,-9,-10,-1
,-5,-1,-5,2,-5,-6,3,2
,-2,1,13,-3,-3,1,3,-3
,-1,-7,-6,2,-9,-17,6,-2
,3,-16,-1,5,3,-12,4,-3
,-2,-2,-15,3,18,-7,5,1
,2,-5,-7,3,2,-10,0,-2
,-8,-27,10,-4,-22,-63,-4,1
,1,-1,-4,-4,2,-9,-7,0
,0,11,-3,0,-13,18,-2,0
,-2,-3,-31,-7,-14,-7,-9,1
,0,0,-8,1,0,-3,-3,-3
,2,12,6,4,8,-11,12,0
,1,-7,-7,3,-12,-16,6,2
,1,-13,1,5,4,-7,-1,-1
,-1,-2,18,12,22,-2,3,-1
,1,-7,-3,-1,0,-8,-3,1
,1,-28,-46,-21,-41,-68,-9,0
,-3,-1,-4,-8,2,-9,-8,-1
,5,12,-17,-7,-9,12,-1,-4
,-1,-2,-13,0,-6,-4,-6,1
,0,-1,6,4,2,-1,2,-5
,-1,16,-9,0,19,-21,4,-2
,0,-6,-17,-1,-8,-11,5,3
,-3,-9,-5,-3,0,-7,0,0
,3,-3,33,7,14,-3,4,1
,-1,-7,1,1,-4,-9,6,0
,-3,-29,-39,-16,-28,-47,-8,0
,-6,-3,-3,-5,-2,-7,-4,-2
,4,7,-9,1,-5,5,0,0
,5,-3,-1,5,2,2,-3,-1
,-1,-1,0,0,2,-4,-1,1
,3,17,-6,0,25,-7,8,0
,-2,-5,-10,3,-2,-7,-2,1
,-2,-6,-3,1,-2,-6,3,5
,1,-3,20,4,0,-6,7,3
,1,-8,-2,4,-11,-11,-1,-1
,0,-27,-26,-6,-16,-28,-3,-4
,-2,-4,-4,-5,-7,-7,0,-4
,-2,3,-11,-5,-3,-2,0,5
,1,-9,6,5,12,-9,-5,0
,-1,-1,0,-2,2,-8,-3,-3
,3,19,37,19,17,46,4,5
,0,-5,-6,-2,1,-6,-3,4
,2,-4,-2,-1,-8,-3,-4,1
,-2,-5,5,2,-11,-7,9,-3
,-1,-8,-14,-3,-12,-19,3,-2
,-2,-20,-17,3,-8,-14,-7,-3
,-1,-3,-7,-3,-11,-5,2,-1
,-3,1,-6,-2,-1,-5,-6,-3
,2,-14,11,-12,-30,-48,-16,-1
,1,-2,-2,1,1,-9,-2,1
,-1,16,22,4,4,42,1,-1
,-1,-4,-2,-2,2,-10,-1,1
,-3,-2,-12,2,-2,-3,4,0
,2,1,-7,7,15,-12,14,-1
,-1,-7,-13,-3,-11,-18,-1,0
,6,-16,-8,7,0,-42,-4,1
,1,-3,-13,-1,-2,-11,-3,2
,1,-3,-5,-6,-4,-8,-6,2
,-1,-14,-80,-36,-70,-31,-19,1
,2,-1,-1,0,0,-1,-2,-2
,-3,9,1,-5,0,19,0,1
,2,-5,1,-1,-1,-13,-5,-2
,0,-2,7,8,5,-8,11,2
,2,5,16,15,25,15,10,3
,0,-5,-13,-4,-5,-9,-5,-2
,-3,-18,1,6,0,-47,2,-1
,3,-3,6,1,5,-11,1,-2
,-4,-4,-6,-8,-6,-11,-4,-2
,-3,-11,-64,-23,-51,-11,-11,-2
,-4,-1,-1,3,-3,2,3,4
,-2,7,7,-6,3,-3,0,0
,0,-6,-2,-2,-2,-14,-1,-6
,3,-2,3,7,6,-7,3,2
,3,6,58,18,35,28,4,-4
,2,-4,2,7,2,-9,-1,1
,-1,-16,-1,4,-3,-30,0,2
,1,-3,1,1,1,-11,4,-1
,4,-4,-15,-5,-11,-14,-4,-6
,1,-8,-37,-8,-32,3,-10,-4
,0,-1,-3,1,-5,-2,0,1
,0,14,1,1,2,16,0,-2
,0,-5,-6,0,-2,-12,-7,1
,5,-2,3,7,3,-7,1,-1
,4,7,47,17,39,13,5,1
,1,-6,3,5,4,-14,3,-5
,-1,-19,-9,2,-6,-19,-1,1
,-5,-3,-1,0,4,-10,4,-1
,-4,-5,-13,-10,-11,-12,-8,-3
,0,-6,-21,-3,-16,-49,-5,0
,3,0,-10,-5,-7,-8,0,0
,-3,14,2,-1,0,21,-1,-4
,0,-5,-5,-5,-14,-10,-9,1
,-2,-3,0,0,1,-3,0,-3
,-3,7,27,8,21,-1,5,4
,2,-7,4,7,1,-18,8,2
,-1,-19,-7,1,-4,-12,3,4
,2,-4,-6,1,4,-3,5,4
,1,-5,-11,-7,-9,-10,-2,2
,3,-14,-10,0,-5,-77,3,0
,-2,0,-9,-8,-5,-10,-7,-5
,1,15,2,-1,-1,18,-1,1
,-1,-4,-40,-17,-32,-7,-12,-4
,-4,-2,0,0,-1,0,1,-2
,3,2,9,-4,6,-14,5,1
,-1,-8,-4,5,-4,-14,6,-2
,-2,-16,1,2,1,-9,-2,-1
,2,-3,5,6,8,-1,7,1
,0,-4,-8,0,-5,-9,1,2
,3,-21,7,0,4,-57,2,5
,-3,0,1,-2,1,-9,-7,1
,2,14,-4,-2,-5,11,-1,-2
,-2,-2,-32,-13,-29,-1,-6,0
,1,-1,-4,1,-4,-2,2,2
,3,7,2,-1,6,-7,12,-2
,-2,-7,-8,2,-8,-8,4,1
,-1,-16,2,5,4,-8,2,1
,0,-3,15,5,11,-4,5,3
,-4,-5,0,-2,-1,-12,-2,-3
,0,-28,-11,-1,-18,-36,-3,-1
,0,0,1,-2,2,-7,-5,-1
,-1,14,-10,-2,-9,2,-3,-4
,-1,-2,-18,-4,-18,-2,-7,4
,2,1,-1,-4,-1,-6,2,1
,4,13,-1,3,12,19,7,-2
,3,-7,-12,1,-9,-6,3,1
,1,-11,3,7,2,-6,5,-5
,-2,-1,24,5,21,-6,6,-4
,0,-5,1,-2,-1,-15,0,3
,-3,-26,-43,-15,-40,-21,-8,0
,0,-1,1,-5,1,-7,-3,-3
,-3,11,-12,-2,-9,-4,-5,1
,-7,-2,-6,-2,-7,-25,1,-1
,0,-1,3,1,4,-9,0,1
,-1,16,19,7,16,50,3,5
,-2,-5,-10,1,-9,-7,1,2
,2,-11,1,2,-1,-3,1,-3
,-2,-2,19,2,15,-8,7,-1
,-1,-7,-2,0,-4,-21,8,-1
,2,-26,-32,-6,-29,-7,-5,-4
,2,-2,1,-2,-2,-6,-4,1
,-2,7,-4,0,-4,-6,1,-2
,0,-7,-3,-3,1,-46,1,-3
,3,0,2,-3,3,-10,-5,-1
,-1,17,33,11,19,36,4,2
,-1,-5,-3,2,-2,-10,2,-4
,1,-9,0,-2,-2,-5,-2,-1
,3,-3,4,0,1,-13,3,0
,2,-8,-11,0,-9,-16,5,-3
,1,-20,-19,3,-17,-9,-6,-1
,6,-2,-6,-2,-7,-9,0,-6
,-1,6,-4,-6,-3,-8,-3,-1
,1,-11,8,5,11,-35,-4,-2
,-2,-1,1,-5,2,-8,-3,-1
,-2,19,20,8,18,20,1,2
,3,-4,-1,4,0,-11,0,0
,1,-7,-8,2,-7,-5,-2,-4
,3,-1,-7,-1,3,-14,7,-1
,-4,-7,-13,2,-11,-11,2,1
,-6,-18,-10,-2,-8,-39,1,-5
,2,-2,-11,-7,-9,-12,0,-2
,-1,4,-3,-1,-3,-9,-1,-4
,1,-12,-5,-6,-22,-21,-12,0
,-2,0,2,-2,1,-1,-5,1
,-1,16,7,-2,6,6,-1,3
,1,-5,2,7,0,-12,3,3
,0,-6,-6,-1,-3,-8,-1,0
,-7,2,-18,3,13,10,5,-1
,1,-6,-13,3,-11,-6,-3,-2
,-1,-22,-4,0,-3,-39,-1,-1
,-1,-2,-8,-3,-4,-11,-4,0
,3,1,1,0,-4,-10,-3,5
,-4,-11,-75,-26,-71,-9,-9,4
,0,0,-1,-7,-1,2,-5,-6
,0,14,-2,-8,0,-7,6,0
,4,-5,3,1,-2,-12,5,-3
,1,-5,6,3,5,-9,-1,-4
,3,6,18,11,22,24,5,4
,4,-5,-10,0,-7,-5,-1,0
,2,-24,4,3,-1,-28,-4,3
,1,-2,5,-2,5,-10,0,8
,2,0,-5,-2,-7,-12,0,-2
,-4,-10,-59,-18,-54,4,-11,-3
,-1,1,0,-5,-3,0,0,1
,0,14,3,-3,4,-6,3,-5
,4,-6,-2,9,-2,-12,1,4
,1,-5,4,3,5,-8,5,-2
,0,7,44,13,29,19,8,3
,-5,-5,1,2,2,-8,2,2
,0,-21,-2,2,-3,-20,-1,0
,-2,-2,2,1,1,-11,-4,4
,4,-1,-12,-5,-10,-14,-4,-2
,1,-7,-36,-7,-33,2,-6,-1
,-4,0,-5,-4,-6,-4,-1,2
,0,16,0,0,2,8,6,-1
,3,-5,-4,2,-1,-11,-2,-2
,-1,-4,3,-2,3,-9,4,-3
,-1,7,46,10,39,7,0,-5
,-1,-5,3,4,4,-13,4,1
,-5,-21,-7,2,-6,-14,0,-1
,1,-3,-1,-1,-2,-10,1,-4
,-3,-2,-14,-5,-12,-11,0,-3
,1,-6,-20,-6,-18,-43,-6,-2
,-3,0,-9,-7,-8,-9,-6,-5
,0,17,0,0,1,23,2,4
,-1,-5,-5,-4,-15,-9,-5,-2
,-2,-5,0,4,0,-4,0,0
,2,6,29,4,25,-5,3,3
,-2,-7,4,9,2,-19,6,-2
,-2,-20,-7,-2,-5,-9,-1,-3
,-1,-4,-6,3,2,-4,7,2
,-2,-3,-10,-4,-10,-9,-1,-2
,-5,-14,-9,-2,-5,-75,1,-1
,-2,0,-10,-8,-6,-10,-9,2
,-5,15,2,0,-2,15,2,-8
,-1,-4,-38,-14,-31,-6,-5,5
,-1,-3,0,-2,-1,-1,-3,-4
,2,2,9,-4,9,-17,4,7
,-3,-7,-3,5,-4,-14,6,2
,0,-20,1,6,0,-7,-1,-3
,1,-3,3,2,7,-2,5,1
,-2,-3,-8,-5,-6,-9,-4,2
,2,-21,7,-2,5,-55,-3,1
,-2,1,0,-6,0,-8,-5,2
,0,15,-3,-4,-4,9,0,3
,-2,-3,-33,-9,-31,-1,-10,-3
,3,-1,-4,-2,-5,-3,-1,-1
,2,8,2,0,2,-24,3,-2
,0,-7,-7,4,-8,-9,4,0
,-3,-13,1,1,3,-7,2,2
,1,-2,18,6,12,-4,6,1
,-3,-4,0,4,-1,-8,0,6
,-2,-25,-6,0,-15,-37,-7,-1
,2,0,2,1,2,-8,0,-2
,0,15,-10,-2,-10,1,3,2
,-1,-2,-19,-4,-18,4,-5,-4
,2,0,-2,-4,-1,-6,4,4
,0,14,3,1,13,22,2,-2
,-1,-6,-11,1,-10,-5,1,-1
,4,-14,4,4,3,-4,3,-3
,-2,-1,23,7,19,-5,-1,0
,0,-6,1,1,-1,-15,2,-3
,2,-25,-44,-11,-42,-23,-7,1
,-3,0,2,-3,1,-6,-2,-3
,3,11,-12,-4,-10,-4,-5,-3
,-1,-3,-7,0,-8,-24,-3,-1
,-2,-1,3,-2,3,-8,-3,-2
,3,13,10,6,13,37,4,4
,0,-5,-11,-2,-9,-7,1,-2
,-5,-14,-1,5,-2,-5,1,4
,-1,-2,20,6,17,-8,-3,0
,-1,-6,0,1,-3,-18,3,2
,0,-25,-33,-6,-30,-9,-6,1
,4,-2,0,-2,-2,-7,-1,1
,2,9,-5,-1,-5,-6,-3,3
,0,-5,-2,0,1,-42,2,-1
,1,0,2,1,3,-10,-3,0
,0,18,28,6,16,38,4,0
,0,-4,-4,2,-3,-10,0,-1
,-2,-10,0,-1,-2,-3,-2,1
,-3,-2,6,4,4,-12,5,0
,-1,-7,-9,0,-7,-17,9,3
,2,-20,-20,-4,-18,-8,-1,-1
,-1,-2,-4,0,-5,-7,2,3
,-2,6,-4,-2,-4,-8,-4,-3
,-2,-11,6,3,10,-37,-8,-4
,-2,-1,2,-1,3,-8,-3,4
,-4,20,23,5,21,23,-3,-5
,3,-4,-1,0,1,-11,3,2
,0,-8,-6,2,-5,-5,2,-2
,0,-1,-5,-2,3,-14,9,-1
,2,-7,-12,1,-11,-11,-1,-3
,-1,-17,-11,-4,-9,-32,3,-4
,2,-2,-10,-4,-9,-12,0,1
,-3,4,-2,-4,-2,-9,-1,-5
,-1,-13,-15,-10,-30,-22,-9,4
,-1,0,1,-3,1,-2,-3,0
,4,17,8,3,7,7,3,1
,5,-5,2,4,0,-11,6,-2
,2,-6,-4,-3,-1,-7,-1,2
,2,2,-17,7,12,10,10,0
,0,-6,-13,-1,-11,-7,6,0
,-2,-24,-4,1,-3,-41,-2,1
,-4,-2,-6,-3,-3,-10,-6,-1
,-1,2,0,-1,-4,-11,0,4
,-1,-12,-75,-28,-65,-10,-14,-6
,-1,1,-1,-2,-1,2,3,-4
,-2,11,0,-3,2,-6,2,-1
,6,-6,3,5,-1,-13,1,-1
,5,-4,5,5,4,-8,-1,-1
,1,5,12,8,18,23,2,-3
,3,-5,-9,-1,-8,-5,1,-2
,4,-23,3,6,-1,-30,1,1
,1,-3,5,0,3,-10,-5,2
,2,1,-4,-1,-6,-12,1,1
,-5,-10,-58,-16,-54,3,-7,-3
,-6,1,-1,1,-3,0,-5,-3
,-2,15,4,-4,3,-5,5,-1
,0,-5,-1,3,-2,-12,-1,-1
,2,-6,4,5,6,-8,1,2
,-2,7,42,10,26,20,2,3
,-4,-6,1,-2,1,-8,-1,1
,-3,-21,-1,1,-3,-21,-2,-1
,-2,-1,3,0,2,-10,-1,0
,-5,-1,-11,-8,-9,-13,-1,0
,-2,-9,-38,-6,-36,5,-8,2
,1,1,-4,-3,-5,-3,2,-2
,8,18,1,1,3,8,3,2
,-1,-5,-4,-3,-1,-11,4,2
,2,-5,4,2,3,-9,3,-4
,-5,6,48,17,43,8,4,1
,-3,-6,3,4,4,-13,2,-4
,1,-21,-7,3,-5,-15,-3,-2
,2,-2,-1,-1,-2,-11,-1,-4
,-3,-1,-14,-2,-12,-11,-4,-1
,-2,-6,-21,-7,-19,-46,-7,-2
,-2,0,-8,-5,-7,-8,-5,-1
,4,17,1,2,1,22,4,-7
,0,-5,-5,-2,-15,-9,-7,0
,0,-5,0,-1,0,-3,4,-1
,0,6,30,10,26,-5,2,-3
,-3,-7,4,8,2,-19,6,7
,-1,-21,-7,1,-5,-9,5,2
,0,-3,-5,4,6,-3,5,0
,1,-3,-11,-3,-10,-9,1,-1
,0,-11,-10,2,-5,-75,-6,-1
,-1,1,-10,-7,-5,-10,-10,2
,-2,15,2,-1,-2,15,2,4
,1,-4,-34,-13,-30,-6,-8,-3
,2,-4,0,-1,-1,-2,-2,2
,-1,3,10,-1,9,-16,4,2
,1,-7,-2,6,-5,-13,9,2
,2,-19,1,2,0,-7,0,-2
,-4,-3,2,1,6,-2,6,1
,1,-3,-8,-3,-6,-9,-2,1
,-1,-23,5,0,2,-57,-1,0
,-3,1,-1,-9,0,-9,-8,6
,0,16,-2,-5,-4,9,0,-1
,-1,-3,-33,-14,-31,-2,-12,0
,-1,-1,-4,1,-4,-2,-1,2
,-1,8,3,-5,8,-26,8,-4
,2,-8,-7,3,-7,-10,5,3
,-3,-17,2,1,3,-7,-2,0
,-3,-1,16,4,13,-4,4,-6
,2,-4,-1,-1,-2,-8,-2,3
,-5,-26,-8,-3,-16,-39,-10,-1
,1,0,2,-5,2,-8,-4,-3
,-4,16,-10,-4,-9,2,-4,4
,1,-3,-20,-1,-19,3,-4,0
,-5,-1,-1,-2,0,-5,-3,-1
,1,13,-9,-1,11,-2,10,3
,1,-6,-13,1,-10,-6,3,-2
,3,-16,2,2,2,-5,2,-1
,-2,-1,26,5,19,-6,3,-2
,6,-6,3,4,-1,-12,3,-2
,-1,-27,-44,-18,-41,-24,-12,-1
,-5,0,0,-5,0,-7,-6,-1
,0,12,-13,-4,-9,-3,-3,0
,-1,-3,-6,4,-7,-4,1,1
,-2,0,3,0,4,-8,-4,1
,-4,17,1,0,11,16,6,1
,-1,-5,-13,0,-9,-6,7,2
,-2,-13,0,4,-1,-6,2,-1
,3,-1,23,6,18,-7,1,-3
,4,-7,1,8,-2,-14,5,0
,0,-29,-34,-7,-31,-15,-6,0
,0,-2,1,-4,-1,-8,-3,0
,4,10,-7,2,-5,-7,0,4
,-2,-5,-1,6,0,-23,3,-3
,3,1,1,-1,3,-10,-6,0
,0,20,23,6,21,38,2,0
,1,-4,-6,3,-3,-7,3,2
,-2,-13,0,1,-1,-4,-2,-1
,1,-1,9,1,4,-9,3,-3
,1,-8,-8,0,-8,-19,5,3
,0,-27,-21,-2,-18,-5,-4,-3
,-4,-2,-4,-7,-5,-7,-8,-1
,-1,9,-6,1,-3,-9,1,-1
,-1,-9,6,-1,10,-40,-4,5
,0,1,0,-4,3,-11,-2,-2
,-3,20,26,15,20,37,-1,-1
,-4,-4,-4,2,1,-9,2,2
,2,-11,-7,0,-6,-6,-5,-4
,1,-3,-1,-1,-8,-12,7,1
,-3,-8,-14,-3,-11,-18,3,0
,-5,-20,-13,6,-9,-6,-5,-1
,0,-2,-10,-4,-9,-9,-1,-4
,-2,7,-5,-1,-1,-9,0,-2
,1,-12,15,-2,-14,-38,-8,0
,-2,-1,0,-3,1,-9,-1,-4
,-1,19,14,7,8,22,-1,3
,-1,-4,0,6,2,-11,0,-3
,1,-8,-11,-1,-4,-5,3,1
,2,0,-11,2,12,-14,13,1
,-2,-7,-13,-2,-11,-12,-1,2
,-1,-21,-6,1,-2,-35,-1,-1
,-1,-2,-12,-9,-5,-12,-9,2
,1,3,-2,-6,-4,-9,0,-1
,4,-13,-79,-32,-73,-23,-12,-2
,-1,0,-1,0,0,-2,1,0
,-3,14,-2,-3,0,8,3,3
,0,-6,2,1,-2,-12,0,0
,-5,-5,6,2,6,-8,3,4
,1,5,4,6,21,12,6,0
,3,-5,-13,-3,-8,-8,1,-1
,0,-20,1,2,0,-39,-2,-4
,-2,-2,5,0,5,-11,0,-3
,-1,-1,-3,-3,-6,-12,-2,-3
,-4,-11,-63,-25,-56,-8,-15,-5
,1,-1,-1,2,-3,2,2,5
,2,12,5,-5,4,-8,3,0
,0,-5,0,-2,-1,-13,5,1
,1,-4,2,6,5,-9,5,-2
,1,7,47,14,36,28,10,1
,-3,-4,1,2,2,-7,-4,-5
,1,-21,0,7,-2,-27,-4,2
,0,-2,1,-1,1,-11,1,2
,2,-2,-13,-9,-11,-14,-6,-1
,3,-10,-38,-5,-34,5,-8,-4
,-1,0,-3,-6,-5,-2,2,2
,0,12,0,-1,2,13,3,-1
,-3,-6,-5,1,-3,-12,-10,-4
,0,-3,3,1,3,-7,8,4
,2,7,51,14,37,13,7,3
,4,-5,2,6,3,-13,1,0
,1,-17,-8,-3,-7,-18,0,3
,0,-3,-1,6,1,-10,6,1
,1,-2,-14,-6,-12,-12,-4,3
,3,-5,-22,-1,-19,-39,-2,1
,1,-1,-9,-7,-8,-7,-1,-1
,-3,14,1,3,0,25,-2,-1
,-2,-5,-2,-3,-10,-9,-4,1
,1,-4,0,-2,0,-4,0,2
,-3,5,31,10,25,-2,3,-2
,1,-6,4,8,2,-19,5,-2
,2,-17,-8,2,-5,-11,7,-1
,-1,-4,-5,2,6,-4,1,-3
,-2,-4,-11,-3,-11,-10,-2,0
,1,-13,-11,-5,-6,-70,-2,-4
,0,0,-10,-5,-5,-9,-5,2
,2,14,2,3,-2,17,5,3
,-1,-4,-38,-12,-30,-6,-5,4
,3,-3,0,0,-1,-2,-1,1
,0,2,11,0,9,-14,0,-1
,-3,-7,-3,2,-4,-14,10,-2
,-1,-16,1,6,0,-8,3,0
,1,-3,5,4,8,-2,3,-1
,3,-3,-9,-4,-6,-9,-4,-3
,2,-20,5,2,5,-59,-10,1
,2,0,0,-5,1,-8,-7,0
,-4,15,-3,1,-4,10,4,-2
,0,-3,-34,-14,-31,-1,-13,-2
,2,-1,-4,-4,-5,-2,2,-3
,4,6,3,-7,8,-5,8,0
,-2,-7,-7,3,-7,-9,2,-5
,0,-16,1,7,4,-6,3,-2
,2,-2,16,7,9,-3,6,-3
,-1,-4,-1,4,-2,-11,0,2
,-3,-22,-3,-3,-13,-39,-7,3
,2,1,2,-3,2,-7,-5,-7
,2,13,-10,-4,-9,2,-2,-4
,1,-3,-20,-7,-20,1,-4,-3
,3,0,-3,-1,-1,-5,3,3
,-1,11,-5,5,10,14,8,2
,-5,-5,-12,2,-9,-5,3,6
,0,-13,3,3,3,-7,-3,-2
,0,-2,24,5,17,-6,1,0
,-4,-5,2,0,-1,-13,2,4
,2,-25,-45,-14,-42,-24,-8,0
,-2,-1,1,1,0,-8,-3,3
,-2,11,-14,-8,-10,-4,2,4
,-2,-2,-7,0,-8,-24,1,0
,2,0,4,0,4,-8,-1,2
,2,14,11,4,10,40,1,3
,2,-5,-12,-2,-10,-7,-4,-1
,-2,-15,0,1,-1,-3,-1,0
,1,-2,21,7,18,-8,-2,-1
,-1,-7,-1,5,-3,-20,2,-4
,-3,-23,-34,-3,-31,-9,1,-2
,2,-1,1,-2,-2,-6,-4,0
,-2,11,-5,1,-6,-6,-4,-4
,-1,-6,-3,2,1,-43,2,-1
,3,0,2,-4,3,-10,-8,2
,1,16,25,5,13,38,4,-1
,2,-5,-4,-3,-4,-9,-2,-2
,2,-11,0,-2,-2,-5,-2,-4
,-3,-3,7,-4,5,-12,5,0
,-3,-7,-8,-1,-11,-17,5,1
,-4,-19,-21,3,-19,-8,-2,1
,-2,-2,-5,-2,-6,-8,0,-2
,0,8,-5,-5,-5,-8,1,2
,-2,-10,7,-1,11,-37,-4,-6
,-5,-1,2,-2,3,-8,-2,1
,3,17,24,7,19,22,0,2
,-1,-5,-2,10,0,-11,1,0
,-3,-9,-6,-2,-5,-5,-2,-1
,1,-4,-5,-2,4,-14,9,3
,-3,-7,-12,-2,-10,-11,3,4
,3,-17,-12,3,-10,-30,-1,-2
,2,-1,-9,-5,-8,-11,-4,2
,1,5,-3,-3,-3,-8,4,-1
,-5,-12,1,-6,-19,-23,-9,-3
,-1,-1,1,-3,1,-2,-3,1
,0,17,11,3,9,8,3,-2
,4,-5,1,7,0,-11,0,-1
,-3,-7,-7,-1,-3,-7,1,-1
,1,1,-15,3,10,7,6,0
,-3,-6,-12,2,-10,-7,-3,0
,3,-18,-5,1,-4,-41,-2,5
,-5,-2,-9,-5,-5,-11,-1,0
,-1,2,0,1,-4,-11,2,-8
,-1,-12,-76,-28,-66,-10,-12,1
,-3,0,0,-4,-2,2,0,0
,-4,14,-1,-3,2,-5,2,0
,-1,-6,3,3,-2,-13,2,-2
,0,-6,6,2,4,-8,-2,0
,3,4,15,7,18,22,5,-5
,2,-5,-11,0,-8,-5,3,0
,-5,-22,3,-2,-1,-30,-1,-1
,-2,-2,6,0,4,-10,0,-2
,0,0,-5,-3,-6,-12,-2,-1
,1,-10,-60,-20,-57,2,-11,1
,-2,0,-1,0,-3,0,-3,4
,-1,17,4,0,5,-5,5,-2
,-1,-6,-2,4,-2,-12,0,2
,5,-4,4,1,5,-8,-2,-1
,1,6,32,11,20,20,4,3
,5,-6,1,0,0,-8,5,1
,-3,-22,-1,5,-2,-21,-6,-3
,2,-2,2,1,2,-11,0,3
,0,-1,-9,-5,-8,-13,-4,-1
,-2,-9,-39,-7,-38,7,-7,1
,-4,1,-4,0,-5,-3,-1,0
,2,19,1,2,3,8,3,-2
,0,-5,-3,3,0,-11,0,2
,0,-3,4,2,4,-9,-1,1
,0,8,50,12,43,8,1,-3
,1,-6,3,4,4,-13,4,-5
,0,-22,-6,0,-4,-15,-4,-5
,0,-2,0,2,-2,-11,3,-2
,-1,-1,-15,-3,-13,-11,-1,0
,-2,-6,-23,0,-21,-33,-4,0
,0,1,-7,-4,-6,-8,-2,-1
,-4,16,0,0,1,20,-1,2
,-6,-5,-3,-6,-10,-9,-7,-3
,0,-4,-1,-3,2,-5,-2,0
,1,6,34,10,29,-3,3,-2
,-1,-6,4,4,3,-18,7,4
,6,-19,-9,6,-6,-10,-1,0
,1,-3,-5,2,4,-5,1,-1
,-2,-1,-11,-5,-10,-9,1,1
,-6,-13,-11,1,-7,-76,1,-4
,-2,1,-11,-9,-7,-9,-4,-1
,-2,16,1,0,-2,15,-3,6
,-2,-3,-34,-11,-30,-6,-11,-2
,-3,-4,1,0,-1,-1,-5,-4
,0,3,12,-3,12,-15,3,-1
,2,-8,-2,9,-4,-15,7,1
,0,-16,0,6,0,-7,-1,-2
,1,-2,4,8,7,-1,5,-1
,-4,-2,-9,-3,-8,-9,4,3
,0,-20,4,2,2,-59,-4,-3
,3,0,-1,-9,-1,-9,-8,4
,5,13,-2,-2,-3,10,-3,0
,1,-3,-34,-9,-32,-1,-9,1
,1,-3,-4,-3,-4,-3,2,-2
,-4,6,3,-3,8,-13,8,1
,-1,-7,-7,3,-9,-9,4,3
,0,-14,1,4,3,-7,4,2
,-4,-2,15,8,11,-4,9,3
,-1,-4,-1,2,-2,-10,-1,1
,-3,-23,-14,-5,-20,-38,-9,-1
,-3,0,0,-4,0,-7,-9,1
,3,13,-10,-6,-10,2,-3,-2
,1,-3,-19,-3,-19,2,-10,2
,0,-1,0,0,1,-5,1,0
,4,12,1,3,12,16,7,-2
,-1,-6,-12,3,-10,-5,6,0
,3,-16,2,3,2,-6,2,2
,3,-1,25,9,19,-5,2,-1
,-2,-5,0,0,-2,-14,0,-7
,0,-24,-43,-9,-42,-23,-4,0
,0,0,1,-3,0,-7,-2,-1
,-2,9,-12,-7,-8,-4,-2,-2
,5,-3,-7,0,-8,-23,-6,1
,-2,-1,4,-1,3,-8,-6,-4
,-1,15,16,9,16,38,5,-5
,1,-4,-10,0,-10,-7,4,0
,-6,-12,0,2,-2,-4,4,0
,0,-2,20,7,17,-8,-1,-1
,0,-6,-2,2,-3,-19,4,2
,-1,-24,-33,-4,-29,-9,-6,1
,0,-2,1,-1,-2,-6,-4,1
,-1,12,-4,-5,-5,-6,-3,4
,1,-5,-3,3,0,-41,-1,-2
,-1,0,2,2,4,-10,-5,-3
,4,17,29,10,17,38,3,2
,-2,-5,-3,0,-3,-9,-2,3
,-2,-13,0,-4,-2,-4,-1,1
,2,-2,6,0,4,-12,4,-2
,3,-8,-10,2,-7,-17,0,-4
,-1,-20,-20,2,-18,-8,-4,-7
,-1,-2,-5,-7,-6,-7,3,-2
,0,11,-4,-3,-3,-7,-1,-4
,0,-10,7,3,10,-37,-2,1
,-1,-1,2,0,3,-8,0,2
,-1,19,22,8,20,22,-3,-2
,3,-4,-1,4,1,-11,3,2
,-5,-10,-7,2,-6,-5,-1,2
,-1,0,-6,-3,2,-14,13,-1
,-1,-7,-13,2,-11,-11,-1,-1
,1,-15,-11,6,-9,-31,-1,3
,-4,-1,-10,-5,-9,-11,-6,-2
,-1,5,-2,1,-2,-8,-2,-1
,0,-12,-7,-9,-22,-23,-8,-4
,4,-1,1,-1,2,-2,-5,0
,1,18,9,1,7,8,3,-1
,1,-5,2,5,1,-11,4,-7
,2,-7,-6,0,-3,-7,0,1
,1,0,-17,3,12,8,10,0
,-3,-6,-13,-4,-11,-6,0,-5
,-1,-19,-4,4,-3,-41,-2,0
,1,-1,-8,-6,-4,-10,-7,-2
,-3,1,0,-6,-4,-11,3,-2
,-5,-11,-75,-27,-67,-10,-14,0
,1,0,-1,-6,-1,2,-1,1
,0,15,-1,-5,1,-6,8,-6
,-3,-5,3,4,-2,-13,2,-1
,4,-6,6,3,4,-8,1,-2
,1,5,19,9,20,22,5,-3
,-2,-4,-10,2,-7,-5,4,-3
,-2,-24,3,1,-1,-30,-3,-2
,0,-2,5,4,3,-10,-2,-1
,3,0,-5,-2,-7,-11,-4,2
,-1,-9,-59,-16,-55,2,-9,-2
,-1,1,0,-5,-3,0,1,-3
,1,17,4,3,4,-3,8,0
,5,-5,-2,6,-2,-12,1,3
,-2,-5,4,-2,5,-8,-1,-1
,1,7,41,12,28,20,3,0
,1,-6,1,0,1,-8,0,-4
,-7,-21,-2,-3,-3,-21,-2,-3
,-1,-1,2,0,1,-10,0,-2
,0,0,-11,-2,-9,-13,-5,-4
,2,-9,-37,-11,-35,2,-2,1
,0,0,-5,-1,-5,-3,1,-2
,1,18,0,3,2,8,4,0
,0,-5,-4,0,-1,-11,1,1
,1,-5,3,1,3,-8,-2,2
,-1,7,47,12,41,8,2,1
,-1,-6,3,8,3,-13,6,4
,4,-20,-7,3,-5,-15,0,6
,-2,-2,-1,-1,-2,-10,1,-2
,2,-2,-15,-6,-12,-11,-6,-6
,-3,-6,-21,-1,-19,-34,-8,1
,-1,1,-8,-8,-7,-8,-2,1
,2,18,1,3,1,23,5,2
,0,-5,-12,-3,-19,-8,-6,2
,-4,-5,0,-3,0,-4,-1,-1
,-4,6,28,8,25,-4,1,1
,2,-7,2,7,1,-18,11,-2
,-2,-19,-6,1,-4,-10,0,-1
,4,-3,-6,4,5,-5,8,6
,1,-2,-11,-1,-11,-9,-1,0
,-5,-14,-8,-4,-4,-76,-3,4
,1,0,-9,-8,-4,-9,-9,-3
,0,16,1,0,-3,14,2,-3
,-4,-4,-36,-13,-29,-5,-11,-1
,-2,-4,-1,-1,-2,-1,-1,-2
,0,2,10,1,10,-16,5,-2
,0,-8,-3,8,-5,-14,8,-4
,3,-17,1,4,0,-7,2,3
,0,-2,5,3,7,-1,-2,0
,0,-1,-8,2,-6,-8,-1,2
,1,-21,7,-1,4,-57,-7,-2
,0,0,0,-7,0,-8,-7,-6
,0,13,-4,-4,-4,9,-3,-1
,0,-3,-32,-14,-30,-1,-4,-1
,-1,-3,-4,-1,-5,-2,-4,0
,5,6,2,0,7,-12,3,-2
,3,-6,-8,0,-7,-8,6,-1
,-2,-14,2,5,4,-6,2,-3
,2,-1,16,7,10,-4,2,3
,1,-3,0,-1,-5,-10,-3,3
,-4,-22,-7,2,-17,-38,-6,-1
,1,0,2,-2,1,-7,-6,-1
,3,14,-10,-4,-9,1,-2,4
,-6,-2,-19,-7,-18,2,-6,-4
,3,-1,-2,2,-1,-5,1,-2
,-4,13,2,6,12,23,10,3
,2,-6,-11,2,-10,-5,3,2
,-2,-15,3,3,3,-5,6,-1
,0,-1,23,7,18,-5,4,1
,-2,-5,1,1,-1,-15,-1,2
,-2,-23,-43,-13,-41,-23,-11,-1
,2,0,1,0,1,-7,0,3
,0,11,-12,-6,-9,-4,-4,3
,1,-3,-7,2,-8,-23,-4,0
,2,-1,4,3,3,-8,0,-2
,-1,17,12,7,11,43,7,-3
,-4,-4,-11,0,-9,-6,-1,-3
,-2,-13,0,0,-2,-5,3,1
,-1,-1,20,4,17,-8,4,1
,0,-6,-1,2,-2,-19,1,-1
,1,-23,-33,-3,-30,-9,-4,-3
,1,-2,1,-6,-2,-7,2,-3
,-4,12,-5,-1,-5,-5,0,-2
,-1,-6,-2,3,1,-40,-2,-2
,1,1,2,-1,3,-9,-3,7
,1,18,29,9,15,35,2,-1
,-3,-4,-4,-4,-3,-8,1,1
,-3,-12,0,-2,-2,-4,-4,0
,1,-1,6,2,4,-12,4,2
,-3,-7,-9,0,-7,-16,0,-3
,3,-19,-20,-3,-18,-7,1,-4
,-5,-1,-4,-3,-6,-8,0,0
,2,11,-4,-4,-4,-7,2,-3
,2,-9,7,0,10,-37,-3,2
,-2,-1,2,-1,3,-8,-3,-1
,4,16,22,7,21,20,-1,-1
,1,-4,-1,8,1,-10,3,-4
,1,-11,-6,-1,-5,-4,0,-1
,1,-2,-6,2,1,-8,9,2
,3,-6,-12,-2,-11,-10,5,-2
,1,-16,-11,1,-9,-27,1,3
,-2,-1,-10,-7,-9,-9,-1,4
,-2,6,-2,2,-2,-9,0,-3
,-1,-10,-8,-6,-26,-23,-11,3
,-1,0,1,-4,1,-2,-5,-3
,-2,16,8,3,7,5,8,3
,4,-4,2,4,1,-12,3,-4
,1,-8,-5,1,-2,-6,1,0
,-2,2,1,6,12,12,6,1
,1,-5,-12,-1,-11,-5,-1,-1
,-1,-22,-3,4,-3,-42,-2,-3
,0,-1,-7,-6,-3,-9,-9,-4
,-3,4,-2,-2,-4,-11,2,1
,-2,-11,-74,-29,-63,-9,-16,-1
,2,0,0,0,-1,2,-7,3
,-1,13,-1,-7,2,-8,2,-1
,-1,-6,1,3,-2,-13,5,4
,-5,-6,6,2,4,-7,0,-1
,-5,5,15,11,19,26,8,5
,-3,-4,-9,3,-7,-4,1,-2
,0,-21,1,3,-1,-30,-2,0
,3,-1,6,0,3,-8,0,-2
,3,2,-4,-5,-6,-12,-3,-3
,0,-9,-58,-18,-54,4,-8,-3
,-3,0,-2,-4,-3,0,-2,-2
,1,19,3,-2,4,-3,4,-1
,3,-5,-1,5,-1,-12,2,0
,-1,-6,5,3,5,-7,3,0
,2,6,44,13,29,18,6,-8
,-1,-6,2,-2,1,-8,2,-1
,-2,-22,-1,0,-2,-21,-1,0
,1,-1,3,-1,2,-10,0,1
,-3,-1,-12,-5,-9,-13,-4,-6
,0,-8,-37,1,-35,13,-9,-3
,0,1,-4,1,-5,-4,2,-1
,3,19,1,1,3,10,2,1
,4,-5,-5,0,-1,-10,-3,2
,2,-4,4,5,4,-10,-4,-2
,-3,7,46,6,35,7,0,-5
,-2,-5,4,8,3,-13,7,0
,-1,-20,-7,1,-6,-14,-1,5
,-1,-2,-1,2,-3,-12,1,-1
,1,-1,-13,-4,-11,-11,-3,0
,-5,-4,-21,-2,-19,-34,-6,-2
,-3,1,-9,-6,-7,-7,-4,-4
,2,15,1,1,1,21,-1,-1
,-2,-4,-5,-4,-12,-8,-6,-4
,3,-5,0,2,0,-4,2,3
,0,6,28,9,26,-6,4,-2
,-2,-6,4,5,2,-19,8,3
,-5,-19,-7,0,-4,-9,-1,-2
,0,-3,-6,0,6,-5,2,1
,-1,-2,-10,-2,-10,-8,1,0
,-2,-12,-10,-2,-5,-69,0,1
,2,1,-9,-9,-5,-8,-10,-3
,0,12,2,-4,-2,13,3,-2
,-4,-3,-39,-11,-32,-5,-10,-3
,5,-4,0,1,-1,-2,-1,1
,-2,3,9,0,9,-17,8,5
,2,-6,-3,7,-5,-14,9,2
,-1,-16,1,0,1,-6,3,-4
,-2,-2,4,6,7,-2,8,1
,2,0,-8,-2,-7,-7,-1,-3
,-4,-20,7,0,0,-58,-6,1
,2,1,1,-4,0,-8,-6,-4
,-3,14,-3,0,-4,7,1,-1
,-2,-3,-32,-9,-30,-1,-6,0
,-2,-2,-4,-2,-4,-2,-3,-4
,3,8,2,-6,9,-6,4,1
,0,-6,-7,1,-7,-9,6,-3
,1,-15,2,6,3,-5,1,1
,2,-1,17,5,11,-3,3,-3
,-5,-3,0,0,-2,-10,-1,0
,1,-20,-11,-4,-17,-40,-10,3
,-1,1,2,-5,2,-6,-3,-4
,-1,15,-11,-6,-9,2,-1,0
,-5,-2,-18,-4,-19,0,-5,-4
,-2,-1,-1,-6,-1,-4,1,1
,-1,11,0,3,11,20,3,0
,-1,-5,-12,-2,-12,-4,2,1
,6,-14,3,4,1,-6,-5,-1
,0,-1,24,6,16,-5,3,-1
,1,-4,1,4,0,-14,2,3
,1,-24,-43,-14,-41,-23,-4,-1
,1,0,1,1,-1,-7,-6,2
,-6,9,-12,-8,-9,-4,0,-6
,-2,-2,-6,-1,-8,-20,-5,1
,-2,-1,3,3,4,-8,-1,-2
,1,16,11,7,13,50,3,3
,1,-4,-11,-1,-8,-5,1,-2
,3,-13,0,0,-2,-4,0,0
,5,-1,19,8,17,-7,2,0
,-1,-6,-1,1,-3,-20,3,7
,-3,-21,-32,-1,-30,-9,-8,-4
,1,-1,0,-3,-2,-7,-5,2
,-1,9,-5,0,-5,-6,0,2
,-4,-6,-1,-2,1,-41,1,-2
,1,0,2,-1,2,-8,-5,4
,1,20,31,6,18,35,4,3
,-4,-3,-4,2,-3,-8,-4,1
,5,-14,0,-2,-3,-5,2,3
,1,-2,5,0,4,-11,4,2
,-1,-7,-10,1,-8,-16,3,-3
,3,-19,-19,1,-18,-7,-4,-2
,-4,-1,-5,-4,-6,-9,-2,-4
,-2,10,-4,1,-4,-6,-1,-1
,-1,-10,8,2,11,-37,-7,-2
,0,0,2,-2,3,-7,-4,0
,-2,17,21,8,20,19,2,-1
,-2,-4,-1,2,1,-10,2,0
,-1,-10,-7,-3,-6,-4,0,-1
,-1,0,-7,-1,1,-6,8,0
,-3,-6,-12,0,-11,-10,2,-6
,0,-16,-10,7,-9,-29,1,1
,0,-1,-10,-5,-9,-9,-4,-1
,2,6,-2,-1,-2,-9,3,0
,4,-11,-13,-7,-27,-23,-13,0
,-2,-1,1,-1,1,-1,-4,-1
,4,17,7,1,7,5,7,0
,0,-4,2,4,0,-12,2,-1
,-2,-8,-5,-5,-2,-6,0,4
,-1,2,-5,5,14,9,7,-1
,-3,-6,-12,2,-11,-5,1,-2
,0,-20,-3,3,-3,-42,-8,-2
,0,-1,-6,-2,-3,-9,-1,6
,-3,4,-2,-1,-5,-10,-2,1
,-1,-11,-74,-30,-65,-9,-15,1
,3,0,0,-3,-1,2,-2,1
,2,12,-1,-1,2,-8,4,0
,-3,-6,1,0,-2,-13,6,-1
,-2,-8,6,0,4,-7,0,1
,1,6,6,4,13,26,5,-5
,-2,-4,-9,-1,-7,-4,0,-5
,0,-21,2,1,-1,-30,3,3
,1,-1,5,-1,3,-8,-9,1
,0,1,-3,-2,-5,-12,2,3
,-4,-9,-58,-22,-55,3,-10,-1
,-3,1,-2,0,-4,1,0,3
,-2,17,3,1,4,0,5,-3
,1,-5,0,3,0,-12,3,1
,2,-5,4,2,6,-6,1,-2
,4,6,49,17,30,19,3,-1
,1,-5,2,4,1,-8,0,-1
,-4,-22,1,6,-1,-21,-1,1
,1,-1,3,2,2,-9,3,-4
,-1,0,-13,-10,-12,-12,-6,-4
,-4,-8,-37,-10,-36,4,-5,-2
,-7,1,-3,-7,-5,-3,-2,-1
,-2,19,1,6,2,13,1,5
,1,-5,-6,-1,-1,-9,4,2
,1,-4,4,4,3,-8,-2,-3
,0,6,47,13,37,6,5,-3
,-4,-6,4,7,4,-13,8,0
,4,-22,-8,-4,-6,-14,-5,-1
,-1,-2,-1,-3,3,-10,7,-1
,-3,0,-13,-6,-11,-10,-4,1
,1,-6,-20,0,-19,-40,-8,-2
,2,1,-9,-7,-6,-7,-7,-4
,-2,16,1,-2,0,21,6,-1
,-7,-4,-9,-6,-15,-8,-6,-3
,-1,-4,0,0,0,-4,-1,-1
,-4,6,27,7,25,-5,8,-4
,-1,-6,3,8,1,-19,6,3
,0,-19,-6,4,-3,-9,0,2
,-2,-3,-6,-2,6,-4,5,-1
,-4,-2,-11,-4,-10,-8,-3,-7
,-2,-13,-9,2,-5,-72,1,3
,-2,1,-9,-6,-4,-8,-11,4
,-2,14,2,-4,-2,13,3,-1
,2,-3,-41,-11,-34,-5,-6,0
,1,-3,0,-2,-2,-1,0,-1
,-2,2,9,-2,9,-17,8,1
,2,-7,-4,5,-5,-13,8,0
,-1,-19,1,2,1,-7,-3,-6
,3,-3,7,6,7,-2,4,0
,2,-1,-8,-4,-6,-8,0,0
,1,-20,8,2,0,-57,-8,-2
,1,1,1,-10,1,-8,-9,0
,-1,15,-4,0,-5,8,2,0
,-2,-3,-31,-15,-29,0,-7,-4
,3,-2,-5,3,-4,-2,2,0
,3,9,1,2,8,0,9,5
,-1,-7,-8,0,-8,-8,5,-1
,0,-14,2,4,3,-5,0,1
,-1,-1,19,5,12,-3,4,-2
,-2,-2,0,5,-1,-11,0,2
,-1,-23,-11,-4,-17,-38,-6,4
,-1,1,2,0,2,-6,-2,2
,-1,12,-11,-7,-9,1,-2,-2
,-5,-3,-17,-1,-17,-2,-7,-2
,3,-2,-1,1,-1,-5,-2,0
,0,13,0,1,8,27,3,-3
,-1,-5,-12,-1,-10,-4,0,-3
,-2,-12,3,4,2,-6,3,5
,-1,-1,23,7,20,-5,3,0
,2,-4,1,3,0,-15,2,-2
,-6,-24,-43,-10,-40,-22,-9,2
,-4,-1,2,-7,0,-7,-3,3
,-4,12,-12,-3,-10,-4,-5,1
,1,-2,-6,4,-6,-24,-1,6
,-4,-1,3,1,4,-8,-2,-3
,-4,17,14,5,11,49,4,3
,7,-4,-10,-1,-8,-6,-1,0
,0,-14,0,1,0,-4,-1,2
,-1,-1,18,4,15,-8,2,2
,2,-6,-2,2,-2,-21,3,0
,-4,-19,-32,-5,-29,-8,-6,-3
,-3,-1,0,3,-2,-7,-2,-6
,1,12,-5,-3,-4,-5,-4,5
,1,-7,-1,2,3,-43,-1,0
,0,-1,2,-2,3,-8,-1,-2
,1,15,28,7,15,33,4,-4
,-1,-4,-4,2,-3,-8,-1,1
,-2,-12,-1,-2,-2,-5,-1,-2
,-3,-2,5,3,2,-12,2,3
,-2,-6,-10,-1,-8,-15,1,-5
,-4,-18,-19,1,-17,-9,-3,0
,4,-2,-6,-3,-6,-9,-4,-2
,0,9,-5,-4,-4,-7,0,-1
,2,-9,9,-1,7,-35,-6,5
,4,-1,2,-4,3,-7,-4,2
,-1,16,20,9,18,18,1,1
,-2,-4,0,4,1,-10,6,6
,-3,-11,-7,-2,-5,-4,-4,-5
,3,0,-8,-1,5,-5,10,-3
,-2,-6,-12,-3,-11,-10,1,-3
,-4,-18,-10,5,-8,-30,-3,0
,2,-1,-10,-6,-8,-9,-4,0
,4,8,-2,-3,-3,-9,-1,2
,-5,-11,-21,-10,-34,-21,-8,-1
,4,0,1,-6,1,-1,-5,-4
,-1,14,6,-1,7,4,2,1
,-3,-5,2,1,0,-12,-1,-2
,2,-9,-3,-3,-1,-7,0,-2
,-3,3,-2,5,14,14,8,0
,0,-5,-12,-2,-13,-5,3,4
,1,-20,-2,4,-3,-41,-5,-1
,0,-1,-4,-3,-2,-9,-7,4
,-4,4,-2,-2,-4,-11,-1,0
,-1,-9,-72,-29,-69,-8,-14,-1
,0,0,0,-2,-2,2,-2,0
,-1,12,0,-5,2,-10,3,-2
,0,-5,1,2,-3,-13,1,-3
,-2,-8,5,3,6,-7,0,1
,-2,5,22,9,20,27,6,1
,0,-4,-7,4,-6,-3,1,-1
,1,-21,3,5,-2,-30,-2,-2
,-3,0,6,0,4,-8,-5,-1
,-1,2,-5,-2,-8,-12,-1,0
,-2,-10,-56,-13,-51,4,-15,0
,2,1,-2,-4,-4,0,-3,-3
,0,15,3,-2,5,1,5,-6
,-3,-5,-3,-4,-2,-11,3,1
,0,-5,5,3,4,-6,2,-3
,0,6,53,19,32,18,7,1
,0,-4,2,0,2,-8,1,5
,0,-20,-2,4,-3,-21,-4,1
,-2,0,3,-1,1,-9,0,-2
,-5,0,-14,-4,-11,-11,-1,2
,-4,-6,-34,-4,-33,0,-10,0
,1,1,-4,0,-6,-3,-1,0
,-2,21,1,-2,2,17,-2,-1
,0,-4,-6,-2,-2,-9,-2,-6
,1,-4,3,4,3,-7,-1,-1
,1,6,43,13,41,5,4,0
,2,-5,4,7,4,-14,4,0
,0,-22,-8,1,-6,-14,-2,1
,1,-2,-2,4,3,-9,4,0
,-4,0,-13,-4,-12,-9,-7,-1
,-1,-6,-19,-5,-17,-43,0,1
,3,2,-10,-6,-7,-7,-7,-3
,-3,19,1,2,0,20,-1,-1
,0,-4,-8,-4,-17,-7,-7,3
,1,-6,1,-2,3,-3,0,-1
,-2,5,25,6,23,-7,4,1
,1,-6,3,5,0,-17,6,-2
,-2,-18,-6,3,-4,-8,2,-5
,-1,-2,-6,6,3,-4,5,-1
,0,0,-11,-2,-9,-8,-3,4
,-2,-15,-8,1,-4,-72,-3,-4
,0,1,-9,-8,-5,-8,-7,1
,-1,14,2,-3,-2,12,5,3
,-1,-3,-41,-13,-36,-4,-9,-2
,4,-3,0,0,-2,0,4,-5
,-1,2,8,2,8,-19,6,-1
,2,-7,-4,5,-6,-13,9,0
,-2,-16,1,5,1,-6,7,-3
,-3,-2,8,8,8,-1,4,5
,3,-1,-7,-6,-6,-7,-2,-3
,1,-22,9,4,0,-55,-3,0
,-1,1,1,-4,0,-7,-4,-2
,-1,15,-4,-4,-6,7,4,-6
,-4,-2,-31,-14,-28,1,-7,-2
,-3,-3,-4,-2,-4,-1,-5,-1
,1,9,0,-1,11,9,6,0
,0,-7,-8,3,-8,-6,2,6
,3,-15,2,6,3,-4,2,0
,4,-1,15,3,8,-3,7,0
,1,-3,1,1,-2,-12,-5,0
,0,-22,-15,-6,-18,-35,-3,1
,1,1,1,-5,1,-5,-3,-3
,-3,15,-11,-3,-8,0,-6,-2
,1,-3,-17,-6,-18,-1,-8,-4
,4,-2,-1,-3,-1,-5,-2,-2
,0,13,6,3,14,26,5,2
,4,-5,-11,3,-8,-3,1,-4
,-2,-12,3,3,2,-7,2,2
,2,-1,23,8,18,-5,1,1
,-3,-4,0,9,-2,-14,1,0
,0,-24,-42,-17,-39,-21,-7,0
,0,-1,1,-2,0,-9,-6,-4
,0,10,-11,-5,-9,-5,0,-1
,3,-2,-7,1,-7,-24,2,4
,-3,-2,3,0,5,-7,-7,-3
,5,16,18,4,13,47,7,-2
,-2,-4,-9,1,-7,-5,-2,0
,-3,-13,-1,-1,-1,-4,-1,1
,-3,-1,18,2,15,-8,3,0
,-4,-6,-2,-1,-9,-21,9,2
,0,-21,-31,-4,-28,-7,-6,0
,1,-1,1,-3,-2,-6,2,-2
,3,9,-4,0,-4,-5,2,3
,-4,-7,-3,-2,3,-44,-2,-1
,-4,-1,3,-3,3,-8,0,-5
,3,16,33,10,16,32,1,-3
,1,-3,-2,2,-2,-8,-5,3
,4,-12,0,3,-1,-5,-4,0
,-3,-2,3,4,1,-12,3,2
,-1,-6,-12,-2,-7,-15,4,-1
,0,-18,-18,0,-17,-10,-4,-5
,0,-1,-6,-2,-5,-9,-1,1
,3,9,-4,-5,-3,-7,2,-4
,0,-9,9,-1,8,-34,-6,2
,2,0,1,0,3,-6,-1,-4
,0,17,19,6,19,16,1,3
,2,-4,0,7,1,-10,2,-2
,-1,-8,-9,2,-5,-4,-4,-4
,0,0,-8,-3,7,-4,6,-2
,-4,-6,-12,-3,-10,-9,0,-2
,2,-15,-9,2,-7,-27,0,-4
,-2,-1,-11,-7,-8,-9,-4,0
,0,6,-2,-2,-3,-9,-3,1
,-3,-11,-19,-8,-28,-21,-8,-3
,-5,0,1,-3,1,-1,-4,2
,-3,14,6,1,6,3,0,-1
,-2,-4,2,8,-1,-12,7,4
,2,-7,-4,1,-2,-6,1,-5
,5,3,-8,3,12,13,4,-1
,-3,-5,-13,0,-11,-4,-4,-1
,-2,-20,-3,1,-3,-41,-4,0
,-1,-1,-5,-4,-3,-8,-9,0
,1,4,-1,-1,-4,-11,0,2
,1,-9,-73,-26,-64,-8,-10,-1
,2,1,-1,-2,-2,3,-3,0
,0,11,0,-8,2,-10,4,-5
,-3,-6,2,-1,-2,-13,1,-1
,2,-8,5,1,4,-7,4,-1
,-2,6,5,7,13,27,5,0
,1,-4,-8,-1,-7,-4,5,2
,-2,-22,2,2,-2,-29,-3,0
,0,-1,5,-3,2,-8,1,-3
,-3,3,-3,0,-7,-12,-4,-5
,0,-8,-57,-17,-52,5,-12,0
,1,1,-2,-1,-4,0,0,-3
,-1,16,3,-2,3,2,2,2
,1,-5,0,-3,-1,-11,1,-1
,-1,-6,5,3,4,-6,1,4
,0,7,46,14,27,17,8,7
,1,-4,1,3,1,-8,1,-2
,-1,-21,-1,1,-3,-21,-2,-3
,0,-1,2,-3,0,-9,-2,-4
,1,1,-14,-6,-10,-11,-3,-6
,1,-7,-34,-4,-33,2,-10,-1
,4,1,-4,-3,-6,-3,-1,-2
,-3,18,1,-3,2,14,3,-1
,0,-5,-4,0,0,-9,-6,1
,0,-4,2,5,2,-8,2,1
,-2,7,46,16,37,5,5,1
,-4,-5,3,10,3,-13,4,3
,-1,-22,-7,-5,-5,-14,-1,1
,0,-2,-2,2,1,-10,6,-3
,-1,-1,-12,-4,-11,-10,-1,-2
,0,-5,-18,2,-17,-34,-5,1
,-1,2,-9,-4,-7,-6,-4,1
,0,17,1,0,0,20,0,3
,-2,-4,-5,-8,-12,-7,-7,-2
,2,-4,0,3,0,-4,-2,3
,-2,5,26,7,24,-7,2,3
,1,-6,3,6,1,-17,6,0
,4,-17,-6,2,-4,-8,0,3
,5,-3,2,1,6,-5,1,-1
,1,1,-10,-2,-10,-7,-2,-1
,1,-14,-8,-3,-5,-70,-2,1
,-1,1,-7,-8,-4,-7,-9,1
,3,15,0,0,-2,11,0,0
,-3,-3,-38,-16,-31,-4,-12,-2
,-3,-3,0,-2,-1,0,1,-6
,-1,3,7,1,8,-19,2,0
,0,-7,-5,8,-6,-13,9,1
,-2,-19,2,3,1,-6,1,-2
,2,-2,8,6,8,-2,2,-4
,-5,-1,-6,0,-5,-7,-2,-2
,-2,-20,7,0,-1,-56,-6,-1
,0,2,2,-3,0,-7,-6,-5
,-3,14,-4,-4,-5,7,-6,1
,1,-2,-31,-8,-29,1,-4,-1
,1,-2,-5,-3,-3,-2,-2,3
,4,8,-1,3,10,3,7,-3
,4,-6,-8,1,-7,-7,4,1
,-3,-15,3,7,3,-4,4,1
,-1,-1,20,6,12,-3,8,-1
,0,-3,1,1,-2,-11,-3,3
,-4,-21,-23,-4,-23,-37,-5,3
,-2,1,2,-2,1,-5,-7,-3
,4,14,-13,-3,-9,0,0,0
,-5,-2,-15,-4,-17,-1,-7,2
,0,-2,1,2,0,-4,-1,-3
,3,14,4,1,12,31,4,2
,-2,-5,-13,3,-9,-3,-2,-3
,1,-11,3,7,1,-6,0,-3
,0,-1,24,10,18,-5,3,0
,-1,-3,0,4,-1,-15,6,2
,-1,-21,-42,-13,-39,-21,-9,3
,0,0,1,-3,0,-8,2,6
,-5,10,-9,-5,-8,-3,0,-3
,1,-2,-6,-1,-6,-24,-1,-4
,-9,-1,2,2,4,-6,-3,-3
,0,15,11,5,12,45,9,-1
,-1,-3,-9,-2,-7,-5,1,-2
,3,-13,-1,-1,-1,-4,1,3
,-4,-1,16,4,14,-8,4,2
,0,-4,-2,2,-5,-19,4,-5
,-1,-20,-30,-1,-28,-7,-12,3
,0,-1,-1,-4,-3,-6,-6,-3
,1,10,-5,-6,-5,-4,2,1
,-2,-5,0,2,3,-39,-1,2
,0,-1,2,-2,3,-8,-6,-3
,-1,16,33,11,18,30,4,-4
,2,-4,-3,4,-2,-7,-2,-4
,3,-10,0,0,-3,-5,-1,4
,0,-2,3,-4,1,-12,11,-1
,1,-5,-12,0,-8,-13,0,-1
,5,-19,-18,0,-16,-5,2,2
,-5,-1,-6,-2,-6,-8,-1,2
,1,10,-4,-1,-3,-5,0,3
,7,-9,10,-2,-3,-34,-6,0
,-6,0,1,-8,2,-6,-4,-5
,2,14,19,0,13,15,-1,-4
,-1,-4,0,5,0,-9,3,-1
,-4,-10,-9,-4,-5,-3,-2,-4
,5,0,-9,-1,7,-3,6,-1
,0,-6,-12,-1,-10,-8,0,0
,2,-17,-9,0,-7,-28,-2,-3
,-1,-1,-11,-7,-7,-8,-1,4
,0,6,-2,0,-4,-10,-4,-3
,-1,-10,-24,-15,-30,-21,-12,-1
,1,0,1,-1,1,-1,-4,-2
,5,15,4,2,7,2,6,-2
,0,-4,2,8,-1,-12,5,1
,2,-8,-2,2,-1,-5,-4,1
,1,3,4,6,17,15,9,0
,-3,-5,-12,0,-9,-4,-2,2
,2,-21,-1,1,-3,-41,0,-1
,-2,-1,-3,-7,-2,-8,-6,0
,-4,6,-3,-4,-5,-11,4,2
,1,-9,-71,-27,-68,-7,-14,0
,-2,1,0,-1,-2,2,-1,-5
,0,13,0,-2,2,-11,0,0
,2,-6,0,6,-2,-13,5,-1
,-4,-4,5,6,5,-7,3,6
,3,7,27,12,22,28,9,0
,-3,-3,-6,-1,-4,-3,0,-2
,-1,-21,3,1,-1,-29,-5,1
,-1,-1,6,2,4,-7,2,-1
,-1,2,-6,-4,-8,-13,-7,-1
,-3,-8,-54,-15,-50,5,-5,3
,0,1,-2,-1,-4,0,1,-2
,0,18,3,-1,4,4,7,1
,-1,-4,-3,2,-2,-12,-1,0
,3,-7,6,2,5,-5,6,-3
,0,6,52,14,29,15,5,4
,-1,-6,3,5,2,-9,-1,2
,0,-22,-3,2,-4,-21,-2,-1
,1,-1,2,1,1,-9,2,-2
,1,1,-15,-6,-10,-11,-5,-5
,3,-8,-33,-7,-32,-5,-8,-3
,3,1,-5,-3,-6,-4,-3,1
,-1,18,1,0,2,16,0,-4
,1,-5,-5,-2,-2,-9,-4,-1
,-1,-8,3,-1,4,-7,1,-7
,-2,7,41,7,39,3,2,-1
,1,-6,4,13,4,-14,8,1
,-1,-21,-8,4,-5,-13,-1,4
,0,-2,-2,4,2,-9,2,2
,0,1,-12,-4,-12,-10,-1,-1
,1,-7,-18,-6,-16,-41,-6,-8
,2,1,-10,-7,-7,-7,-2,6
,-4,17,1,-2,0,19,1,3
,-2,-4,-15,-5,-19,-6,-5,-4
,-2,-6,1,-3,0,-4,-2,0
,-1,5,21,4,21,-9,-1,0
,0,-6,2,5,0,-16,12,-1
,-3,-16,-4,0,-3,-8,-2,2
,2,-2,0,4,7,-4,4,3
,-5,0,-10,-5,-9,-7,-2,3
,-4,-14,-5,0,-3,-73,4,-2
,1,1,-6,-5,-4,-7,-9,0
,-1,14,0,-2,-3,10,2,0
,-2,-3,-39,-14,-36,-3,-7,-1
,0,-3,-1,2,-2,1,0,2
,5,1,6,-5,6,-21,10,6
,3,-6,-5,5,-6,-12,8,1
,-1,-16,2,6,2,-6,-2,-4
,4,-2,9,5,9,-1,3,1
,0,-1,-5,1,-5,-7,-2,1
,0,-20,10,4,-5,-53,-2,1
,-3,1,2,-3,1,-7,-8,-3
,2,14,-5,-3,-6,6,-3,2
,-6,-2,-29,-12,-26,1,-13,1
,1,-3,-5,2,-3,-2,-3,-1
,0,9,-2,0,11,4,6,-2
,-2,-6,-9,3,-8,-6,6,-2
,0,-16,3,2,3,-5,8,2
,2,-1,21,3,13,-4,1,-1
,-1,-3,1,-3,-2,-12,1,-1
,0,-22,-30,-6,-27,-33,-10,0
,-3,1,1,-4,1,-6,-8,-1
,2,11,-14,-7,-9,-1,-2,-2
,3,-3,-13,-2,-15,-4,-5,3
,-4,-3,2,-4,1,-5,-1,-1
,1,14,5,6,12,34,6,-3
,0,-4,-13,-3,-10,-4,2,-1
,-2,-12,2,4,0,-6,2,0
,0,-1,24,4,19,-5,3,-5
,0,-3,0,4,-1,-16,2,-4
,-3,-20,-41,-14,-37,-19,-10,5
,0,-1,1,-2,0,-8,1,-2
,-3,11,-8,-5,-7,-4,-1,-2
,-3,-2,-5,2,-6,-27,-3,-2
,-5,0,2,0,3,-7,5,-4
,-5,15,18,12,14,44,7,-1
,-2,-4,-8,2,-7,-6,0,4
,-1,-12,0,-2,-2,-4,4,-2
,1,-1,15,4,14,-9,0,0
,1,-5,-3,6,-5,-19,7,0
,1,-19,-28,-9,-27,-5,-4,-2
,0,-1,-1,-1,-3,-6,-2,1
,-5,10,-5,-1,-5,-5,-2,1
,1,-7,0,4,3,-40,-2,-1
,-2,-1,2,-4,3,-8,-12,-4
,1,16,31,5,17,29,0,3
,0,-3,-3,0,-2,-8,1,1
,-1,-9,-1,-2,-3,-5,-6,1
,0,-2,2,7,0,-13,8,2
,-2,-6,-12,0,-9,-14,3,1
,1,-17,-17,1,-15,-11,0,-5
,0,-2,-7,-8,-8,-9,-1,-2
,0,9,-4,-2,-3,-7,-1,0
,2,-9,11,0,7,-33,-7,5
,3,-1,1,0,2,-6,-4,-1
,-5,16,17,3,17,14,2,0
,4,-4,0,7,1,-10,5,6
,1,-9,-9,0,-6,-4,0,-1
,-1,1,-10,4,6,0,4,-3
,0,-6,-12,-2,-11,-8,1,-1
,-1,-14,-8,5,-7,-29,0,-1
,-4,-1,-11,-6,-8,-8,0,-1
,-1,6,-2,-1,-3,-10,3,3
,-1,-11,-34,-18,-38,-19,-12,2
,-3,-1,1,-1,1,0,-2,1
,2,14,3,0,5,1,0,-5
,-2,-4,2,3,-1,-12,0,-2
,-1,-6,-1,-1,-1,-6,-1,0
,-1,3,1,2,16,17,9,-4
,1,-5,-13,3,-12,-4,-2,4
,0,-19,-1,0,-2,-39,-2,-1
,1,-1,-2,-4,-1,-8,-5,-3
,3,5,-3,-2,-5,-11,-3,-2
,-3,-9,-70,-29,-68,-6,-7,1
,-3,0,-1,2,-2,2,-3,-4
,-3,10,1,-5,2,-12,8,5
,-1,-6,1,1,-2,-13,1,-3
,-1,-8,4,1,5,-7,1,-4
,-1,5,22,10,19,28,6,1
,-1,-4,-5,1,-5,-2,2,-6
,2,-24,1,2,-2,-29,0,3
,1,-1,4,0,3,-7,-2,1
,2,2,-6,-4,-8,-12,-2,0
,-1,-9,-51,-14,-48,5,-11,1
,-2,1,-2,-5,-5,0,-3,5
,-1,17,2,4,4,7,5,0
,-3,-5,-3,2,-1,-11,0,5
,0,-5,4,1,3,-5,0,2
,0,7,50,14,29,16,3,-6
,2,-5,2,1,2,-8,-2,2
,-4,-21,-3,-4,-4,-21,0,-3
,-2,-1,2,0,0,-8,-3,-2
,-1,3,-15,-3,-10,-10,-2,1
,-2,-7,-31,-4,-30,-5,-7,-4
,1,1,-5,-1,-6,-4,-3,-3
,5,17,0,0,1,19,7,3
,0,-5,-5,-2,-2,-8,-3,0
,1,-7,1,-3,2,-6,5,-2
,-1,7,42,14,36,3,5,4
,1,-5,4,4,3,-14,11,-1
,-1,-21,-8,1,-6,-13,-4,1
,2,-2,-3,-1,3,-9,6,-1
,-1,1,-13,-6,-12,-9,-4,1
,-1,-5,-17,-1,-16,-38,-4,-1
,-1,1,-10,-9,-7,-6,-4,-1
,-2,16,1,3,0,18,3,-1
,1,-4,-16,-10,-18,-6,-6,1
,4,-5,0,3,0,-4,-5,-1
,-2,4,22,3,21,-9,7,1
,-2,-5,1,4,0,-16,5,-3
,0,-19,-4,2,-3,-8,1,2
,-1,-3,-1,1,7,-4,4,1
,-3,0,-10,-4,-9,-7,-5,3
,0,-13,-4,2,-3,-71,-1,1
,-3,1,-6,-9,-3,-7,-6,-5
,1,14,0,-1,-2,10,2,5
,2,-3,-39,-12,-30,-3,-8,-5
,-3,-3,-1,-1,-2,1,-3,0
,1,2,6,-4,7,-20,8,2
,0,-6,-5,7,-5,-13,7,1
,1,-15,2,3,1,-6,2,2
,-1,-1,5,7,7,-1,2,2
,-1,-1,-5,-3,-4,-6,-4,-2
,0,-19,10,1,-1,-55,-5,-1
,-2,1,2,1,1,-6,-3,1
,0,15,-4,-2,-5,6,-2,-1
,-3,-1,-29,-11,-28,2,-5,2
,1,-3,-5,-3,-4,-1,-4,2
,3,10,-1,2,13,8,9,-1
,1,-6,-8,2,-9,-6,3,1
,1,-14,3,7,4,-3,-1,4
,1,-1,21,6,12,-2,3,0
,-3,-2,1,1,-2,-11,3,-3
,-1,-20,-18,-6,-19,-35,-3,3
,0,1,3,-1,2,-5,-6,1
,-2,13,-13,-2,-9,0,-2,0
,4,-2,-15,-5,-18,-1,-9,0
,-2,-1,0,2,0,-4,-2,0
,2,14,-2,4,8,31,6,-3
,0,-4,-14,1,-9,-3,2,0
,-1,-14,3,4,1,-7,-1,-1
,2,-1,24,6,20,-4,2,-3
,3,-3,2,4,0,-15,2,-3
,-4,-22,-42,-17,-39,-21,-8,-3
,-2,0,1,-5,0,-8,-9,0
,-3,11,-11,-6,-8,-3,-4,-1
,2,-2,-5,0,-6,-24,1,3
,0,-2,2,4,3,-6,-1,4
,2,15,19,7,14,45,3,0
,-1,-4,-9,2,-8,-4,0,2
,-4,-16,1,4,-1,-4,0,-2
,1,-1,16,4,14,-8,4,-4
,-2,-4,-3,1,-9,-19,7,0
,0,-21,-30,-4,-28,-7,0,0
,0,0,0,-5,-3,-6,0,-2
,3,11,-5,-3,-5,-5,-4,-3
,-2,-6,-1,1,3,-40,0,0
,-2,-1,2,-3,2,-7,-7,-1
,0,17,33,6,17,29,2,5
,1,-3,-3,2,-2,-7,-4,4
,2,-11,-1,4,-3,-5,2,-3
,2,-2,2,-2,0,-12,3,4
,-1,-4,-12,-1,-11,-13,6,0
,-3,-16,-17,2,-16,-10,-8,2
,1,-1,-7,-4,-7,-8,-4,-1
,-6,9,-4,-1,-4,-6,0,-2
,1,-8,11,0,3,-34,-7,0
,-2,-1,0,-1,1,-6,4,-3
,-2,16,18,6,17,14,1,3
,2,-3,-1,7,0,-9,2,-4
,-2,-10,-10,-4,-5,-3,-1,0
,2,1,-9,2,9,-2,9,0
,1,-5,-13,-1,-11,-9,0,1
,6,-18,-9,-1,-7,-28,-1,-2
,0,0,-11,-7,-8,-8,-7,-2
,-2,6,-3,-2,-4,-9,1,-1
,-3,-10,-30,-14,-35,-20,-10,0
,-1,0,1,-5,3,-1,-4,-4
,-1,14,4,-1,6,1,3,-3
,0,-4,2,5,-1,-12,-1,-1
,2,-6,-2,-2,-1,-6,-2,8
,-1,4,9,7,19,14,6,1
,0,-4,-12,-1,-9,-3,-4,-2
,-3,-19,-1,-1,-2,-40,-1,1
,-3,-1,-3,-3,-2,-8,-3,-5
,3,4,-4,1,-6,-11,-1,3
,-5,-9,-70,-20,-65,-8,-11,2
,-3,1,0,-4,-2,2,-7,-6
,-1,19,0,-7,2,-10,3,-3
,-2,-4,-1,-1,-3,-13,3,-2
,1,-6,5,8,5,-6,0,1
,-1,5,28,11,23,28,5,2
,-2,-5,-5,5,-5,-3,1,-1
,-3,-22,1,2,-2,-29,-1,3
,-6,0,5,0,3,-7,-2,0
,2,3,-7,-5,-8,-13,-4,-3
,-3,-10,-52,-16,-49,5,-14,-1
,-1,2,-3,1,-5,0,-2,4
,0,17,2,-2,4,2,-1,-5
,-1,-4,-4,3,-2,-12,3,-1
,2,-8,5,2,5,-6,6,1
,-1,6,56,12,29,16,10,0
,0,-4,3,3,2,-8,2,2
,2,-21,-4,1,-4,-21,-2,-1
,2,-1,2,1,0,-9,-3,-4
,-2,2,-16,-6,-10,-11,-4,-3
,-1,-7,-30,-4,-30,-7,-9,-1
,-6,1,-6,-1,-6,-4,-3,-1
,0,17,0,-2,2,18,2,-2
,-1,-4,-6,2,-1,-9,-5,-1
,5,-6,1,1,2,-6,1,-5
,1,6,40,10,38,3,2,1
,2,-5,4,9,4,-14,7,-2
,0,-19,-10,2,-6,-13,-5,0
,1,-1,-3,3,3,-8,6,-1
,1,2,-13,-6,-12,-9,0,-5
,-3,-6,-16,-4,-16,-39,-5,3
,-5,1,-11,-9,-7,-6,-6,-1
,-5,15,0,-1,0,19,1,-2
,3,-3,-17,-8,-20,-6,-6,-2
,1,-7,0,-1,0,-4,-2,1
,-2,3,21,3,20,-9,4,-5
,0,-6,1,7,-1,-16,10,2
,-4,-19,-4,2,-3,-8,-1,0
,-2,-2,-1,4,5,-4,3,0
,1,0,-11,-5,-10,-7,-1,-6
,0,-14,-4,1,-3,-72,-1,0
,1,1,-6,-7,-4,-7,-6,1
,4,13,0,2,-3,10,-1,-1
,-4,-2,-39,-19,-36,-3,-6,4
,1,-3,-1,0,-3,1,0,2
,1,1,6,-3,7,-21,7,1
,-6,-6,-5,3,-8,-12,9,-2
,3,-15,1,7,1,-6,3,-1
,3,-1,8,5,8,-1,6,2
,-1,0,-5,0,-5,-6,-3,-3
,1,-20,7,0,-9,-54,-7,-6
,0,1,1,-5,0,-6,-8,4
,-1,13,-5,-2,-7,6,-4,-2
,-3,-2,-28,-11,-26,2,-10,-1
,-3,-2,-5,2,-2,-2,4,5
,3,10,-2,0,12,3,4,0
,-1,-6,-9,-1,-11,-6,5,-3
,1,-13,2,9,2,-4,4,3
,-1,0,16,1,10,-3,1,-2
,-3,-2,1,4,-2,-11,-4,-1
,-3,-20,-33,-9,-27,-34,-9,-2
,-5,1,0,-4,0,-5,-5,-1
,-1,14,-13,-10,-8,0,1,1
,-2,-3,-13,1,-15,-4,-2,7
,-2,-2,2,-1,1,-4,-3,2
,2,14,7,4,13,36,8,2
,-3,-5,-12,2,-8,-3,1,-2
,2,-16,1,2,0,-5,2,-2
,0,-1,24,5,20,-4,2,-4
,-4,-3,-1,4,-2,-16,4,-1
,5,-19,-39,-8,-36,-20,-2,0
,0,0,1,-6,-1,-7,-2,0
,-2,12,-8,-3,-8,-4,-1,-1
,1,-2,-5,-2,-5,-25,-2,-5
,-3,-2,2,0,4,-7,-6,-4
,-1,17,21,9,16,45,4,-2
,0,-4,-7,0,-9,-5,1,0
,-3,-14,-1,-2,-2,-5,2,-3
,1,-1,15,3,13,-8,3,3
,-4,-4,-4,1,-4,-19,2,-2
,-2,-21,-27,-6,-25,-6,-8,-2
,0,-1,-1,1,-3,-7,1,5
,-1,9,-4,0,-4,-5,2,2
,-2,-6,0,-1,3,-39,-1,2
,-1,-1,4,2,4,-8,-2,1
,-1,15,30,9,14,28,2,1
,1,-3,-1,0,-1,-7,-1,-2
,1,-10,-1,1,-4,-4,-2,-1
,5,-2,1,1,1,-12,5,-4
,3,-4,-11,2,-7,-13,5,-2
,0,-17,-16,-1,-15,-17,-3,-2
,2,-1,-6,-7,-7,-9,-1,-2
,-2,8,-2,-5,-2,-6,-1,-5
,-1,-9,11,0,-2,-32,-10,-1
,-3,-1,2,2,3,-4,-1,3
,-1,16,17,4,16,13,6,1
,-3,-3,1,7,1,-10,1,3
,1,-8,-8,2,-4,-4,-4,4
,2,1,-10,4,13,1,9,1
,-3,-5,-12,-1,-11,-8,3,5
,2,-18,-8,1,-6,-32,-4,-3
,0,-1,-11,-8,-6,-9,-4,-2
,2,8,-1,-2,-4,-9,-4,2
,-2,-10,-45,-15,-41,-18,-12,-5
,4,0,1,-2,1,0,-6,1
,1,14,2,4,6,0,7,2
,-2,-5,2,5,-1,-12,2,-2
,3,-7,1,-2,0,-6,0,-3
,0,5,-2,3,13,18,9,1
,1,-4,-13,2,-9,-4,3,1
,0,-20,-1,2,-3,-38,-1,2
,2,-1,0,1,-1,-8,0,5
,-2,6,-2,0,-4,-11,-2,-1
,-1,-9,-69,-27,-66,-6,-15,4
,-1,0,-1,-4,-3,2,0,-3
,3,18,2,-2,3,-11,4,-3
,0,-4,1,4,-1,-13,3,4
,-2,-5,4,1,6,-7,2,-6
,4,5,28,10,20,27,7,2
,-2,-5,-4,0,-5,-3,-2,-1
,1,-21,3,0,-1,-28,0,3
,1,0,5,-6,4,-7,-4,-4
,-1,4,-7,-4,-9,-12,4,4
,-1,-9,-51,-15,-48,6,-9,0
,2,1,-2,0,-4,0,-1,-1
,-2,14,2,-1,4,6,0,-1
,-4,-4,-4,-1,-1,-11,0,0
,0,-7,6,2,4,-6,2,4
,-5,6,49,11,26,15,5,3
,3,-4,2,3,3,-9,1,0
,-2,-19,-4,4,-3,-20,-2,3
,-1,-1,2,3,0,-9,-1,1
,3,3,-14,-4,-9,-11,0,-2
,-2,-7,-31,-3,-30,-4,-6,-1
,1,1,-6,-7,-6,-4,-6,3
,-3,17,1,0,2,18,-1,0
,-2,-4,-4,0,-2,-8,-1,-3
,-2,-6,1,1,2,-7,1,-2
,1,6,41,13,38,2,4,1
,-1,-6,4,7,4,-14,11,1
,-1,-21,-8,1,-5,-13,3,1
,0,-1,-3,-1,4,-9,4,1
,-1,1,-13,-2,-12,-9,-6,3
,-1,-6,-16,-1,-15,-43,-5,2
,1,1,-10,-8,-6,-6,-10,1
,-2,17,0,4,-1,17,6,1
,0,-4,-20,-12,-21,-6,-6,-4
,1,-6,0,1,0,-4,-4,-4
,-1,4,22,3,21,-10,4,1
,1,-6,0,6,-1,-16,6,-5
,2,-15,-4,2,-3,-7,0,-4
,1,-3,0,6,7,-4,4,-2
,1,1,-11,-5,-9,-7,0,2
,2,-15,-3,-2,-2,-68,0,-1
,2,0,-5,-4,-3,-7,-11,0
,2,15,-1,-3,-3,10,0,-4
,0,-3,-39,-14,-35,-3,-6,-4
,3,-4,-2,2,-3,0,-3,3
,6,0,7,-1,6,-21,8,-1
,0,-7,-6,0,-7,-12,7,-2
,-3,-17,1,4,2,-6,3,-3
,-2,-1,9,4,8,-2,7,1
,1,0,-5,-2,-5,-6,5,-4
,1,-17,11,-3,-2,-53,-1,-1
,0,1,2,-2,1,-6,-8,-2
,3,15,-5,-3,-7,5,-3,3
