,-12,-21,-6,-8,-3,-2,5,-2
,8,21,1,15,-21,4,-2,2
,-19,-36,-7,-4,55,-10,-6,-11
,19,24,13,37,-53,27,13,10
,4,30,-18,-58,-23,-10,5,-2
,-2,0,11,67,13,-6,-13,0
,-1,6,-9,-41,13,7,1,1
,-3,-15,6,36,-19,-2,6,1
,-14,-19,3,49,78,5,-1,-4
,-2,-46,-11,-97,-61,-4,3,-3
,16,75,-6,-51,-12,-11,-6,1
,-13,-18,-6,13,3,1,-5,-8
,5,2,9,21,-5,-6,-4,2
,-18,-42,-3,26,16,-2,1,-3
,12,58,9,-1,-2,5,2,5
,-16,-25,-10,-11,-18,-16,-7,-3
,25,34,19,-21,-42,17,10,9
,-3,-5,-12,9,34,-1,0,-7
,-16,-65,-13,-7,-68,-10,-3,-7
,15,17,10,16,24,5,4,10
,-17,-36,-7,4,-10,-3,-4,-3
,9,33,10,18,-20,9,1,3
,7,18,11,64,106,7,4,5
,-9,-16,-9,-51,-100,-15,7,1
,-5,-21,-10,18,26,-4,-1,1
,14,37,15,-13,2,16,-3,1
,-11,-52,-21,49,20,-7,-1,-6
,13,60,19,69,11,2,0,3
,-7,-13,-4,-29,-15,-2,3,-1
,6,22,16,24,-7,-2,2,5
,4,-3,-4,-4,-24,3,-5,0
,-2,26,3,-26,48,-1,0,-2
,0,-8,-1,-15,-23,-1,-3,0
,1,-19,-11,18,8,-5,-3,-4
,-10,-17,2,-29,-24,3,-1,-4
,2,-12,-4,-3,47,6,3,0
,-5,7,1,-20,0,-14,-11,-8
,9,17,7,12,-29,8,7,12
,0,-3,3,-17,-18,-17,1,-5
,-4,-31,-12,-13,30,9,5,2
,7,13,5,16,-19,6,1,4
,2,5,-2,-10,23,-9,2,2
,-9,-27,3,23,-17,-1,-11,-3
,9,33,1,-5,38,16,0,1
,11,2,6,13,-55,-11,11,4
,-5,-14,-4,-9,-5,6,-12,-7
,-10,38,-1,-23,-28,-11,0,-3
,-7,-78,-19,6,-1,0,-1,-3
,-1,35,11,14,-5,2,-4,-2
,12,22,-2,14,0,-8,-2,4
,-7,-53,-3,-3,19,22,11,5
,0,37,5,-7,-16,-20,-7,-3
,-1,-3,0,-31,19,2,-1,0
,-1,-13,-5,-6,25,9,-2,-2
,5,9,6,24,-4,2,13,7
,-9,-30,-14,-36,36,-9,-16,-9
,-3,10,2,7,17,0,6,0
,1,7,3,-14,-71,-9,2,2
,-1,-1,-7,-16,10,-11,-8,-7
,1,10,13,7,25,17,4,5
,-6,-18,-12,-12,-12,-3,-3,-4
,-11,-32,-10,-16,-25,-9,-1,-5
,9,21,5,14,5,7,-1,4
,0,2,4,15,-13,-2,10,4
,-14,-24,-10,-20,-7,-8,-14,-8
,3,22,8,9,23,8,-3,-1
,8,15,-3,6,-2,-2,-3,0
,-3,14,3,-7,-6,-7,2,-2
,-1,-19,-5,6,6,3,5,1
,-9,3,3,-15,-5,-7,-5,-1
,12,18,-1,37,37,7,8,3
,5,2,0,-22,-40,3,-11,-2
,1,-6,0,18,23,13,3,1
,0,23,0,-23,-15,-11,-6,-3
,-13,-29,-2,-4,5,2,-13,-2
,1,4,2,19,-6,4,21,4
,3,-2,1,3,-16,-8,-3,-2
,-3,5,0,-3,32,1,-4,-3
,-1,-22,-5,-12,-16,5,2,1
,3,14,2,1,-2,-9,-7,-3
,0,-2,4,17,14,3,3,1
,-1,-7,-3,7,8,-3,3,-1
,-3,2,0,-8,-41,-4,-1,-2
,2,7,1,14,12,3,0,3
,-11,-15,-6,-24,-13,-13,-11,-8
,9,-11,-2,5,34,11,8,5
,-3,1,2,-3,-10,-9,9,1
,1,1,1,11,-22,0,1,-2
,-7,-15,2,9,-16,-4,-6,-1
,3,17,2,-4,52,15,6,4
,3,-2,1,-10,-5,-7,-13,-2
,-4,-9,-1,1,-24,-8,3,-1
,2,7,3,4,12,7,9,2
,-13,-42,1,26,3,5,-6,-2
,11,34,-11,-35,-13,-11,10,6
,-15,-55,-8,-8,6,6,-16,-13
,1,-18,-3,2,8,1,3,3
,-9,-30,-2,3,6,-8,-3,-4
,19,53,9,1,-34,2,3,6
,-4,-4,-3,1,17,1,-1,0
,2,20,-2,-2,15,-3,3,-2
,-7,-4,-3,-8,-35,-8,1,-3
,-7,-13,1,10,37,6,-1,-5
,8,20,0,-12,-7,-1,-6,3
,-1,-10,-2,7,19,4,-3,-2
,8,25,3,-18,-22,-5,11,4
,-3,-8,4,15,-5,6,-9,-1
,-2,-1,-1,-5,23,0,1,0
,-4,-11,-3,-6,-6,-4,-4,0
,6,11,-2,5,-12,-8,-3,0
,-6,6,2,-17,5,6,-11,-9
,-10,-21,-1,14,-2,-2,-1,-3
,8,10,-3,-13,11,-2,3,3
,-1,4,3,8,-5,-5,-1,-1
,-4,-18,-2,1,8,3,8,6
,18,46,9,9,18,4,-2,2
,0,-3,1,-8,-3,-3,-1,-2
,1,1,1,4,1,3,3,1
,-8,-17,-1,-6,16,1,3,1
,-5,-14,-3,6,-13,-7,0,-3
,8,17,-5,-4,-16,2,3,2
,-4,3,0,1,20,0,-3,-2
,-6,-13,1,7,-5,-2,-5,-4
,2,2,-4,2,-9,0,3,3
,-6,-13,4,5,-5,-1,-2,-2
,4,-2,-13,-14,22,6,-1,1
,1,26,-5,-30,-14,-13,-4,-1
,-7,-36,2,12,9,-5,-8,1
,15,45,11,6,18,15,17,8
,-2,4,3,2,-8,-3,-3,-1
,-17,-42,-5,10,17,1,-1,-4
,17,41,1,-8,-34,-13,9,5
,-5,4,10,1,26,5,-14,-3
,15,9,-9,0,-22,6,5,6
,2,9,10,22,47,8,10,1
,-13,-41,-15,-23,-22,-8,-2,-4
,2,6,-5,-3,-20,-5,-8,-3
,-1,-1,3,-10,-5,2,-1,-2
,-3,-16,-2,15,8,0,5,0
,2,5,2,8,-9,0,-1,0
,2,-2,0,-6,6,-2,6,4
,-11,-15,0,-1,-5,-5,-8,-6
,10,13,0,2,-23,-1,4,7
,-6,7,4,2,45,12,5,-4
,-9,-6,-8,0,-21,-3,-11,-2
,1,-12,4,17,33,2,1,0
,3,-8,-10,-9,-48,-6,0,-3
,-1,17,2,-18,-3,-1,-14,-3
,2,10,-7,-7,-20,-13,4,2
,-5,17,2,11,28,7,-3,-5
,20,40,5,-18,-13,-3,-9,2
,-12,-44,-11,15,-29,-8,5,-1
,-5,-47,-13,-7,-20,-6,0,-2
,12,90,23,1,29,9,3,2
,-13,-60,-10,13,37,-1,1,-1
,20,100,24,13,-3,14,13,8
,-1,-10,3,1,21,6,-3,-4
,2,2,-5,-2,-44,-11,0,3
,-8,-20,6,10,-2,9,-3,-2
,3,-13,-1,-8,14,3,3,1
,-4,-12,-1,8,6,-2,5,-1
,-8,-11,-2,-13,-15,-6,-10,-9
,-7,-29,0,31,9,2,4,3
,20,70,21,-3,12,10,-2,7
,2,5,0,-13,21,0,8,0
,-2,-17,-7,-27,-24,-7,-11,-5
,-18,-35,-7,-9,-13,-9,3,-2
,19,29,4,2,-15,-1,-1,3
,1,4,1,6,4,11,-4,-2
,-4,2,-5,-27,19,-11,2,0
,5,20,3,4,-35,-6,1,0
,-19,-37,-2,-9,5,-1,-6,-7
,4,0,-2,8,6,0,1,3
,-4,-25,-5,20,-5,-4,4,-1
,4,21,4,-4,20,16,-3,1
,-2,-6,-11,-13,15,-7,-3,-4
,-14,-26,-4,9,-14,-2,-7,-7
,-1,-17,-6,2,22,1,-2,-5
,0,5,-2,-6,-14,-17,0,2
,-12,-33,-6,16,-20,6,6,-2
,-2,7,0,-13,29,9,0,-4
,-3,-11,-8,-21,-3,-8,2,1
,10,40,9,11,8,2,-8,-1
,-11,-27,-9,-2,-17,-10,-5,-2
,4,-13,4,-6,-32,-7,-1,2
,3,10,3,11,-33,5,12,4
,-10,-23,-4,-13,38,1,-11,-8
,16,-4,-1,-4,5,-3,1,4
,-5,24,7,-5,-9,-1,1,0
,5,9,3,-1,1,3,3,2
,-6,-2,1,6,-21,3,-2,-4
,-5,-39,-15,9,7,-5,-2,0
,-1,-2,0,1,20,-5,-6,-4
,13,15,10,8,-26,8,6,7
,2,29,-2,-19,-23,-8,1,-3
,-4,-9,3,12,6,5,6,-1
,2,10,-3,5,6,-4,-3,-1
,-8,-54,-3,17,-19,2,6,4
,23,79,13,11,66,18,-1,4
,-4,-9,-2,3,-7,-9,7,3
,-2,-8,-2,-12,-38,0,-5,1
,-8,-16,-6,-3,9,-5,-2,-6
,-3,-24,-2,0,-2,0,6,2
,3,28,2,-10,2,-6,-7,-4
,-2,6,-1,10,-2,5,4,3
,9,33,0,-16,15,0,-7,-4
,2,9,3,8,-16,-6,1,-1
,-11,-12,1,-9,11,3,-1,-2
,-5,-20,-9,-1,-19,-7,2,-3
,1,11,3,6,3,5,-2,1
,2,-19,-6,-22,-22,-2,3,2
,1,-13,7,23,52,6,-1,-3
,7,19,-4,-7,3,3,5,6
,-3,38,0,-12,-14,-9,-8,-7
,-3,-16,-3,1,8,3,2,-1
,-5,-23,-7,-9,-25,-1,0,2
,-7,-13,13,27,6,-4,-1,2
,13,-7,0,-3,22,19,-3,-4
,-2,5,-3,-21,5,-4,-3,0
,0,13,2,-5,-36,-7,-6,0
,-8,-10,-3,-7,12,-2,1,-2
,-1,-18,-8,2,-8,-4,-3,-1
,6,-4,1,11,18,4,7,5
,-2,-2,2,-5,-17,-1,-11,-9
,4,-12,-1,-3,12,-1,2,1
,-2,-10,-6,-7,9,-6,-3,1
,-6,-19,1,-4,-19,3,6,-1
,3,27,0,33,-5,-5,2,3
,-2,-24,-6,-14,3,4,0,-5
,0,-14,3,15,-11,-8,-2,5
,0,27,4,-8,-12,-4,0,2
,-12,-26,-13,0,15,3,-8,-15
,9,-4,0,-3,5,-1,4,8
,-6,41,11,11,-11,0,-6,-12
,2,-10,-2,-10,5,-5,3,6
,-1,2,1,-4,4,10,14,6
,0,-4,-1,0,-7,-7,-18,-1
,6,29,4,0,10,2,11,8
,-9,-15,-4,3,-24,-5,-13,-9
,7,-1,0,4,3,0,5,3
,-1,16,-2,-20,7,3,5,-1
,-9,-7,-1,28,1,1,-1,-1
,0,-12,2,7,5,2,-3,-3
,3,10,-2,-29,-3,-4,1,3
,-8,-11,1,27,-8,5,3,2
,10,27,14,-1,27,-2,-6,-5
,2,-13,-13,-4,0,1,1,4
,-6,-8,-6,-8,-1,2,-5,-6
,1,8,2,-3,-19,-10,1,-3
,-6,-22,-3,-5,-7,8,9,5
,1,14,4,8,3,-3,-5,-2
,5,-7,2,-5,14,0,1,5
,2,33,5,5,-9,-2,-4,-3
,0,-31,-8,6,24,-1,3,4
,-2,11,1,-4,-13,5,-10,-5
,-3,-19,-2,2,23,3,-1,1
,-1,21,-1,-9,-6,0,4,-5
,-7,-30,-9,10,27,-6,-20,-6
,0,18,-15,-35,-47,-15,4,-2
,-8,-18,-6,-11,4,1,1,0
,11,41,18,16,-16,4,3,3
,-3,-28,-2,13,-1,-2,6,3
,-5,-35,3,-14,-21,0,-1,-6
,3,13,0,-2,-2,-1,0,3
,-2,-26,-9,-7,5,-5,-3,1
,-2,13,5,3,-24,0,3,4
,1,-27,-2,19,31,5,-2,-2
,-1,-11,3,-12,-7,-2,4,0
,3,3,-2,4,10,1,-1,0
,1,1,-3,-10,-5,1,2,-1
,-2,-2,1,5,15,0,7,2
,1,12,1,6,-4,-2,-7,1
,2,-7,-6,-4,6,1,-5,-3
,-5,-1,-1,-11,-16,2,10,0
,1,12,0,1,7,0,-3,1
,-9,-6,1,8,-9,1,-1,-9
,10,18,-6,-10,13,3,-2,3
,5,4,8,-4,-16,0,-1,-1
,-5,-14,-3,14,8,4,3,0
,5,18,-3,-10,5,1,2,3
,-9,-17,1,6,6,-1,-4,-5
,-4,-10,2,-12,-12,-3,2,2
,8,21,-3,-5,1,1,-1,2
,-2,-9,-1,13,7,0,2,1
,-1,-7,-7,-20,3,-5,1,0
,4,14,5,15,-17,1,-3,-1
,-3,-6,2,-1,8,1,1,0
,-2,-2,-2,-10,-4,1,-5,1
,3,9,8,16,19,3,8,4
,-14,-28,-17,-12,-30,-15,-7,-4
,15,24,10,5,26,12,1,2
,3,18,-1,1,-13,-5,2,-3
,-4,-15,-2,-4,18,6,-1,3
,-3,-3,-3,-5,-4,1,-3,-2
,-5,9,5,2,-14,-5,-5,-1
,1,-2,-2,15,-2,4,1,0
,8,-8,-1,0,2,-2,0,1
,-11,-23,1,-7,7,2,-2,-7
,5,14,3,7,-7,1,3,4
,1,4,2,-9,27,2,-4,-2
,-4,-3,-2,-9,-43,-6,0,-3
,1,1,-2,11,12,-1,-1,2
,-1,3,-2,2,5,-2,1,1
,-7,-27,-9,-19,50,3,-2,-1
,4,47,7,-4,-10,-19,-7,-4
,2,7,5,14,44,17,5,3
,-5,-3,-4,-13,-71,3,5,-4
,3,-26,-9,-3,-11,-10,1,2
,-3,-14,3,5,0,7,0,1
,7,19,-1,-2,-3,-5,-6,-1
,-6,-6,-1,8,12,-3,-5,-2
,-7,-9,-2,-11,-16,1,-2,-1
,0,-8,1,28,-6,-1,1,1
,4,20,3,-5,-8,-2,3,1
,-7,-19,-7,-8,23,1,1,2
,3,9,1,3,-19,-4,-3,-2
,-7,-19,-4,6,9,2,3,1
,-4,-5,-4,-9,5,-3,-6,-2
,4,-4,-2,6,10,2,0,-1
,0,9,6,2,-7,-2,1,-1
,-5,-6,-6,-13,1,2,2,2
,6,8,5,3,7,5,10,2
,-7,-11,-3,-4,-6,-7,-12,-3
,6,23,7,4,-11,-1,1,1
,-4,-17,-1,0,7,4,-2,-2
,-5,11,-8,-4,-11,-8,0,-1
,7,16,3,12,26,0,-2,2
,-2,-7,5,-5,-11,0,0,-1
,1,-7,-7,-33,15,4,1,-1
,-14,-60,-5,1,-19,-6,3,0
,27,86,20,3,-19,8,-4,-1
,-10,-18,-4,20,24,-1,-2,-1
,4,21,2,-15,-11,-2,2,0
,-1,-14,3,8,5,0,-1,0
,-12,-31,1,-11,-5,-1,0,-1
,11,10,-6,4,-2,5,0,2
,-4,13,3,7,-4,-2,-2,-3
,3,5,-1,0,8,5,2,4
,-2,-25,-5,6,7,-6,0,-1
,-2,11,-2,-6,-12,-4,0,-1
,-7,0,4,-5,3,-1,-3,-2
,16,4,-2,-1,-5,2,0,4
,-8,-12,-6,3,14,1,-1,-6
,4,21,7,0,-8,-4,1,2
,-3,-4,-2,-5,-3,3,3,0
,8,9,7,4,11,5,3,4
,-5,-30,-12,-9,-13,-2,-2,-2
,2,19,5,7,10,-3,-1,-2
,5,12,1,-5,5,2,2,2
,-6,2,-1,-12,1,-9,-9,-4
,-6,-19,-4,6,11,1,11,0
,3,40,3,13,-12,8,-1,1
,4,-2,-3,-16,-16,-7,-4,-1
,-7,-11,2,23,14,8,2,-1
,-8,-5,-1,4,0,-10,-3,-4
,4,-36,-7,-32,-13,1,4,6
,7,32,9,35,20,8,-9,-7
,-1,7,-5,-7,10,-4,-1,-1
,2,2,3,-10,1,1,6,4
,-8,-22,-3,4,3,-5,-4,-3
,-7,-26,-9,8,-21,-4,3,2
,7,14,0,-16,48,13,3,-1
,6,-4,-4,8,-14,-8,-4,2
,-2,1,4,-1,-22,0,8,1
,-5,-44,-7,-21,-37,-13,-10,0
,5,50,7,8,19,5,7,2
,0,0,-2,-4,14,5,1,1
,1,-21,1,29,8,1,-1,-1
,2,6,2,14,11,7,3,1
,0,-10,-2,-18,-32,-10,0,-1
,1,6,3,14,2,5,0,-1
,-6,-5,-1,-12,-7,-5,-3,-2
,1,4,0,15,8,3,2,0
,-1,0,-1,-9,-15,-3,-4,-1
,-1,11,1,-19,-5,-2,0,-2
,4,10,2,12,-6,3,1,-1
,-8,-5,3,3,27,-2,0,-2
,11,20,-5,-7,-28,0,-6,-1
,-8,-21,4,19,27,5,-8,-5
,-4,2,-7,-31,-9,-11,-4,-1
,7,-1,3,-1,-6,3,8,4
,-9,-17,-2,7,-17,-4,-10,-5
,-3,1,-1,-2,20,5,5,0
,4,25,6,1,15,1,-1,-1
,-2,-14,-5,3,11,2,7,2
,-2,-10,1,0,-18,-7,0,0
,2,-2,-6,-3,-32,-2,1,0
,-3,-7,-2,9,39,6,-2,-1
,1,-3,0,-18,-13,-8,-6,-3
,-1,-11,1,31,20,2,4,3
,2,51,12,-35,-18,1,2,0
,-1,-43,-15,21,10,-4,1,-2
,15,52,8,3,20,16,4,5
,-5,-16,-6,-12,-14,-11,-12,-5
,-4,-28,6,29,42,6,8,3
,-10,4,-10,-15,-40,5,-5,-3
,0,31,2,-49,15,-11,0,-2
,5,-9,-3,3,-6,2,5,2
,1,6,-3,4,-13,-4,-1,0
,-2,-21,0,6,-10,-1,2,0
,-3,0,0,20,4,2,-6,-1
,-2,21,4,-5,1,4,3,0
,-6,-27,-7,-8,-13,-9,-5,-1
,2,33,4,-5,5,3,4,5
,2,-26,-7,-20,-22,-5,-5,-3
,-2,-3,0,17,10,0,1,-2
,0,0,-1,4,-5,-2,0,-5
,0,-2,7,-2,6,-5,-7,-1
,-5,-22,-12,-5,-32,0,2,-3
,4,24,5,-9,-5,4,4,0
,-4,-14,-2,8,14,-3,-14,-3
,7,9,4,-5,-27,-6,7,4
,-8,-40,-12,15,0,6,-5,-4
,4,23,0,6,0,-5,1,3
,0,-6,0,9,-2,6,6,1
,-4,-7,4,6,6,-3,-4,-5
,-2,-9,2,10,-2,-4,1,3
,0,25,9,8,8,1,-1,-2
,0,6,-3,-20,-17,-2,3,4
,0,-1,-6,3,36,11,-6,-3
,-4,1,-2,0,4,-9,1,-1
,-4,-15,-1,-9,-8,1,0,-1
,4,13,2,-7,-11,-6,-5,-1
,-4,-17,-5,-1,-15,-5,1,1
,4,11,11,7,8,4,0,0
,0,18,5,-9,-6,1,-1,1
,4,4,-6,4,14,-5,-4,-1
,-6,-2,-1,0,7,5,1,-2
,-3,3,-3,-8,-1,-3,2,-5
,0,-19,-4,-1,-7,-5,-10,0
,-6,3,2,-8,-5,2,2,0
,4,-6,-3,-9,-5,0,3,1
,-4,-5,2,7,9,-1,-7,0
,7,8,6,3,-2,2,5,2
,3,16,-5,1,-1,1,-1,-1
,1,-5,0,-30,0,-3,0,1
,-2,-4,1,6,-18,4,9,2
,-8,-19,-6,4,29,-1,-6,-2
,0,-13,4,0,-30,-4,-3,-3
,6,33,4,-1,-1,-4,2,3
,1,14,-1,7,2,2,0,1
,-3,-18,-5,-11,-11,0,5,1
,1,37,11,3,34,-2,0,0
,-7,-25,-3,7,-51,6,2,-3
,1,3,-4,-9,33,-9,-10,-2
,-2,13,5,-5,-5,4,9,2
,6,-1,-11,5,4,5,-7,1
,-5,-8,-3,7,-4,-9,-3,-2
,-3,-14,1,22,8,6,-2,4
,-3,9,-3,-40,-20,4,-5,-6
,7,13,0,-2,-16,-4,4,4
,-2,0,6,9,22,8,0,0
,3,2,-1,-9,-70,-12,1,0
,-2,-40,-9,-5,48,3,6,0
,-4,32,0,-19,6,-2,-8,-4
,6,-2,3,12,2,-1,-1,-1
,-3,-3,-1,9,24,0,5,1
,-2,-10,-3,-9,-48,-8,0,0
,-1,-15,2,13,-18,3,8,2
,-3,-3,-5,-16,-3,7,0,-2
,3,26,5,-10,-13,-8,-1,-1
,-2,22,4,8,27,2,-6,-4
,-6,-46,-7,32,-20,-6,6,2
,-8,31,8,-10,35,18,-5,-3
,13,-15,-15,-48,4,-1,4,0
,-4,-4,-2,14,-4,-4,-1,0
,-4,-14,-3,2,1,-1,-1,0
,-2,-6,8,26,-4,-9,-10,1
,3,30,8,14,5,6,-5,-2
,3,-7,0,10,11,-2,2,1
,-5,-10,-1,-3,0,-3,-4,-5
,3,-8,-5,-11,9,-2,3,0
,-3,-2,-1,7,7,3,0,-2
,3,-1,-1,8,3,-5,0,1
,-2,-3,4,-4,-9,2,-7,1
,4,10,-2,-14,-20,-5,7,0
,-4,-10,-2,3,13,1,-2,2
,-7,-11,-1,5,-3,3,-3,-2
,3,-3,-2,-4,13,4,2,1
,3,-6,-4,-9,6,-5,3,2
,-9,13,7,29,-16,-6,-6,-4
,18,54,14,13,31,13,7,7
,-6,-14,-11,-39,-37,-9,-7,-7
,3,-3,-1,13,21,-3,1,4
,-8,-13,1,3,-12,7,-4,1
,-5,-13,-4,-12,-8,-4,-1,-1
,6,2,2,3,15,4,-1,-2
,-2,17,2,32,5,-4,1,1
,0,-17,-5,-29,10,0,1,-1
,-4,-20,-2,23,-7,-1,2,0
,6,24,3,-27,-4,-2,1,3
,-2,-9,-1,14,-12,0,-1,-2
,0,-15,0,10,15,-3,1,1
,1,-7,-6,-15,-23,0,-6,-1
,-8,-14,1,-7,15,0,3,-1
,3,12,-4,2,-8,-1,-4,-1
,-1,11,5,3,9,-1,4,0
,-3,-5,-4,-20,-20,-2,0,-1
,3,-1,1,8,22,1,2,2
,-1,3,5,-4,-17,-3,-8,-2
,9,9,-2,14,-7,2,3,2
,-6,-21,-7,-3,-6,-4,-4,-4
,9,41,8,10,-2,5,6,7
,-1,-7,-3,-17,3,-1,0,-3
,-2,-4,-2,-5,-1,-2,-2,-1
,-1,-1,-2,0,-7,-4,-4,1
,-4,-9,-3,4,11,2,2,0
,1,-2,1,-9,-5,-2,-2,0
,2,-2,0,4,2,3,0,1
,1,18,1,3,1,-4,1,0
,-4,-19,-3,-16,-8,-2,-6,-4
,4,9,1,11,17,0,0,0
,-3,0,1,-2,-11,0,1,0
,2,-5,-3,8,5,-1,-1,0
,5,4,3,2,-17,-1,-2,4
,5,16,1,-16,-13,-8,-3,-3
,-5,-6,3,20,46,9,1,0
,2,-9,-3,-22,-41,-6,-4,3
,-1,19,-6,24,21,1,-1,-2
,-3,-8,-2,-3,0,-3,0,2
,1,1,1,-15,-22,-1,-2,0
,0,-2,1,6,-14,-2,0,0
,2,0,2,28,49,9,2,3
,-7,-9,-6,-10,-12,-5,-2,-5
,5,5,-3,15,12,2,0,1
,0,9,2,-18,-2,5,0,-2
,-6,-15,-6,-14,-8,-4,-3,-4
,-2,-1,3,6,-14,1,1,4
,-7,-13,-4,-9,6,0,2,-2
,4,19,5,14,20,1,2,-1
,-2,-5,-4,-22,-7,-3,-8,-6
,-8,-31,-6,-4,15,-2,-8,-1
,4,22,6,-3,-19,-4,2,3
,0,-18,-1,9,17,4,1,5
,-3,28,7,1,0,2,1,-1
,3,-8,-6,-17,-25,-5,0,0
,-2,1,-3,7,35,5,-3,-2
,-4,-5,-2,-7,0,-6,-2,-1
,6,-22,-1,4,-6,8,5,3
,5,33,9,4,-24,2,0,1
,0,2,-5,-33,-22,-8,-1,-5
,-8,-16,-2,14,14,1,-3,-7
,2,-7,1,22,14,-2,2,3
,3,25,2,-21,-2,-4,0,-1
,2,-2,2,10,-10,-2,0,2
,-2,-7,-1,-1,-3,5,-1,-2
,-2,2,-3,-14,-22,-3,1,-4
,-1,-12,7,48,12,3,-2,1
,2,1,-5,-30,8,3,6,1
,-5,-8,-1,-3,0,-6,-12,-5
,7,19,0,19,-14,4,3,1
,-5,-11,-8,-25,26,2,0,-3
,-2,-3,0,5,-26,-4,-1,-4
,9,-3,6,5,5,2,0,3
,-3,9,-1,-6,1,0,-6,-1
,-4,-17,-7,-5,18,0,3,-2
,4,33,6,20,-7,0,3,2
,-2,-4,-1,-2,18,2,-4,-4
,-4,-14,0,-13,-18,-7,2,1
,2,-8,-4,5,-4,0,1,1
,1,3,-2,6,-5,6,-1,4
,4,7,1,10,31,0,3,1
,-4,-2,-7,-18,13,-1,-1,-4
,-3,-11,-2,3,-17,0,-1,-2
,-4,-4,3,0,-6,-4,-3,-1
,3,13,3,15,19,3,2,2
,-1,-15,-3,-5,-24,-3,3,1
,7,10,3,9,60,5,0,4
,-2,-15,-1,4,-31,-5,3,-2
,0,40,1,-10,-5,2,1,0
,-3,-17,-6,-17,-27,-5,-3,-1
,-1,2,3,15,1,1,7,0
,1,-12,0,6,17,0,-6,1
,-10,-4,0,-2,-30,-2,1,0
,8,32,3,8,29,1,3,1
,2,3,2,0,-30,0,-2,1
,-5,-20,-14,-28,42,0,-7,-6
,2,-7,3,12,-9,-3,3,0
,-5,-4,3,-3,1,1,-5,-1
,1,12,1,3,1,2,3,3
,1,-4,2,5,3,-1,-3,-1
,-4,-5,-2,-13,-19,-6,4,-1
,-5,-2,0,17,14,4,0,-1
,5,14,7,-2,-32,-5,-4,2
,0,5,-6,-25,28,0,2,-2
,-1,-3,-7,1,19,0,-2,-4
,0,1,3,10,-20,-1,2,1
,-2,-15,0,14,32,3,2,0
,1,5,2,10,-38,-3,-4,0
,1,4,-1,-34,-18,1,0,1
,-3,-23,-9,2,26,-7,-5,-4
,1,21,5,-12,-18,1,-3,0
,4,8,7,19,9,3,2,2
,-1,-21,-3,5,1,6,1,-1
,-3,1,-1,-19,-15,-5,-7,-3
,-1,4,6,10,18,4,9,0
,15,21,2,-5,-25,-6,-3,3
,-8,-6,-6,1,-16,-9,-4,-5
,2,1,3,-4,11,0,6,4
,-8,-12,-13,-8,-3,-2,-5,-5
,-9,-6,1,3,-12,5,5,0
,11,-2,0,-7,4,-1,0,4
,-5,-20,-1,6,-10,-6,-8,-4
,13,25,1,-4,23,8,-8,1
,-8,-28,-3,12,11,1,-2,-4
,-2,-3,1,17,19,-3,0,1
,1,11,0,1,-32,3,5,2
,-11,-41,-9,-10,4,-6,-4,-4
,18,28,-3,12,21,13,5,6
,-4,5,-5,-3,-5,-9,-5,-6
,-4,-19,1,8,8,4,-3,0
,0,13,-1,1,12,-1,-2,0
,2,19,7,-15,-32,-7,1,-2
,-2,-6,-1,-1,-2,2,-1,-1
,6,11,1,4,23,1,1,0
,-1,-12,-4,-13,-19,1,0,-1
,-10,-11,-1,-6,0,-6,-4,-2
,3,-3,-4,11,-1,2,1,0
,5,38,6,-3,7,3,-2,-1
,-3,-7,-2,-1,1,-5,2,1
,-3,-10,-2,-1,10,0,-1,1
,-7,-15,-1,-6,14,1,0,-1
,10,26,13,8,-40,-5,2,5
,0,-25,-5,13,-1,4,0,-1
,-7,18,-9,-57,5,-6,-5,-7
,-4,-12,-3,22,2,2,1,0
,4,8,5,7,3,1,2,4
,3,21,11,17,-6,-2,3,2
,-6,-50,-4,6,-8,-2,-1,2
,4,34,-6,-9,2,2,1,3
,1,-8,3,4,14,1,4,0
,-8,-11,-3,-15,5,-4,-3,-6
,2,13,0,2,-21,0,1,-1
,7,-12,5,-3,30,6,2,3
,-7,-9,-6,-6,-17,-3,-1,-2
,4,22,6,2,-2,5,1,0
,-5,-17,-3,11,-1,-5,1,-1
,0,4,1,-13,-36,-5,-5,-3
,-4,-8,-6,-2,6,-3,-1,-3
,3,-10,-2,4,4,-2,1,0
,-2,10,4,7,4,-3,1,2
,0,10,1,8,20,8,7,4
,-2,-8,-5,-3,-15,-3,-7,-1
,0,-12,2,1,-16,0,-1,1
,2,14,-7,-17,3,-2,-3,0
,3,9,2,-8,14,-4,-2,-1
,-5,-19,-4,11,12,1,6,0
,-1,-3,-4,-7,-33,-3,-4,1
,1,7,6,14,7,8,-1,-2
,-4,-15,1,-7,-23,-4,-1,0
,4,9,-9,-9,23,-2,0,-2
,-2,-14,-1,-4,-7,-3,1,0
,0,-6,2,9,19,4,1,0
,-4,4,3,15,-36,-6,-2,-1
,6,5,5,6,40,3,0,0
,0,-4,-5,-13,-20,-1,2,0
,4,25,3,9,23,-1,-1,1
,0,-3,-2,-18,-25,-3,-4,-3
,-6,-9,-1,1,16,2,3,-1
,-2,7,3,9,13,-5,-3,-2
,7,3,-2,-10,-14,-2,5,3
,-4,3,3,11,9,3,-3,-1
,-4,-13,-3,-13,-25,0,-1,-2
,0,31,1,-1,5,0,1,1
,-7,-28,-2,8,-16,-1,0,-4
,3,0,-2,-3,3,-1,-3,3
,0,-9,-1,-6,6,-1,-2,-3
,-5,-12,-3,2,26,4,2,-2
,-1,0,-2,2,0,-2,-4,-3
,3,-1,1,-13,-11,0,0,0
,1,1,-4,0,-10,-3,-3,3
,0,1,10,4,26,8,5,0
,-1,-1,-12,-4,-2,-2,-5,-2
,0,0,0,-3,-17,1,5,1
,-2,-5,2,10,50,4,-7,-3
,-2,1,3,5,-68,-7,2,2
,-2,-9,-7,-32,12,0,-1,0
,0,-6,4,20,27,7,1,-1
,4,0,-6,-22,-53,-3,2,5
,2,9,-1,-3,24,-1,-6,-6
,1,1,7,21,-2,1,-2,-1
,2,-3,-4,2,-14,-2,3,3
,-6,-14,-4,6,4,2,0,-1
,1,-1,-4,-7,7,-2,-2,0
,1,8,5,-1,-1,-2,1,0
,-3,-11,-2,-6,26,1,-2,-2
,5,8,4,-1,-18,-1,-3,-1
,12,14,-1,-2,20,3,8,5
,-2,11,5,4,-19,-4,-3,-3
,0,-12,-4,-3,13,-5,-5,-1
,-7,-7,-2,-3,-1,1,0,-4
,1,6,3,3,5,0,1,2
,-1,-16,-5,-2,4,0,4,-1
,-1,1,-2,-7,-13,-3,-4,-2
,2,16,6,-7,-18,1,-2,-3
,-2,16,-2,8,-1,0,0,2
,0,-8,3,18,10,4,-3,1
,-6,6,-5,3,13,-5,-1,-3
,0,5,8,14,-5,-6,-4,1
,-6,-31,-13,-36,21,-3,-5,-4
,6,31,5,2,-21,1,5,3
,3,1,0,-9,2,1,1,-2
,-2,-4,1,9,1,0,1,2
,-20,-54,-3,1,-19,-5,-4,-5
,23,78,6,19,15,1,-1,3
,-1,1,1,-15,-12,-3,0,-1
,0,-3,1,0,18,1,0,1
,-2,-3,-4,6,6,0,-1,-2
,-5,-33,0,-13,-7,1,0,0
,3,19,6,14,3,4,1,0
,1,8,0,10,10,0,1,-1
,7,-1,-2,-8,-23,-1,2,2
,-8,-16,-4,2,10,-2,-6,-6
,5,6,4,-3,-18,-4,-2,3
,-6,-19,0,6,37,6,9,2
,7,41,3,1,-10,-10,-12,-6
,-13,-35,-2,-2,-4,0,2,1
,3,11,0,-3,-16,-4,-2,0
,0,8,-5,9,-5,-5,-2,-4
,2,-6,1,-6,9,6,10,3
,-6,-22,-6,18,2,-4,-7,-3
,-3,7,1,-9,18,-1,1,-2
,6,3,0,8,-28,-1,2,6
,-3,4,1,3,-15,-2,1,1
,-2,-13,1,-7,-8,-3,2,3
,-5,1,-1,0,38,9,0,-2
,2,2,0,2,-9,-5,4,0
,3,-6,-2,-7,-5,0,-4,-2
,0,19,4,1,17,5,0,1
,0,-13,1,11,-15,-4,-1,-1
,-2,-15,-8,-20,-23,-1,0,1
,-2,23,4,8,24,-2,-6,-2
,3,-19,1,-15,-21,-2,0,-4
,2,8,3,13,-5,3,1,0
,-3,-6,-5,-6,20,6,3,0
,-1,-8,2,7,7,-2,-3,1
,-2,-3,0,-8,-1,-4,-2,0
,3,20,-2,-12,-14,3,6,1
,1,-1,-1,-6,-18,-2,-2,-4
,2,1,0,-3,2,1,4,3
,-4,-1,1,1,1,1,-5,-5
,-4,-27,-5,3,10,3,-1,-1
,-4,6,2,3,10,-7,-6,-3
,11,10,-1,-4,-9,9,6,3
,-1,3,-1,-8,-8,-7,-5,0
,-2,-3,1,8,-13,-3,5,2
,0,7,3,7,48,7,-3,3
,-3,-23,-3,1,-9,-10,-4,-6
,-1,6,0,-1,12,13,7,4
,1,-8,-3,-6,10,5,-3,2
,-2,-17,-3,-7,-12,-6,4,0
,-5,11,1,-1,-4,3,-4,-3
,2,-3,1,7,7,-4,2,1
,-7,-3,-2,4,-5,-7,-4,-3
,2,-3,-1,-5,-10,5,-2,-1
,0,1,-1,-6,10,-1,1,2
,-2,3,-4,4,3,-9,-4,-5
,-6,-17,0,-5,-38,3,-1,-1
,4,31,3,-1,2,-3,0,0
,0,12,1,-1,-10,-2,2,1
,-2,-1,-2,6,29,9,4,4
,-7,-14,-7,1,-2,-10,-8,-6
,-3,-4,5,7,-1,3,1,1
,-7,-13,-3,-11,-2,0,-1,1
,13,-3,4,7,9,5,5,5
,-8,-9,-4,5,2,-4,-1,-2
,7,44,7,-1,-7,-1,0,-2
,-11,-19,2,13,17,5,1,-3
,2,-16,-6,-25,-11,-7,-4,-1
,-3,1,-1,-18,21,1,2,-1
,2,-5,-3,1,-6,-1,-1,1
,2,6,2,12,-2,0,0,2
,-6,-3,-1,1,-4,-4,-6,-5
,9,17,4,17,5,0,2,0
,2,-20,-2,-3,-24,1,4,1
,2,10,0,-9,7,-5,-6,-1
,-4,-6,-3,1,-15,-2,4,1
,4,9,0,-3,4,2,-3,-5
,-7,-13,2,3,19,4,2,-2
,-5,-16,-9,6,-26,-5,0,-3
,10,36,9,-5,1,1,0,6
,1,-6,1,-2,37,3,5,2
,-3,-15,-1,2,-32,-7,-7,-2
,-2,2,1,-3,-2,3,1,-1
,6,-12,-2,8,-13,-1,2,2
,-1,12,5,-6,-7,0,-5,1
,-4,-17,-9,-2,20,-3,-3,-2
,-3,3,5,-8,-20,-4,-2,-1
,3,1,-9,6,-36,-3,3,-2
,3,-10,1,15,-6,-1,2,4
,9,7,1,-16,12,-5,-3,-3
,0,-5,-1,2,9,2,-1,0
,-6,4,4,-12,-11,-1,4,-1
,1,-2,-2,-4,-9,-3,-10,-2
,-4,9,0,5,0,-2,2,2
,2,-3,0,8,12,4,4,1
,-1,4,3,-15,17,0,-6,-7
,3,5,2,12,-9,-1,4,4
,-1,9,3,7,20,2,-2,-1
,-7,-23,-8,-6,-25,-4,-3,-4
,2,-3,3,16,-4,4,10,6
,4,6,-1,3,-3,10,-2,0
,-13,-22,-9,-41,18,-7,-10,-4
,7,23,0,24,-1,0,4,4
,1,28,7,12,17,8,-3,-5
,-1,-1,3,-2,-12,-12,0,1
,-1,-4,-1,3,-4,8,7,2
,2,-6,-1,-15,23,4,-3,1
,-4,-6,-3,-1,-33,-11,-8,-1
,-2,2,-5,-3,22,0,1,-1
,1,0,3,-6,-43,-1,2,1
,-3,1,-1,7,6,0,1,-4
,12,31,6,-10,21,7,0,3
,-2,-14,1,4,0,0,6,3
,-2,-19,-4,4,-30,-2,0,1
,8,18,0,-13,19,2,1,-1
,-12,-19,-3,11,19,0,-14,-7
,-4,-4,-3,-9,-12,-3,-1,-2
,3,29,4,-4,25,3,2,-1
,-6,-17,5,-6,-23,-5,-7,-3
,3,-13,-8,-7,-11,-3,2,2
,3,12,0,6,12,2,4,2
,0,3,4,4,3,9,-3,-2
,1,0,-1,1,-1,-2,1,1
,-17,-30,-7,-24,9,3,-1,-4
,23,55,11,18,26,5,4,5
,0,-6,1,23,-5,10,4,1
,2,2,-8,-36,-37,-6,5,1
,-7,-22,1,11,-19,-16,-4,-1
,0,-2,-3,-18,3,-1,13,1
,0,15,-15,-32,-35,-15,-21,-11
,-2,-3,6,13,17,9,2,-1
,5,28,2,-7,-3,-2,1,1
,-10,-41,-6,-6,-32,-5,-4,-3
,7,32,8,1,31,8,6,6
,1,-3,7,25,-1,-8,-4,-3
,2,-13,-5,-10,-4,0,2,1
,-5,-4,-7,-7,24,3,-7,-3
,-4,-9,1,19,4,-7,5,3
,2,19,2,-4,-11,0,-7,-3
,5,-11,-8,-12,22,5,3,4
,-5,-3,3,7,-13,4,-3,-4
,-6,-24,-1,8,-3,-5,5,1
,0,7,-1,-9,18,0,4,3
,-1,-7,3,35,-3,2,5,-1
,0,-9,-8,-23,-13,-7,-4,1
,-4,1,-1,-2,-17,-5,-3,-3
,3,17,-1,4,8,3,0,1
,-4,-5,2,7,-5,-5,-6,-2
,-2,-45,0,7,3,5,3,3
,11,60,1,-3,-12,1,-1,-2
,-2,-18,2,-7,-12,-2,0,4
,3,12,6,29,14,6,-2,-3
,-9,-17,-12,-30,-12,-17,-5,-5
,4,21,9,11,2,3,5,2
,-6,-16,-6,-8,5,-2,-7,-4
,1,20,-1,-4,2,2,1,2
,-1,18,7,26,25,2,0,0
,-2,-27,-1,-13,-10,-2,-4,1
,-5,-17,-3,26,8,1,6,-2
,3,40,2,-5,10,0,-4,-2
,3,6,0,-5,4,2,-2,-1
,-4,-25,-3,1,8,-2,-5,-4
,-8,3,-2,9,-11,-1,-1,-3
,8,-20,2,-7,5,4,6,7
,-4,10,-3,-5,-6,-3,-5,-5
,-1,-8,-3,16,6,5,3,3
,8,2,3,-9,10,4,1,-1
,-4,1,-6,-11,12,-2,-5,-6
,7,12,7,12,-29,1,11,7
,-8,0,-1,-5,8,-3,-3,-2
,6,-9,-1,15,5,4,2,3
,-8,-29,-2,-15,9,-2,-6,-4
,1,37,3,-2,-16,0,0,-2
,2,-13,-3,2,-21,-9,-2,0
,-3,-16,2,3,31,10,7,3
,6,15,5,7,-14,-1,-5,5
,-12,-31,-4,-2,-11,0,-3,-1
,0,-11,-6,-18,29,-3,-2,-1
,0,20,2,-1,-16,-1,-5,-3
,-5,-23,-4,-32,-7,-6,2,1
,-3,-12,4,21,-11,0,-4,-4
,11,20,1,13,12,10,8,5
,7,39,7,2,-35,-4,4,3
,-7,-19,-5,-22,-5,-8,0,-4
,4,17,7,38,-3,9,-2,0
,-8,-21,-15,-50,-5,-8,-4,-8
,2,-2,4,6,-8,-3,-5,1
,-3,-2,2,16,-15,4,8,3
,15,28,3,-6,44,0,-3,5
,-9,-25,-2,36,-9,7,3,-4
,2,-6,-4,-29,6,-3,-2,0
,-8,-7,-6,5,-18,-5,-3,-6
,-6,-17,-1,0,7,0,0,-4
,2,-2,3,5,-1,3,3,2
,-6,3,-7,6,-2,-10,-14,-4
,7,-2,0,-8,3,5,4,3
,-2,-2,0,-10,-17,-5,-2,-2
,1,12,-2,-19,1,0,2,-1
,-4,-7,2,10,5,7,4,-2
,-2,-10,-4,18,12,1,-2,-2
,5,-5,0,-8,27,8,4,2
,1,19,5,-3,-32,-8,-3,0
,-7,-32,-14,-18,24,1,-5,-4
,8,25,4,-5,26,9,5,2
,-6,-12,4,8,-19,-3,-1,0
,6,11,-4,3,29,3,-5,-3
,-7,-19,-5,7,-2,-6,-2,2
,6,34,6,-1,-35,-11,-4,1
,1,15,2,-30,1,3,4,0
,-6,-34,-5,14,-3,0,0,-1
,8,62,17,-9,7,-7,1,1
,2,-19,-4,0,-16,3,0,0
,-2,10,-3,11,2,-6,-6,-1
,-2,-9,4,4,-1,2,-6,-3
,1,-24,-15,-20,-3,5,7,0
,1,28,11,25,16,-2,3,1
,-2,-15,-11,-23,-22,-4,-11,-4
,1,-1,3,9,17,3,3,3
,0,6,8,20,22,11,10,-1
,-1,17,-7,-23,19,-5,-6,-3
,-4,-5,-6,-14,-23,-10,-4,-4
,-2,-2,5,19,-6,-5,-4,0
,-4,-19,-1,-4,-29,-6,-2,-1
,3,0,-5,19,11,10,5,0
,1,-8,-4,-10,-29,0,1,0
,-5,22,1,6,23,5,3,1
,10,19,8,3,-7,-5,-4,3
,-8,-45,-9,-2,1,1,1,-1
,-1,32,4,-19,16,-4,-7,-1
,1,1,-4,-1,-22,3,7,3
,0,-20,-9,-11,10,-7,-3,-2
,-5,0,11,15,-8,4,4,1
,-4,-18,-6,7,-13,-1,3,0
,10,17,10,-2,16,2,-1,2
,-4,17,-2,0,-2,-3,-7,-3
,-1,-17,-9,-6,1,1,7,3
,-12,-9,2,1,-40,0,8,-6
,2,-10,-6,-11,6,-8,-8,0
,1,-9,1,-3,-15,4,13,5
,-4,2,4,-15,-27,-4,-9,-3
,2,-21,-5,14,51,5,1,-1
,0,36,6,7,-20,-9,-1,0
,-2,-25,-5,-2,34,6,-3,-1
,-5,-9,1,11,-11,2,4,-2
,10,33,5,-11,23,2,-3,1
,-7,-35,-6,-7,-6,-4,-3,-5
,-1,-4,-1,8,18,17,11,1
,-2,12,4,-7,14,-6,-13,0
,0,-23,-4,21,-11,-2,1,1
,2,8,0,-11,-10,0,4,0
,-4,6,-4,15,16,-2,-5,-1
,1,-1,1,-26,-34,0,1,-3
,3,8,-3,-8,21,1,3,0
,-8,-35,-5,-1,-5,0,-4,-1
,12,48,8,9,-8,-3,0,4
,2,4,-1,6,14,6,-1,-1
,1,4,4,10,25,2,1,3
,-5,-12,-4,-2,-2,1,-1,-5
,-8,-22,-1,-10,-5,-2,-3,-5
,10,10,-4,23,3,-1,9,7
,4,13,3,0,-5,2,-6,0
,-7,-18,-1,1,10,-3,-4,-2
,1,-4,-1,-1,-8,0,2,0
,4,20,4,4,-11,-3,-7,0
,-4,-6,-4,0,1,-2,4,-1
,0,-3,-2,-14,-11,-4,0,3
,-4,-16,-4,0,12,-2,-5,-5
,-2,27,1,-15,18,4,3,-4
,7,5,15,24,-31,-8,2,5
,4,5,-6,-19,-2,1,0,1
,-6,-12,-2,3,-18,-9,-2,-3
,-4,-1,3,2,-44,0,-2,0
,0,31,0,-5,16,4,0,-2
,-4,-10,-1,-30,-10,-6,0,-4
,1,-4,3,-1,17,3,-6,0
,4,-4,-8,-22,-39,-10,0,-1
,-4,-9,-1,14,25,7,-3,0
,-1,8,-1,11,17,6,4,2
,2,20,-3,-17,-17,-1,5,0
,-1,-11,4,3,7,0,-2,1
,0,9,0,-12,16,3,-3,-5
,6,8,-4,11,-5,6,1,1
,3,0,4,21,-7,-6,1,2
,-4,1,0,7,32,2,-5,-1
,-8,-16,-3,-16,-35,-5,3,-1
,7,15,3,11,16,1,-3,1
,-2,-3,1,3,0,3,2,0
,2,16,-1,5,-23,-7,-1,-2
,-3,-13,-8,-27,22,1,3,1
,0,-3,4,11,-17,-6,-4,-2
,2,-5,-3,-9,-1,5,-1,1
,-9,-19,-6,-18,11,4,2,-2
,0,4,5,19,14,-1,1,1
,0,-9,0,-1,15,6,0,1
,3,42,4,7,0,-4,-8,-1
,-5,-32,-5,-10,1,0,3,-1
,0,7,-5,11,-11,-3,-4,-2
,-1,-7,-2,-5,14,5,0,-1
,-5,-16,-6,-17,2,-1,3,-1
,0,7,0,10,-5,-8,-5,0
,1,-14,-7,-6,2,-2,-1,0
,-8,1,9,5,-16,0,5,0
,9,24,-9,-3,-6,-4,-3,2
,6,-37,0,9,16,12,7,3
,-1,5,1,-1,-15,-3,-5,-1
,-6,-6,-2,11,10,-3,-4,-3
,-12,-20,-5,-9,-13,-4,0,-2
,11,8,6,-19,-4,-4,2,4
,-2,-15,-2,16,9,-2,-4,0
,2,13,2,-9,-4,1,2,-3
,-1,-10,2,11,10,-1,2,0
,-3,2,-2,0,44,11,-2,-2
,-1,-12,-4,-23,-27,-9,0,-2
,-2,16,5,6,-9,1,3,4
,-2,-21,-9,-11,-2,6,4,2
,6,12,0,-8,21,-2,2,-1
,-2,8,7,25,-10,1,-10,-3
,0,-14,-1,9,0,-1,4,3
,-3,0,1,-3,-1,-1,2,-3
,-10,-21,0,-2,-5,3,-9,0
,7,-8,-7,-19,-4,-2,12,1
,3,33,11,18,1,-3,-38,-3
,-2,14,6,7,13,3,37,0
,-3,-10,5,10,-10,1,-5,-3
,-1,14,-11,-2,-10,3,4,0
,4,-8,1,-3,13,-4,0,-2
,3,-2,6,11,-27,-1,-8,-2
,-6,18,-3,1,9,-2,-3,1
,-2,-10,4,3,3,-2,-1,1
,2,-2,-5,-7,-4,-2,15,1
,6,3,2,8,14,8,-15,0
,-7,-9,-5,6,-16,-9,4,-2
,-5,1,2,-13,-13,6,-2,1
,5,-4,-8,-19,-23,-5,14,-3
,4,-15,7,4,1,5,-12,4
,-2,-12,-16,1,9,-5,-11,-8
,3,-4,6,2,7,3,9,1
,-3,28,-1,-27,11,4,-4,-1
,-7,-19,-9,1,8,-1,-5,-1
,5,6,3,-1,-28,-3,-10,1
,-3,-13,-3,13,-3,-1,0,1
,3,7,-2,-8,22,2,11,1
,0,-1,0,3,-20,-7,-11,-2
,-5,-6,-2,0,-9,-2,4,2
,6,18,8,-6,6,1,-3,3
,-6,-20,-5,5,-9,-3,-7,-3
,0,44,7,-13,-17,-1,5,-1
,2,6,8,19,3,0,4,3
,2,-4,-11,-16,8,-1,2,-3
,-1,-10,-1,10,-6,-1,1,0
,1,8,1,-16,10,0,-2,-3
,-1,-2,0,3,-10,0,4,-3
,-8,-13,0,20,19,3,5,0
,3,5,-3,-2,7,4,-19,0
,1,25,2,-5,-20,-8,15,0
,2,-2,3,6,21,4,-5,1
,3,2,6,11,-2,-2,-4,-2
,-3,-7,-3,-6,-3,1,2,-2
,-4,-12,-3,16,4,-2,-9,-2
,14,21,9,-4,-10,-4,5,4
,-3,11,-1,-8,-9,0,-5,-1
,-1,-29,-6,11,-4,-2,5,1
,1,26,5,-6,-31,-11,-10,-2
,-9,-22,-12,1,25,3,8,-1
,7,-13,-2,-4,6,-4,-9,2
,4,25,11,8,-4,7,13,2
,-7,-30,-7,-1,12,3,-9,-5
,-4,-2,-3,-13,-8,-5,-1,-1
,7,24,3,21,8,-2,-3,-2
,-5,-1,2,10,-5,0,14,-1
,-3,-16,-4,-19,8,2,-5,-3
,-4,-8,-1,-1,8,0,-13,1
,6,31,4,2,9,7,21,3
,-1,-8,-2,-7,-3,-2,-15,-3
,1,7,-1,1,-12,-4,0,1
,-2,5,5,11,-10,5,14,1
,-3,-14,-3,-13,-1,-4,-13,-2
,1,4,-2,11,-6,4,15,4
,5,6,5,12,19,-3,-6,-2
,-4,2,-2,-7,-22,-7,-2,0
,1,20,5,0,-4,0,6,0
,4,-2,6,9,-25,-3,-8,4
,-3,-18,0,13,19,5,17,4
,0,4,-3,-22,4,3,-6,-1
,-1,-9,-3,-5,-7,0,0,0
,-1,16,8,8,21,-4,-5,-3
,3,-17,-10,-12,1,1,-3,0
,1,-4,-5,18,25,3,3,-3
,-5,-3,0,-11,-28,-1,1,1
,-6,-3,-2,-6,11,-2,-7,-4
,1,-10,-2,9,10,-3,-1,0
,-4,25,7,10,-4,1,4,0
,5,-7,-1,-6,14,4,1,1
,1,-4,-11,-4,0,-1,-12,-4
,-3,-8,2,1,-13,2,7,1
,0,-13,2,-2,-18,-12,-6,1
,3,25,6,7,9,19,13,1
,-5,-1,-9,-20,30,0,-2,-2
,-3,-14,4,0,-36,-3,-6,1
,2,-9,-9,0,1,0,0,0
,1,21,11,-2,-7,-6,-1,2
,1,-9,-4,-2,-16,-2,0,1
,3,19,3,10,10,0,0,1
,0,-17,-7,-16,14,1,4,1
,-7,9,-1,-4,5,0,-4,-3
,5,9,-1,7,-8,-1,1,-2
,-3,1,4,-4,-20,-3,-4,-3
,-2,0,0,-1,9,4,0,-3
,-3,-27,-8,-3,-11,-5,3,1
,-3,-6,4,15,27,0,-8,0
,5,10,-2,-10,-4,6,3,3
,-3,-20,-2,-8,-20,-5,-5,-4
,-2,13,-2,-19,10,-6,-19,-5
,1,-2,1,8,-1,1,28,2
,1,4,-1,2,4,-1,2,-1
,-2,15,4,-19,-14,0,-2,-4
,-4,-25,-6,6,9,-3,-11,-5
,0,1,2,-6,-20,-2,-7,0
,1,-11,-3,-8,8,0,1,1
,1,13,1,30,6,2,2,-3
,0,0,0,-20,-4,-1,-1,0
,6,16,5,2,-3,-2,2,4
,-8,-12,-3,-4,-12,-1,8,-3
,3,-5,-4,-4,8,-4,-3,2
,2,-7,2,9,-8,0,-10,-1
,-1,3,0,-24,-4,0,6,-1
,-3,1,0,8,3,-4,-2,-2
,11,8,0,8,-19,-3,5,3
,-4,-26,-7,-1,21,6,-8,-1
,-11,8,3,0,8,-3,-12,-2
,9,4,0,1,-36,-3,21,-2
,-9,-20,-4,-6,-9,3,-8,-5
,0,11,-5,-11,15,-6,5,1
,-1,-4,-1,9,13,2,2,-1
,2,24,-2,-13,-4,-1,-4,-1
,1,9,3,0,18,0,3,0
,1,-30,0,45,6,4,5,2
,2,-12,-3,-13,-23,-4,8,2
,2,16,0,4,22,4,-29,-4
,-3,3,0,-26,-19,-9,-3,-2
,-9,-10,-4,-14,-10,-1,17,2
,4,16,-8,19,6,5,-3,-2
,-1,-12,5,19,16,2,-10,0
,3,5,5,-4,-3,7,4,5
,-1,23,0,1,-2,-1,5,0
,-3,-17,3,-4,-13,-3,-13,-2
,5,-17,-5,-9,17,7,12,5
,-2,18,1,-3,19,-3,-2,-1
,2,-15,-3,9,-38,-3,-5,-1
,-3,-2,0,-7,-5,-1,3,1
,1,0,-5,-7,9,1,-5,0
,-3,-11,2,4,38,8,8,2
,5,23,2,-7,-16,-4,-5,1
,1,-19,-5,8,-24,-5,2,-3
,-7,-1,-3,-21,-19,-3,-4,-3
,-2,3,2,4,-14,-3,3,0
,-2,1,7,8,20,7,0,-1
,3,12,-3,-21,-13,-4,-17,-1
,-4,-11,-1,14,16,1,20,-2
,-3,-6,1,6,-18,-2,-5,2
,12,-3,2,0,6,-1,2,2
,-4,0,7,13,31,7,-5,-2
,-4,-7,-3,-8,-5,-7,1,-1
,1,9,-7,-3,2,2,1,-2
,0,3,-1,-3,-13,-9,-9,-1
,3,-3,-5,-6,33,8,17,2
,-3,-11,1,4,-7,-1,-5,1
,5,51,6,20,-12,-2,3,3
,-4,-11,3,-12,19,4,-2,-2
,2,13,-6,-6,-35,-10,3,0
,-4,-5,0,15,19,2,0,0
,-1,-10,0,-2,-11,-4,-18,-1
,-1,-2,-4,11,-9,3,3,-3
,1,-6,7,-21,21,6,-6,3
,1,14,3,11,-7,-3,7,-2
,-1,5,7,9,15,0,3,0
,1,-14,-17,-30,-23,-1,3,1
,-5,-19,-1,22,20,-1,-5,-3
,-1,10,2,-5,-20,0,-6,-2
,6,-11,-2,9,25,3,10,3
,-7,-9,1,-27,-11,-3,-4,-4
,2,4,-3,18,3,0,6,0
,1,2,2,-10,-2,-3,-12,3
,-1,-6,-3,6,1,2,4,-5
,-9,-27,-4,-4,-12,-1,3,-4
,5,35,4,-13,-17,-4,-9,0
,0,0,-1,-1,20,0,-1,-1
,-2,-16,-5,-2,-7,-2,-5,-5
,-7,-2,1,16,22,-1,-1,-2
,1,-12,0,-12,-14,1,-4,2
,-1,8,1,11,28,-2,16,-3
,6,6,-3,-17,-53,3,-7,3
,1,18,4,12,23,0,2,2
,-2,-10,-3,0,-8,0,2,0
,-4,-4,4,9,2,1,-5,-2
,-2,-13,-4,0,11,0,0,0
,3,15,1,3,4,-6,-1,-5
,-7,-23,-5,4,-5,4,4,-1
,9,5,4,28,-3,2,-7,7
,-6,15,6,-34,30,4,2,-4
,1,-1,-2,3,-20,-2,8,1
,-7,-1,0,-7,11,-3,-2,-3
,4,-21,-7,13,-18,-5,-6,-2
,0,-13,-5,3,10,1,7,3
,1,28,17,-2,11,4,-6,0
,0,-19,-5,6,-3,-3,7,-2
,-6,-2,-2,-29,-19,2,-5,-1
,9,11,-3,11,31,3,-3,1
,-8,-25,-4,7,-9,-8,6,-1
,9,34,14,18,-16,2,-4,0
,-1,-8,-2,-22,-9,-5,-5,-1
,-5,-7,-5,-4,0,1,-6,-4
,1,-8,-5,6,9,6,18,3
,-1,-1,3,3,-8,0,-2,-2
,1,19,0,-16,-8,-5,-7,-3
,-3,-11,1,9,9,-2,7,3
,2,17,5,7,-17,3,-2,-1
,0,-2,-3,-1,8,-2,1,0
,-2,-10,-4,-28,-2,2,-1,-2
,-5,-1,-1,6,-4,-6,-3,-3
,6,15,-1,-8,-14,-3,-4,2
,-3,-11,2,-10,29,6,3,-2
,-2,-14,-5,25,-17,-4,-9,-2
,-2,24,1,-2,-9,0,15,-1
,3,-12,-10,-20,36,1,0,1
,-3,-5,2,-10,-39,-3,-2,-2
,-2,3,-3,13,-10,2,1,5
,-2,-25,4,20,-1,-1,-8,-1
,-4,-4,-4,-12,5,1,10,-1
,-5,9,-4,-9,-2,-8,0,-2
,16,26,10,17,25,6,-1,6
,-2,-11,-3,-11,-20,-3,-2,-1
,1,7,0,-2,3,1,-6,-1
,1,4,9,19,12,3,-8,3
,2,26,-5,3,-11,-3,11,0
,1,-17,4,-23,7,2,-5,2
,-1,19,6,24,-14,0,-7,-1
,2,-5,-9,-9,17,-4,7,-1
,-4,-13,3,-16,-19,1,-9,-4
,2,-2,-8,-11,11,-1,-1,1
,-9,-4,-1,-11,-3,-2,10,-1
,6,2,1,-5,-4,0,7,1
,-2,0,3,9,19,5,-7,2
,-2,23,2,12,-17,-5,-1,-7
,-2,-27,4,-4,12,3,-19,1
,4,24,-7,-3,-12,-3,-1,-2
,-4,-19,-6,-22,13,2,14,0
,5,17,10,32,-3,-2,-17,3
,2,-5,-2,-3,-9,0,12,0
,-2,-7,-2,4,8,0,9,0
,-5,-16,-9,-11,-20,-7,-7,-3
,-6,-2,6,22,10,4,-2,1
,3,-4,-3,-9,-12,-2,5,0
,1,-9,-10,-43,13,3,-3,-2
,-1,18,9,28,-10,-3,2,0
,2,-1,1,-9,-3,1,6,0
,0,1,4,12,3,-4,-6,0
,-4,-6,-1,10,-15,-2,-4,0
,2,-3,2,7,30,2,2,1
,2,-6,-2,-11,-2,-1,0,-2
,-1,-12,-3,3,-3,0,7,1
,4,12,9,4,-1,-3,-8,0
,-5,-7,-2,-8,-14,0,4,-1
,0,8,-1,4,-1,-1,-6,0
,-3,-15,-4,4,25,-1,-7,-1
,0,8,-1,5,-28,4,-7,1
,0,-8,2,-11,15,-8,20,-1
,-5,-28,-4,14,1,0,-11,0
,4,38,1,-23,-6,-1,-13,-4
,1,3,4,20,-10,2,8,4
,-5,-9,-5,-3,7,-1,-6,-3
,-1,9,0,9,-4,-1,1,0
,-1,-6,-3,0,-3,-2,-4,2
,5,-5,1,-4,10,-2,-3,0
,-3,10,4,18,4,-1,-4,0
,2,-3,3,-20,-6,1,9,1
,0,2,-2,19,-8,-3,-3,-3
,-3,1,1,-2,7,2,0,0
,3,-6,-3,-10,-16,-3,-9,0
,-1,-4,-4,-4,-7,-2,8,-2
,-7,-11,2,18,7,1,4,1
,-1,-7,-5,8,-17,-4,-6,-1
,0,9,7,9,35,7,-15,0
,6,10,-6,-33,-18,-5,24,2
,-2,-11,0,11,4,2,-9,1
,-4,-6,-5,1,11,-2,14,-6
,1,5,0,3,-18,-2,-5,-4
,0,-9,-2,-4,0,0,1,3
,6,30,5,0,1,-2,-8,2
,-2,-1,2,-2,2,2,12,0
,6,-1,-4,-4,6,-1,9,2
,-5,-23,0,8,23,0,-16,-6
,9,18,-2,-8,-38,-1,9,2
,-13,-11,0,5,16,1,-9,-4
,8,1,3,-6,-7,5,8,-1
,-4,-6,-2,-24,8,0,2,-2
,0,-11,2,7,-15,2,-7,0
,-9,-15,-2,-18,3,-4,1,1
,2,10,-3,-9,-8,-4,2,2
,6,28,2,10,-15,-6,-22,2
,-5,-7,2,-7,22,5,18,-4
,-3,-11,-1,10,1,-3,-9,2
,1,25,-4,-2,21,3,3,-3
,-1,-8,-4,-2,17,2,3,0
,1,-4,-1,-14,-27,-3,-9,-1
,5,5,0,12,-3,-5,0,-2
,-5,-11,-6,-9,-2,0,-2,0
,-4,-1,1,-4,-16,0,5,0
,0,-5,-2,5,26,6,1,-1
,3,-2,2,1,0,0,-17,-3
,-3,-1,1,-9,-30,-5,14,0
,-1,-11,-5,-1,-1,1,0,-2
,0,19,4,-2,-15,-6,3,-1
,0,-3,-3,-7,31,3,-7,0
,2,2,0,5,-41,-6,-4,0
,-6,-15,0,-11,21,2,1,1
,2,3,-6,-8,-28,-5,0,-1
,4,3,1,-3,11,2,0,1
,-7,-11,0,4,-29,2,13,2
,0,18,8,13,4,-3,-19,-4
,2,-11,-7,-16,-5,-1,6,2
,1,13,-2,3,7,4,1,1
,-8,-16,-3,21,22,0,-9,2
,5,-1,5,-5,-13,2,7,3
,-2,1,-2,14,15,-2,5,0
,4,37,8,-8,-27,-4,1,-1
,-4,-7,-5,1,26,5,-2,-3
,0,-12,-2,14,-14,-4,1,2
,-1,5,0,6,26,1,-7,-3
,-4,-22,-5,4,6,7,12,3
,1,-7,1,0,-14,-2,-7,-2
,2,25,-2,-3,43,0,-1,0
,-3,-11,-1,-3,-23,1,0,0
,-4,0,10,-2,-18,-3,5,-1
,15,31,-6,3,2,-1,-4,3
,-5,-3,1,17,19,3,11,-3
,0,-1,-1,-7,25,5,-20,-1
,-6,-9,-3,6,-20,-6,1,-2
,0,12,5,-29,9,-2,-2,0
,-1,-19,-7,18,-24,2,8,2
,0,16,9,7,22,5,-1,0
,4,1,-2,-1,36,2,-2,-3
,-6,-18,-5,15,-66,-10,1,-1
,2,8,-1,-21,-13,-2,-9,-1
,-9,-21,1,-4,15,10,5,-2
,5,-2,3,2,7,-3,-4,4
,3,24,-1,2,45,7,8,2
,0,2,2,5,-19,3,-5,-1
,4,3,-1,-10,-20,-5,-1,-1
,-4,-2,0,13,-9,0,-2,0
,-4,-19,2,-15,0,-4,-6,-3
,-1,10,0,1,-5,-1,-1,3
,2,11,-2,7,-4,-4,4,0
,2,4,-4,-7,-8,2,3,2
,-2,-11,3,3,12,-2,-2,-4
,-4,-3,-4,-24,6,-1,-1,-1
,1,-12,-5,-12,-10,-5,-11,-2
,-3,9,1,-11,-4,-2,17,-2
,4,-3,-6,-4,-1,3,-5,-1
,-1,-11,5,8,4,-3,11,-2
,-3,-11,-5,5,6,-7,-8,0
,3,2,0,-9,-22,1,-7,-1
,-4,-6,-2,2,22,5,1,2
,2,7,-2,1,-22,-7,-2,-1
,-5,-9,-3,16,-4,-5,1,-3
,4,-15,-5,-4,7,2,-1,2
,4,25,8,-5,-9,-1,-2,-1
,-6,-34,-10,-9,-18,-3,5,-2
,-2,-5,3,4,-4,-1,5,0
,-1,15,-2,13,13,7,-6,-1
,-6,-32,-4,11,-1,3,-1,-2
,4,45,6,-6,7,-1,-4,2
,-1,3,-2,-14,-24,-10,0,-3
,-3,-12,1,10,-8,-5,-9,-2
,-2,-15,-6,-7,10,-4,-1,1
,-3,7,1,16,-2,3,-7,-2
,3,-21,-7,3,-7,3,0,3
,1,26,2,-6,23,-1,4,0
,0,3,1,6,-23,-2,-4,1
,-2,-5,-1,-15,-10,-7,-6,2
,-3,-1,1,2,24,7,7,1
,1,-14,-5,2,-34,0,4,0
,-4,11,6,-1,50,2,-3,-3
,1,-5,-4,9,-21,0,-5,-1
,16,29,0,1,-26,0,13,8
,-5,-10,-3,-21,29,1,-15,-5
,-5,32,11,25,-2,-3,10,-1
,9,14,0,17,13,1,-1,5
,-12,-16,-1,13,-7,-2,-3,-5
,1,-4,-1,-14,2,1,2,4
,-1,-16,-5,-5,-6,0,0,1
,-14,-28,4,-3,10,-3,2,-5
,17,42,3,-2,-2,2,-9,4
,-4,2,1,7,3,-2,9,0
,-1,-12,-1,-18,9,5,-1,1
,2,-3,2,9,5,1,3,1
,-6,-9,0,1,22,2,-1,-2
,5,-1,3,-1,-37,0,-9,0
,2,10,2,-1,13,-5,-1,4
,2,12,-3,-2,5,4,1,-6
,-3,-8,0,-9,3,-2,-1,1
,-2,0,0,2,14,3,5,1
,0,-8,-3,0,-41,-2,-4,0
,2,-7,-5,-21,-1,-1,6,1
,-4,2,7,14,17,5,-1,-4
,5,4,-1,-2,-6,-5,0,0
,2,-22,-1,2,20,4,-2,-2
,0,45,3,4,-31,-1,0,2
,-3,-14,-6,-23,38,3,0,-1
,-1,-8,0,9,10,-5,-3,1
,-3,0,-6,-14,28,10,2,-3
,-9,-39,-1,27,-27,-13,-5,-7
,16,53,7,8,26,11,6,8
,-6,-15,-9,-2,3,2,-7,-2
,-5,-5,-1,-2,5,-13,1,-3
,12,27,9,14,-1,5,4,2
,-10,-9,-3,-5,-4,2,-3,-4
,-3,-1,-1,0,-21,-7,-8,-3
,0,-8,1,-4,-8,2,10,4
,-4,-11,-7,-11,11,1,0,1
,1,-3,2,7,-3,-4,-5,2
,4,10,-1,-10,3,5,0,-2
,-2,-2,5,5,-25,-8,-4,-2
,1,3,1,-3,22,4,11,1
,-3,-10,-3,-11,-24,-5,-2,0
,-3,0,1,16,-2,-1,-3,-1
,3,4,-4,-10,-5,1,0,1
,-3,-11,-1,-7,16,8,-1,-1
,6,3,3,2,-25,-6,3,1
,-1,2,0,-10,10,-3,9,3
,0,-4,-4,15,8,2,-12,-8
,-4,-6,-6,-13,-19,-7,-1,1
,-6,-5,2,-7,20,3,-1,-1
,5,-23,-6,4,-4,-4,3,1
,3,37,18,6,-10,2,9,3
,-3,-20,0,27,37,0,-7,-1
,3,3,-3,-19,-59,-6,0,-1
,-3,24,3,-2,17,3,-14,-6
,4,0,-8,-5,28,4,24,2
,2,-12,0,-4,-7,1,-8,0
,-4,-3,2,18,10,-4,-2,-2
,-1,10,3,4,-7,1,4,0
,2,21,5,-4,-2,-4,-8,1
,2,8,-8,-12,-1,2,5,-2
,-2,-29,-4,-9,-12,-7,-4,-1
,-5,-2,3,28,-13,2,1,1
,7,-1,-8,-15,-2,-1,-6,1
,-1,-14,2,6,-2,0,1,1
,-2,35,2,-3,0,-3,-2,-4
,-2,-2,2,-1,-2,-1,-4,-3
,-1,-5,-3,1,-4,1,1,1
,2,7,2,18,2,1,14,3
,-5,-20,-4,6,8,5,-2,-4
,2,-4,-2,-23,-19,-8,-5,-3
,-1,-3,-5,12,-4,-9,-2,-1
,1,-22,-6,-31,-11,5,-3,1
,6,26,3,-1,13,-3,2,2
,2,20,1,-1,12,4,6,3
,-3,-4,-1,14,3,4,2,-3
,2,9,0,-17,-25,-5,-6,-1
,-6,-23,-2,-8,5,2,-4,1
,9,16,3,0,9,3,3,1
,-9,-28,-5,-4,-3,-4,-8,-3
,6,43,2,-1,9,4,1,3
,-2,-25,-2,20,2,-4,1,-3
,-1,-2,-1,-4,-31,-1,-5,-1
,-4,-8,-2,-34,-6,-6,-4,-1
,-2,-3,5,13,-6,-3,-1,-1
,-2,-10,-3,7,10,2,-3,1
,0,-4,2,3,16,0,10,0
,0,-4,2,13,-16,-1,-5,1
,0,-2,-4,-11,-6,0,-1,-2
,1,5,-1,4,-8,-1,3,-1
,-4,-4,-1,9,10,0,2,-2
,-1,-2,0,-8,28,4,-1,-1
,5,9,-1,-4,-23,-9,-5,1
,-6,-14,1,8,17,0,4,1
,10,17,-5,-6,-38,0,-3,0
,-1,-4,-5,-18,-49,-10,0,1
,-8,6,2,12,47,7,-1,-2
,2,-1,1,-7,7,1,4,1
,-5,-17,-8,5,23,-6,-5,-1
,3,-4,7,13,-6,5,-9,2
,6,22,8,25,13,-2,13,0
,-4,-2,-1,0,-19,0,-11,0
,-4,-12,-4,-16,8,-1,8,0
,2,17,2,-8,8,-3,-2,-1
,-3,-17,-1,-13,-24,-5,-5,-1
,5,7,-1,-2,16,6,3,1
,-10,-25,-3,6,9,-8,-4,-4
,4,24,0,-3,4,5,2,-2
,-2,-19,-1,-2,15,-1,-8,-3
,-3,-4,-4,-7,-22,-4,1,-3
,2,7,-4,4,-6,2,1,2
,-1,-11,-3,18,0,-1,6,0
,-4,-5,2,-11,14,3,-2,0
,7,3,-1,3,-2,0,1,2
,0,-4,2,-11,-21,0,6,0
,0,-4,4,29,34,4,2,-1
,-1,2,-5,-23,-5,-1,2,2
,3,46,5,13,-20,-7,2,-3
,3,3,3,2,18,6,-7,-2
,0,-18,-9,-16,-30,-2,-4,0
,-5,-18,2,8,4,-1,9,-1
,0,-6,-2,-1,-16,3,-3,1
,-3,-5,1,-2,24,-1,1,2
,-4,5,-1,12,3,2,-2,1
,-2,10,0,-20,-12,1,0,-1
,-2,-10,-2,20,4,-2,-2,0
,-4,-15,-1,1,12,5,1,0
,1,2,6,2,13,1,1,0
,-3,-1,-3,-9,-14,1,1,0
,8,7,6,8,37,0,-1,3
,-1,1,2,-8,-43,3,-5,-4
,-3,11,-4,-25,-7,-8,-5,-3
,-2,-1,-4,20,9,1,3,-2
,-2,-5,4,-6,3,1,-2,-1
,0,-17,-3,4,-15,-6,-3,1
,3,16,9,10,27,7,4,-1
,4,-6,-8,-25,-52,-11,-6,1
,-8,-16,-4,-6,1,-2,-7,-7
,2,8,-2,8,-11,-2,7,2
,-1,-2,-2,-3,14,3,3,2
,-4,-8,-2,19,12,-2,-6,-2
,-3,-20,-4,-14,-17,1,4,1
,8,63,10,-1,11,1,-2,1
,-3,-20,-3,-1,-9,-4,-2,-2
,-3,-7,1,3,8,7,-2,-1
,5,6,-5,-10,14,0,3,0
,-5,-14,0,11,6,1,-6,-3
,0,5,1,-12,-5,5,3,-2
,0,9,4,-1,14,-3,-8,2
,-8,-3,0,4,-27,-2,1,-2
,7,-3,-2,1,12,0,-2,2
,6,3,0,2,7,0,5,4
,-3,-7,-1,2,-26,1,3,-2
,-2,4,1,-6,-2,0,-5,1
,-7,-9,-2,-5,51,5,-3,-2
,1,-24,-4,-7,-72,-11,1,1
,2,37,4,11,24,4,-2,-3
,10,23,5,-2,-18,-7,0,3
,-1,-11,-4,-6,9,2,4,1
,-6,-3,0,13,12,-2,-3,0
,0,-2,-1,-5,-1,1,-1,1
,-3,-4,-1,-7,11,-1,0,0
,4,2,2,7,-21,-2,6,0
,-2,2,-1,-20,6,0,-10,-2
,-4,-19,-7,4,-13,-1,-2,0
,-1,3,-1,-2,34,5,1,-2
,1,-1,1,1,-7,-1,-3,0
,-2,-6,0,11,-12,2,9,-1
,-2,-11,2,4,7,-5,-12,-3
,1,11,-4,-10,28,4,0,2
,6,7,-3,-24,-32,-4,4,-1
,-3,6,3,20,-19,-2,-8,-4
,3,3,2,3,5,2,6,0
,-7,-20,-10,2,6,1,-2,-2
,-9,-10,1,-4,10,-4,-6,-6
,1,8,-3,5,-1,0,4,3
,12,-3,-2,-20,-25,-4,1,4
,-6,-43,-2,11,3,2,0,1
,6,61,10,20,-16,0,7,4
,1,-14,-3,-8,11,2,0,0
,-4,-2,2,2,-1,-2,-1,-3
,4,9,-3,-5,0,-3,-2,-2
,-5,-16,-1,11,18,2,-5,-2
,7,9,0,6,-3,1,6,4
,2,15,1,-17,5,-3,-2,0
,1,3,1,0,-11,3,2,1
,-10,-9,2,13,0,-4,-6,-2
,10,12,1,-10,10,0,-2,0
,4,-5,-6,10,12,3,3,0
,-1,8,1,2,5,0,1,-1
,0,-14,-4,-16,-39,-4,1,0
,-4,-3,0,-14,14,3,1,4
,-2,-16,-1,14,21,0,-2,0
,2,18,2,3,-31,-1,1,-1
,2,-20,-2,12,9,0,-2,2
,-5,5,0,-9,7,3,0,0
,-5,9,1,-1,-6,-3,-2,-5
,0,-13,1,-9,-10,-3,-5,-3
,-1,-18,-11,-6,23,1,7,2
,0,11,-3,-2,-11,-3,-4,-1
,-3,-1,1,8,10,0,0,0
,-2,-3,0,0,6,-2,4,0
,-1,-12,-1,-12,-46,-1,-7,0
,-2,4,0,1,26,-2,-4,-5
,3,6,1,1,11,0,1,-1
,-3,0,5,0,4,2,3,-1
,0,-3,-3,-7,-25,1,2,2
,-7,-4,-4,9,6,4,-1,-5
,-1,-1,0,-2,-3,-1,-11,3
,-1,-8,2,8,-3,-1,11,3
,4,17,3,13,36,5,15,1
,-1,-11,-5,-10,-25,-9,-10,-3
,-1,-2,0,-6,-10,1,-1,-1
,7,11,0,10,14,0,-4,2
,-10,-18,-1,2,-10,-3,-2,-3
,16,28,4,-16,0,1,10,2
,-3,3,2,16,8,4,-2,-2
,-6,-11,-4,4,-8,-3,-7,-2
,4,8,6,2,19,3,-2,1
,-7,-17,-3,-3,4,1,-1,-2
,0,-3,-4,5,-3,-3,5,0
,2,15,2,-15,-11,-1,-1,-2
,1,7,-2,-1,15,0,0,0
,-2,-14,-1,8,-7,1,0,1
,5,24,5,-6,-8,1,6,1
,-4,-3,-7,4,2,-1,-7,0
,1,-2,-4,-8,-7,-5,4,-2
,-1,3,5,-2,1,3,0,-1
,-3,-5,-2,-4,9,-2,6,1
,0,-9,-3,-9,-40,1,-7,-1
,1,20,-2,-7,18,-1,-2,3
,-2,-6,3,-5,-1,-5,3,-2
,1,7,-4,-10,-6,2,1,0
,5,4,-2,4,17,7,10,2
,-1,21,4,18,-5,-6,-16,-2
,-2,-13,-1,2,-9,-3,0,-1
,-5,-9,-2,-3,3,2,3,-1
,2,9,4,6,3,-4,-1,0
,-1,-20,-6,-6,1,2,2,-1
,0,11,3,3,6,1,-3,2
,1,3,0,2,-11,-2,-3,1
,0,-3,-1,-3,12,1,1,-1
,-5,-22,0,-10,-7,0,2,-1
,3,17,1,25,-10,2,1,1
,-7,-18,-7,-23,-5,-4,-9,-4
,1,25,3,-2,13,4,10,0
,-3,-8,0,-7,-9,-3,-1,-2
,-1,-5,4,14,2,1,0,4
,-1,0,2,-11,-10,1,-2,-3
,1,-12,-6,-7,-11,-4,0,0
,7,22,4,2,1,1,2,1
,-3,-3,1,0,18,2,-5,0
,-3,-7,-3,10,-9,-5,5,0
,1,6,2,4,-3,-3,-7,0
,-1,-1,2,-6,-4,0,-2,-1
,-1,-15,-7,-8,-15,-6,-1,-3
,-3,-9,-1,0,-11,3,2,0
,1,14,4,-4,10,-4,-4,0
,-1,-4,-2,8,0,-5,0,1
,8,36,4,-12,0,0,-1,1
,1,-1,6,15,12,-1,-1,2
,-4,-15,-4,-7,-11,-5,-5,-2
,-1,8,0,-2,-13,2,8,-1
,-3,-9,-5,-4,13,4,-4,-2
,1,0,4,1,8,-1,0,-2
,1,0,-7,-2,-12,0,-2,1
,-1,1,4,-14,-8,-3,1,-1
,-1,-13,-5,14,38,2,-2,-1
,5,6,1,-1,-43,0,2,1
,-1,-4,0,4,1,-2,4,0
,-2,-2,-4,7,0,-4,-18,-8
,1,-6,-1,-4,-5,0,7,1
,-2,-7,-3,4,19,3,-7,-2
,-2,1,0,3,6,3,11,2
,5,15,3,-7,0,-1,-1,4
,-9,-12,-5,7,-7,-3,-1,-3
,4,-2,-2,-13,7,0,-2,3
,-2,-5,1,4,-19,0,-1,-3
,-3,-13,-3,5,29,8,-2,1
,2,15,0,-11,-11,1,0,-1
,-7,-10,-2,6,-3,-3,-1,-2
,8,15,6,7,22,5,1,3
,-2,-8,-1,3,-10,-2,1,1
,-4,2,3,10,-17,0,3,-3
,4,14,-4,-12,-26,-4,-1,-1
,-3,-9,3,9,14,0,-1,-2
,0,-9,-1,6,8,-1,-1,-1
,-3,-7,-2,-2,-9,2,5,0
,-3,1,1,-1,15,0,-7,-2
,3,-9,-2,-19,-2,1,4,-2
,3,11,0,9,-9,-4,1,1
,-5,-18,-1,-10,-10,-4,-3,-4
,7,9,5,10,20,2,4,2
,-3,-5,-5,-20,-22,-4,-4,1
,-1,-9,-2,-10,15,7,7,-2
,-1,4,-2,-13,3,0,-3,0
,-2,0,-3,-5,-8,-5,6,0
,-5,-5,0,6,10,-2,-7,-1
,1,1,1,-2,-9,-4,1,0
,3,-2,-1,0,11,3,0,4
,-4,-16,-2,3,-4,1,1,-2
,-4,1,1,-5,1,1,-1,-2
,-3,-1,-1,5,-4,1,-1,-3
,-1,-5,-2,-1,-1,-2,-5,-1
,6,4,-2,9,14,4,5,4
,-4,-6,-4,-3,-11,-3,-5,-4
,1,6,-1,-10,2,0,1,0
,-1,5,4,9,-2,-5,-8,-4
,0,6,3,-2,4,4,3,2
,-1,-12,-1,27,3,-2,-4,-1
,4,24,6,-13,-9,4,4,1
,-3,-25,-9,-6,14,-4,3,2
,4,62,15,1,-9,-3,-7,-1
,-3,-15,-7,-6,-7,0,3,0
,-2,-15,4,3,14,1,-3,0
,1,3,-2,5,-8,-1,3,3
,3,-11,-6,5,17,1,0,1
,-1,8,3,0,-31,-1,4,3
,3,-1,-6,-2,6,-2,-3,-1
,-1,9,7,-3,-1,-2,-3,-1
,-4,-15,-6,-5,-5,-4,0,0
,0,15,1,-10,-4,-1,0,0
,-6,-25,-6,9,-1,-3,-1,-2
,0,6,6,1,12,5,3,1
,1,-9,-9,1,-18,-1,-5,-4
,-1,22,6,-4,0,4,-2,-1
,0,3,2,11,11,-2,-9,-3
,0,2,-1,1,-6,1,12,0
,0,3,5,10,9,-2,-6,0
,-2,-26,-10,-8,11,-3,-4,-2
,1,14,2,-14,-12,0,1,1
,4,11,2,0,-2,-1,-1,-2
,-1,-12,-2,-4,4,2,4,0
,-3,-4,-4,0,4,-2,-1,-3
,-3,-11,-1,-2,-3,-4,-7,0
,10,19,1,-2,6,0,1,2
,-6,-7,0,-5,-1,0,0,-1
,3,-2,4,4,1,1,3,2
,2,25,5,6,3,0,0,1
,3,-8,-9,-8,-13,0,2,-2
,-2,-6,-2,4,10,1,-2,0
,0,7,1,-9,34,0,3,0
,-6,-10,-2,14,-39,-6,-1,-2
,5,-1,4,-11,3,3,-3,2
,-2,11,1,-9,9,-1,0,-2
,12,12,5,16,-1,1,-1,3
,-1,0,-8,-15,-10,2,4,2
,-5,-11,4,-1,24,2,0,2
,-6,-31,-1,11,-2,-2,0,-7
,4,36,6,3,-6,0,-4,-1
,0,-20,-1,-5,7,-1,-4,2
,-5,2,-1,8,-17,-1,-3,-1
,7,20,1,-13,5,2,5,8
,-6,-22,-4,1,-7,0,4,0
,-1,3,-1,6,2,-1,-3,-2
,-7,-13,-5,0,-2,-4,-3,-4
,2,18,4,-2,7,-1,0,-1
,-8,-19,-1,12,-8,-1,-3,-2
,15,25,3,-4,9,3,4,5
,-4,-2,2,2,-15,-5,0,-5
,-5,-15,-5,10,3,0,-9,-4
,7,11,-5,-13,8,0,2,2
,-2,3,3,2,8,2,7,0
,-1,-3,-3,-6,3,-2,-4,0
,-1,5,-3,-9,-20,-2,5,0
,-4,-12,4,1,-14,-3,-1,1
,-3,-21,-7,0,36,6,-2,-4
,2,4,-5,-3,-21,-6,-4,0
,-2,0,1,6,5,5,5,2
,-4,-4,-1,-1,20,4,2,0
,0,-8,-1,3,-26,5,6,1
,-1,17,3,6,7,4,0,-1
,-5,-23,-5,-6,-6,-4,-2,-1
,2,-9,4,-1,-35,-8,-1,1
,1,28,-1,3,30,4,-2,-2
,-3,-20,-3,-5,-7,2,2,4
,8,4,4,6,-22,-10,-2,1
,1,17,7,23,29,8,0,-2
,-8,-5,-8,-53,-20,-6,2,-2
,-3,-6,-2,0,-4,-1,-3,-2
,-3,-8,-1,4,21,-1,-4,1
,4,17,-3,-12,-16,-2,-3,-1
,-2,0,9,21,1,-3,1,1
,6,23,1,4,12,2,1,0
,-8,-28,-5,-8,-19,1,-1,-3
,3,10,4,-1,29,-4,-1,1
,-4,-26,-9,0,-28,-1,-7,-1
,0,5,7,-8,-4,-3,1,-3
,3,18,-1,3,15,1,-2,0
,-8,-12,-5,5,4,0,-2,-2
,6,-11,-4,0,-19,-6,2,0
,2,20,5,2,3,0,-3,0
,-2,0,-1,0,6,4,1,1
,-6,-4,-1,-12,-12,0,-3,-2
,-1,-13,-5,7,38,-1,-6,-1
,0,-9,-3,-12,-2,3,7,1
,-1,-4,0,14,-31,-3,0,-3
,3,6,-4,-3,12,6,-2,-4
,-4,-3,4,-4,-19,-6,-1,0
,0,-4,1,0,14,-1,-2,5
,0,-3,-8,-13,-7,1,-1,-2
,-3,-20,-2,-8,-4,2,-2,1
,-1,23,-1,15,3,-7,-1,-3
,-12,-37,4,13,9,0,-1,-3
,8,2,-2,6,48,3,-1,3
,-2,0,-2,-19,-70,-6,0,1
,1,0,3,9,15,3,2,-1
,-3,-28,-9,9,14,2,0,1
,-5,29,4,-12,-8,2,0,-4
,9,9,2,-2,3,-2,-1,3
,-2,-9,-5,-6,-9,1,6,3
,-2,13,2,3,7,0,-6,-3
,1,-15,2,6,-5,0,8,3
,-4,2,-2,-2,21,0,-5,-2
,0,4,5,5,-24,-5,0,-2
,2,8,-4,8,-11,4,2,-1
,1,18,2,-26,25,-3,-5,-2
,-2,-16,5,14,-7,-1,0,1
,3,13,-4,1,14,0,-3,-2
,-2,-2,-1,8,-11,-1,-2,1
,3,1,7,21,4,-3,0,-1
,-10,-21,-8,-10,-13,-6,1,-5
,18,28,-2,9,31,7,-1,6
,-2,0,-3,-9,-2,-3,1,-3
,-3,-12,-5,-14,-13,-2,0,2
,-2,0,-5,-5,3,-6,-3,-2
,-3,-18,9,19,26,8,4,4
,3,6,-5,-22,-58,-8,1,-1
,-2,19,3,4,26,1,-2,-2
,1,0,-1,-4,-5,1,2,1
,-6,-3,-1,-5,12,-1,-3,-1
,4,10,1,-4,-2,-1,1,2
,-1,-16,-3,-7,-9,-1,-5,-2
,3,1,2,24,14,1,3,-3
,-11,-3,-2,-24,-17,-3,-6,-5
,9,-15,-4,6,12,4,-2,0
,1,23,7,-3,-11,-3,9,-1
,12,9,2,3,23,6,-1,6
,-5,-20,0,-1,-28,-10,-4,-4
,-3,-2,-1,-3,8,1,2,-1
,-1,-6,0,-3,-22,-4,-14,-1
,-10,-24,-3,15,-5,8,3,-6
,6,25,3,-14,-24,1,4,1
,1,3,-1,1,24,-1,2,0
,-5,-11,-6,14,-5,2,2,1
,1,6,2,-10,11,-2,3,1
,0,-9,-1,-6,-19,-4,-3,0
,-5,6,2,29,-4,-2,1,0
,6,4,1,-14,12,0,6,3
,-2,-8,-4,-1,2,-5,-7,-3
,-1,13,-3,13,1,2,1,-2
,5,25,10,-10,3,0,-2,1
,1,-12,-2,0,14,-1,6,0
,0,16,6,14,-11,0,-11,1
,-6,-6,-7,8,33,-1,1,-4
,-3,-10,4,-18,-25,-3,1,1
,14,52,7,7,4,5,4,3
,-5,-3,-7,-24,-4,-3,6,-2
,-1,-23,-3,2,3,1,-11,0
,-4,-1,1,10,10,4,-2,-3
,-3,-9,-1,-3,-10,-1,1,1
,1,5,0,0,2,-1,3,1
,1,9,4,0,-3,0,2,3
,-1,-9,-5,0,0,-3,0,1
,-1,9,2,3,-1,2,-2,-4
,5,4,-1,0,-2,-2,2,1
,-6,-4,-1,-2,0,1,-1,-4
,3,-13,-3,-1,6,5,-5,1
,-4,-15,-1,-4,0,-4,-2,-2
,-2,-1,-2,-7,10,3,4,0
,1,-7,-1,7,-22,-3,-3,1
,7,-3,-4,-17,-2,-1,4,2
,-7,-4,-1,23,5,-1,-3,-4
,-3,-4,1,-22,34,-1,2,-1
,12,19,-3,-8,-39,5,2,4
,-9,3,-2,-16,-1,-1,1,-5
,-5,-18,-2,-1,-8,-1,-1,0
,5,9,3,17,-6,-5,-6,0
,-2,-22,0,2,27,2,7,-1
,1,17,2,6,-15,-6,-6,-3
,5,-16,-4,-17,14,2,3,2
,0,37,3,17,-24,2,0,-1
,-5,-3,-4,-13,6,-6,-8,-4
,1,-16,-4,-9,2,2,2,3
,-6,2,-1,9,1,0,-3,-3
,0,-11,-1,6,-9,-4,-1,0
,0,15,6,17,4,-1,3,2
,0,-13,0,-28,10,2,0,-1
,0,-11,-3,-5,-2,-2,-7,0
,3,23,1,-7,-3,3,2,1
,-1,-2,1,9,4,1,0,-2
,-3,2,-4,9,8,0,1,-1
,-5,-18,-2,10,1,-2,4,-2
,15,18,7,-7,-21,3,-9,-1
,-9,-13,-3,-4,16,-1,0,-3
,2,-16,-1,20,8,-1,5,-2
,6,42,7,-7,-16,-4,-6,0
,-10,-25,-8,-2,-4,-1,4,0
,-1,8,8,-2,3,6,9,2
,4,-3,-2,16,9,-3,-5,1
,-5,-17,-10,-25,-1,-4,-3,-3
,0,4,2,-4,-9,-1,7,2
,-8,-13,-6,-19,-2,-3,-8,-3
,12,27,7,18,-11,-3,-5,0
,-5,-5,-3,5,-12,1,0,-1
,-3,-11,-2,-19,21,-1,2,1
,-1,-14,-7,-12,-32,-6,-5,-3
,-3,-5,3,3,9,1,2,-2
,4,31,3,-6,-14,0,-5,0
,-1,-18,-2,5,1,-2,1,-1
,2,-1,11,24,12,1,3,3
,5,15,-10,-8,1,-1,-1,2
,1,1,-1,-26,-15,3,4,1
,-9,-25,-1,21,6,0,-1,-1
,9,21,1,-1,11,3,0,4
,-4,19,5,14,1,5,6,0
,-1,-15,-3,2,-5,-3,2,-1
,0,2,-3,3,14,4,-4,0
,3,-1,-4,-16,-16,-2,0,0
,-6,-7,-1,-1,-21,-4,-3,-3
,1,-5,1,16,27,7,13,4
,-3,-7,1,2,-25,-3,-2,-2
,3,19,-3,-2,32,5,4,-1
,-1,17,5,3,-9,-2,3,1
,0,-29,-5,-2,18,4,-6,-2
,1,2,1,7,-11,-5,-2,-1
,-5,-11,0,40,-3,-1,-1,-1
,-2,2,1,-21,0,0,-1,0
,-4,-12,-4,-1,-2,-2,1,-1
,9,33,7,2,21,3,0,1
,-1,-5,-1,-11,-37,-4,-5,-2
,-1,-13,-2,2,17,-3,2,-1
,3,-1,-6,-2,-5,1,-7,-3
,-3,0,0,4,10,5,-5,-1
,0,-10,4,2,1,-3,-1,1
,-3,8,5,3,5,-1,3,-1
,2,1,-5,6,9,-4,-5,0
,-2,-11,-10,-15,-32,-3,2,-1
,1,1,2,-7,-7,-4,-3,-1
,-3,-10,-3,2,-22,-2,-10,0
,7,2,10,9,25,7,6,-1
,-1,-10,-4,-8,9,0,3,2
,-2,7,4,1,-1,2,2,0
,-3,2,-4,0,2,-3,1,-2
,5,19,8,-1,-8,-3,-4,-1
,-2,-4,-5,-3,-1,-3,3,2
,-2,-11,-5,-3,-3,-5,-5,-2
,-3,-8,3,-2,6,2,-2,-1
,0,8,-7,3,-4,-2,2,-1
,1,9,5,-3,11,3,1,2
,-2,-4,-5,7,8,4,3,0
,-3,-8,-2,2,2,1,3,1
,0,0,4,5,-15,-1,-4,-2
,-4,-6,-2,-15,-4,-9,-8,-6
,3,8,2,5,16,3,3,0
,0,-12,-4,-13,5,3,0,2
,-3,12,-1,-28,-5,-2,6,0
,-5,1,4,31,9,-5,-10,-2
,5,-10,-6,-19,-3,5,6,4
,-1,9,1,11,1,-1,-6,-8
,-5,-7,2,-6,3,1,-4,0
,2,-1,-2,-7,1,2,1,-1
,-2,-5,2,-4,-3,-7,-2,1
,4,10,1,-13,-9,1,-2,2
,-3,3,5,21,-2,0,2,1
,-6,-10,-13,-4,-10,-4,-2,-1
,9,0,10,1,-30,-2,6,1
,1,33,-3,-13,19,-3,1,0
,-2,-5,0,-15,-9,0,4,1
,-2,-15,-5,2,15,4,1,-3
,-6,-6,-2,4,24,0,-4,0
,7,13,4,-1,-23,4,-5,0
,-4,-11,-4,-4,-9,-11,2,0
,4,4,3,13,7,0,2,6
,0,3,-2,-15,-7,3,2,-1
,-4,-5,4,13,-1,-2,-2,1
,2,-3,0,3,8,3,-1,0
,2,-7,2,-5,-19,1,3,0
,-1,29,5,10,10,-7,-4,-3
,-2,-49,-13,-12,8,-1,-2,-3
,0,10,2,8,-12,-4,8,1
,3,15,7,5,30,3,-8,0
,1,-11,-1,8,-9,2,2,-1
,-6,8,-4,2,-6,-7,-2,-1
,-5,-17,-10,-9,8,5,-3,-6
,-2,-6,0,6,-13,-5,-3,-2
,3,22,0,0,10,2,-6,1
,2,-9,0,2,14,0,3,-1
,-2,1,2,10,23,2,-2,1
,5,8,4,13,-29,-4,6,4
,-4,-20,-1,-16,4,8,1,1
,2,28,4,-6,-16,-5,0,-2
,3,-11,-2,22,2,2,4,4
,-5,-1,-2,-23,15,0,-10,-5
,-3,-14,-4,5,-7,-2,3,2
,2,10,5,-6,-2,2,-1,0
,1,15,4,10,-12,-2,-2,0
,-1,14,1,-8,14,0,5,-3
,-10,-35,-6,-4,0,1,-4,-4
,18,63,8,-14,-17,0,-1,5
,-5,-18,-4,10,5,-3,-12,0
,-1,-4,-1,-12,-15,5,3,1
,-4,11,-7,19,19,-4,-2,-4
,-7,-35,-4,10,8,5,3,-2
,4,6,2,1,-12,-4,-1,3
,1,8,1,-6,-1,3,0,0
,0,2,-1,-2,25,3,0,-1
,-5,-12,-1,14,3,-1,4,0
,0,7,2,-11,-22,1,-4,0
,-4,-22,-3,-1,3,-2,6,-1
,8,37,5,6,-19,3,-7,4
,-4,-20,-7,-19,5,-11,-6,-4
,-5,-11,1,-22,11,-1,2,-2
,6,23,-1,-18,-6,0,5,2
,-4,-1,1,9,1,0,-3,0
,1,5,4,9,2,6,1,1
,1,2,2,-2,-6,-3,-1,-3
,-1,-11,-2,-4,8,2,1,1
,1,-8,1,2,-24,-5,3,1
,-2,-8,-2,10,12,0,-5,0
,-3,-6,3,10,6,3,4,0
,2,-1,0,15,-3,1,-1,0
,-1,6,-1,-17,5,-2,-5,-3
,-3,-28,-6,-7,-11,2,6,0
,-3,3,-4,9,-9,-3,-2,-2
,-1,10,7,6,14,-2,-3,2
,6,-3,1,-7,-8,-3,0,-1
,-7,-13,-2,20,27,2,2,1
,-2,15,-2,-18,-28,-2,-6,-5
,12,5,1,0,-6,-1,4,3
,-9,-14,0,-1,10,0,-7,-8
,-1,1,-1,-3,10,-2,-8,0
,-2,-8,-4,16,8,1,6,-1
,4,15,3,-1,-1,-5,1,1
,0,1,2,13,-8,0,1,0
,-3,-3,-5,-24,-22,-5,-1,-1
,1,1,-3,2,9,2,-2,-2
,-6,-25,-4,-7,6,-1,-1,-3
,10,43,4,-6,11,-3,1,2
,-3,-7,-1,8,-15,1,-4,-1
,0,7,1,-4,6,3,-4,3
,-4,-6,1,19,-2,1,3,-5
,-1,-3,-3,-20,-1,-5,1,1
,-6,-21,2,18,-15,3,-1,-2
,17,50,4,-35,23,4,-9,-1
,-8,-19,-6,17,5,-1,-1,-2
,3,27,5,3,-13,0,0,2
,-1,4,0,-4,14,-4,1,-3
,-1,-25,0,1,-23,-1,3,1
,-1,-11,-1,5,2,1,-8,-3
,5,-15,-6,-9,-9,-3,9,4
,1,0,-1,2,3,5,0,2
,-2,1,2,17,7,-2,6,1
,0,-1,-3,-23,-11,0,0,1
,-6,-12,-1,18,4,0,-3,-4
,6,9,1,-8,-2,0,2,-1
,-6,-17,-6,2,11,0,-1,-4
,1,9,3,3,-12,-4,2,1
,-3,-16,-6,-11,6,1,-4,-1
,0,-5,3,18,-31,-1,14,4
,1,28,1,-10,29,1,-12,-8
,-4,-3,-8,-13,-31,-6,-8,-1
,-1,-2,1,0,17,3,-2,0
,-6,-11,-1,-6,1,-3,4,-3
,3,-15,-1,5,5,0,8,6
,2,0,-5,-2,-20,5,2,0
,0,7,3,-11,-8,-4,-10,-1
,0,11,2,7,24,1,-1,-1
,-7,-12,-5,-5,-13,1,-2,-1
,7,16,4,-12,13,-1,-2,-2
,1,-13,2,32,-4,1,9,3
,-3,-6,1,-10,-12,-1,-3,-1
,9,9,1,4,21,1,3,4
,-6,-6,-4,-6,10,-3,-6,-2
,-4,-17,-5,-19,-19,-1,0,-1
,5,22,6,29,24,8,2,-2
,-6,-17,-12,-55,-22,-7,-4,-1
,-2,-1,-2,21,7,-2,3,0
,-1,4,4,11,0,-2,2,-3
,3,4,4,-4,-20,3,-8,0
,1,2,2,7,1,-3,4,0
,-4,-6,0,1,10,-1,-3,-3
,2,-6,-1,5,-12,2,10,2
,14,22,4,-22,11,-1,-11,0
,-2,1,2,10,-17,-5,0,0
,-4,-5,2,-3,5,0,2,2
,-1,-7,-6,8,16,2,0,1
,-4,1,2,-3,3,0,-1,-1
,8,14,5,1,-12,-3,-2,1
,2,-1,0,-1,10,3,-2,3
,0,11,2,-15,-6,0,-4,1
,-2,6,-2,2,-6,-5,-2,-3
,2,2,-1,18,2,0,1,0
,-2,5,1,-21,-3,1,5,-1
,-1,-11,-1,7,14,1,-3,-2
,1,17,-5,-16,-29,-1,9,2
,-7,-26,-3,20,10,5,-7,-3
,1,3,4,5,-2,0,-3,-2
,3,-1,2,-4,13,0,6,-1
,-5,-13,-6,-7,-1,-4,-4,-3
,-4,1,-3,-17,-7,-2,7,0
,1,-7,-4,16,-4,2,-8,-1
,-3,-6,-1,-5,-3,-2,-4,-1
,-2,-21,-3,0,17,-2,3,3
,6,27,5,15,1,3,0,-3
,-4,-8,-3,-15,-8,-2,0,1
,1,6,1,1,2,5,0,-3
,-2,-21,-2,3,3,-1,-1,0
,-3,0,1,-2,-7,-4,-1,-1
,1,9,2,3,1,-2,1,-1
,1,1,-1,11,6,-2,1,1
,2,-3,1,2,-3,4,1,2
,0,5,1,-10,-5,-4,2,-2
,2,2,-1,-3,3,0,3,-1
,-1,-3,-4,-11,2,1,-8,-3
,-2,-1,0,-2,14,-4,1,1
,-4,-11,-2,16,4,1,0,0
,3,10,8,4,-36,-1,-6,2
,12,37,5,-26,12,4,3,1
,-10,-7,-5,25,13,1,-3,-4
,-2,-6,-3,-16,-14,-6,0,1
,-2,-1,0,1,4,-1,4,1
,-3,-8,-1,-5,-13,-3,0,-1
,3,7,1,5,-4,0,-3,-1
,-1,-2,2,2,-3,-1,2,0
,-3,-5,-2,2,20,2,1,0
,-1,4,1,-1,-18,-6,-3,-2
,2,-1,-2,-8,1,-1,1,0
,-1,-4,1,4,3,2,-3,2
,0,5,1,2,2,3,7,-2
,-3,-7,-3,-5,0,-2,-2,4
,0,4,2,2,-8,-4,-1,-2
,-4,-16,-3,-14,27,0,-7,1
,10,33,4,-9,-43,5,-4,-1
,-12,-14,-11,-26,30,-3,-3,-6
,0,-1,0,2,-7,-1,-4,-1
,-2,-1,1,8,-6,0,4,-2
,-1,-8,-1,11,17,-4,0,-1
,1,1,2,-4,-14,1,2,2
,2,5,-2,-10,-10,0,-9,-3
,0,-3,-3,5,6,2,8,0
,-1,-3,-3,-4,7,-2,2,-1
,0,4,2,13,-11,0,-4,1
,-1,-3,-1,-1,8,0,1,1
,3,4,2,9,-8,-1,1,3
,-2,-7,-8,-7,6,-3,-1,-3
,1,3,2,6,-4,0,3,-1
,0,4,1,1,-1,0,2,2
,1,1,4,-5,-2,3,-2,-1
,-2,-3,4,5,4,-2,-9,-2
,-2,-1,-2,5,1,-3,-7,-18
,-1,0,-17,-22,-2,-4,20,29
,3,2,1,4,-3,1,-6,-4
,-1,-6,5,8,13,5,0,1
,1,3,12,15,-7,5,-7,-5
,-1,1,-1,-2,2,-2,-5,-6
,1,-3,-22,-21,-7,-3,1,2
,-2,-4,1,6,6,-5,-4,0
,1,5,38,42,9,5,7,6
,0,0,-12,-20,-2,1,-3,-6
,-2,-2,-23,-12,-5,-3,-2,3
,-3,-3,4,-7,-3,0,2,-4
,0,4,10,5,-3,-2,5,4
,-3,-18,-31,-11,-4,0,3,-5
,-2,5,28,28,1,-2,-4,-5
,2,4,17,22,12,34,-4,4
,6,6,29,22,-3,-20,17,3
,-5,-4,-55,-41,-11,5,-16,-7
,-1,-2,2,-5,-1,11,-6,-5
,1,-3,2,5,-5,-25,12,17
,2,4,6,3,5,24,6,-16
,3,9,38,28,21,44,-4,12
,-4,-12,-32,-28,-15,-34,-12,-6
,0,2,21,5,5,18,37,7
,-5,-9,-34,-20,-7,-16,-40,-2
,0,7,26,20,-2,-10,40,-5
,2,11,31,32,10,11,-17,1
,-2,-5,-17,-17,-4,-16,-13,-8
,-3,-9,-58,-36,-10,-5,7,7
,0,-3,25,12,-4,-12,-14,-6
,3,9,25,11,7,8,11,5
,2,0,15,20,-1,-8,-2,-4
,-1,-10,-44,-43,-6,3,2,4
,4,0,6,12,1,-4,-10,-4
,1,4,-23,-21,-3,-5,9,-2
,-7,-7,-23,-11,-2,-1,-6,-9
,2,1,14,9,3,4,-3,9
,0,-3,-3,-3,-2,-7,0,0
,1,-3,12,9,0,-2,8,4
,3,0,-27,-13,1,5,-13,-3
,-3,-3,2,-4,-1,-2,4,2
,-1,1,2,-4,-2,-5,8,-3
,-1,-2,4,7,1,3,-1,-4
,0,1,-2,-5,6,15,-1,8
,0,-3,-2,20,-5,-27,-3,-4
,1,4,30,-2,-2,-11,-4,2
,-3,-5,-13,-5,2,19,7,9
,0,-5,-15,-16,-3,-6,-10,-4
,1,-2,6,0,4,7,8,1
,-1,-2,1,6,-2,-6,-10,-7
,1,3,6,3,-2,-5,4,2
,1,5,16,3,-1,-2,-1,-1
,-1,1,7,-1,-2,7,2,1
,0,3,-8,2,-1,-4,-3,-2
,0,-8,-15,-4,2,-1,-2,-2
,1,0,0,1,-3,-4,6,0
,3,16,12,-2,-2,-3,-6,0
,-5,-32,-36,3,3,5,0,-2
,0,0,4,-2,-2,-2,3,-2
,1,2,1,0,-2,-8,-8,-3
,0,1,12,2,0,4,6,2
,2,16,13,0,-1,1,15,1
,-2,-3,-3,2,-2,-1,-20,-3
,-2,-4,-2,-1,-2,-1,6,-4
,-2,3,2,-1,1,3,3,0
,1,2,-1,0,-2,-4,-1,0
,-1,-3,1,-3,-2,-4,2,-2
,-2,2,3,1,1,-1,-3,3
,-2,-7,-6,-1,0,2,2,0
,-1,-1,0,-1,0,1,-2,-2
,-1,-1,5,1,-1,-2,3,1
,0,2,0,0,-2,1,0,-1
,-1,-6,-7,-2,1,1,-1,1
,1,2,3,1,0,-1,-5,1
,1,6,3,-3,1,0,5,1
,-2,-5,-4,0,1,-3,2,-2
,-1,-5,-3,-1,0,-1,-2,-1
,-1,4,4,1,-2,1,-5,-1
,0,-1,0,0,2,1,3,-1
,0,-1,-4,-1,-1,-4,-3,-1
,-1,-3,2,1,-2,1,-1,2
,-1,1,2,-1,0,4,-3,1
,0,-2,-3,0,0,2,1,2
,0,-1,0,0,-1,-4,0,0
,-1,1,0,0,0,0,-2,-2
,-1,0,0,-1,1,-1,0,-1
,-2,-2,0,1,-1,-2,1,1
,-3,0,0,-1,-1,-1,1,0
,-1,-1,0,0,-1,1,1,1
,1,1,0,1,-1,-1,-3,1
,1,-3,0,0,-1,0,1,-1
,1,-1,0,-1,0,0,1,-1
,0,-2,-1,-1,0,0,-1,-1
,1,0,-3,-2,0,1,-2,-2
,-2,2,1,-1,-2,-2,2,0
,0,2,-2,-2,-1,-2,1,-1
,-1,-2,1,0,-1,0,-2,0
,-1,0,1,0,-1,1,-6,-2
,0,-1,0,0,1,0,10,-1
,1,-2,-2,-1,-1,-1,-2,0
,-1,1,0,-1,0,0,-3,-2
,0,0,0,0,-1,0,-1,1
,-1,2,-1,-3,0,-1,-1,0
,0,-2,2,0,-1,-1,0,-1
,1,-1,0,-2,-2,0,-1,0
,0,-2,-2,-1,-1,-2,-1,2
,-1,1,-2,0,-1,-1,-1,-1
,-1,0,-2,0,-1,0,1,0
,0,-1,0,0,-3,-2,1,1
,0,-1,2,0,-1,0,-1,-3
,1,0,1,-1,-3,-1,-2,0
,-1,-1,-1,-2,1,0,-1,0
,-2,-1,-1,0,2,2,3,1
,-1,-1,1,0,1,0,-1,-2
,0,1,0,-1,0,1,-3,-1
,0,1,-1,1,-1,0,0,1
,0,1,-1,-1,0,-2,-2,-1
,-1,0,0,-1,0,0,3,1
,1,-1,-1,1,0,0,-1,-2
,0,-1,0,-3,-4,0,0,0
,-3,-2,-1,0,-1,-1,0,0
,0,-2,-3,-1,-1,1,0,1
,0,0,-1,-1,-1,0,-3,-1
,0,0,0,1,0,-1,-2,1
,2,-2,-2,0,1,-1,1,-1
,-2,0,0,-3,0,-1,2,0
,0,-2,0,0,0,0,1,0
,1,-2,-2,0,0,1,0,0
,1,-1,1,0,-1,1,-1,2
,-1,-2,1,1,0,-1,0,0
,-1,1,1,1,0,0,-1,1
,-3,0,-1,0,-1,0,-1,0
,-1,1,1,-1,-2,-1,-1,0
,0,-1,1,-1,-2,0,0,-1
,-1,0,1,-1,1,-1,-2,0
,1,-2,-1,-1,0,0,1,0
,-1,-1,0,2,-1,1,-1,0
,-1,1,-1,-4,-1,1,4,-2
,-1,0,-1,-1,0,-1,-6,0
,0,0,-1,0,0,-1,0,-1
,0,0,0,0,2,0,0,-2
,0,1,2,2,-1,-1,0,1
,0,0,-2,1,1,0,2,-1
,1,1,0,0,0,0,-1,-1
,-1,0,-1,-1,1,0,-1,0
,-3,0,0,0,-1,-1,-2,0
,0,0,-2,-1,-1,-1,-1,2
,0,-1,0,1,-2,0,-1,0
,0,1,-3,-4,-1,0,1,-2
,1,1,-1,-1,0,1,0,0
,2,0,0,-1,-1,-1,1,1
,-1,-1,2,1,0,0,0,0
,-2,-2,0,0,-1,1,1,0
,0,-1,-1,-1,0,-1,0,1
,-1,-1,-2,-1,0,1,0,-1
,0,-1,-1,1,1,0,-1,-2
,0,-1,0,2,0,0,-6,1
,1,-3,0,2,0,-2,0,-2
,-1,-2,1,-1,0,-2,2,0
,-1,0,0,-1,0,-1,-2,1
,0,-1,-2,0,1,0,2,-2
,0,2,-1,-1,0,-1,-1,0
,-1,-1,1,-1,1,-1,-1,1
,-1,-2,-1,-1,-1,0,3,-1
,0,0,-2,2,0,0,-1,2
,-2,0,1,2,0,1,-1,-1
,1,-1,-2,0,-2,1,1,0
,-2,-1,0,0,-1,0,-2,0
,0,0,-1,-2,0,-1,1,-1
,0,-1,-1,-1,1,0,0,1
,-1,-2,0,1,-1,-2,1,0
,0,-1,0,-1,0,-1,1,-1
,0,0,-1,0,0,0,-1,-2
,1,2,0,-2,1,1,-2,-1
,0,1,1,-1,-1,0,-1,-1
,0,0,-1,0,-1,-1,-1,-2
,-2,-2,0,0,-1,-1,-1,-1
,1,-2,-1,-1,-1,1,-1,-2
,-1,0,0,-1,-1,2,1,-3
,1,2,-1,-1,-1,0,-1,0
,0,-1,0,-1,-2,-1,-4,-2
,-2,-2,0,-1,-1,-1,3,0
,1,-2,-1,0,0,0,-2,-1
,0,-1,0,0,-1,0,1,0
,-1,0,0,0,1,1,3,2
,0,3,-1,-2,-1,1,-3,1
,-3,0,0,1,0,-3,-1,0
,-1,1,-1,0,1,-3,0,0
,0,-1,-1,0,0,-1,-1,0
,0,-1,0,-1,0,-1,-1,-3
,0,1,0,-2,-2,-1,0,-1
,1,0,-1,0,0,0,0,-1
,1,2,0,0,-3,1,-1,-2
,0,0,1,0,-1,-1,-1,-1
,0,-1,-2,-1,0,1,-3,1
,0,-1,1,0,-1,-1,2,1
,1,0,0,-1,1,0,2,0
,0,1,-1,0,0,-1,0,0
,-2,1,0,1,0,0,-2,-1
,0,0,1,0,1,0,0,-3
,-1,0,0,-1,-2,0,-2,-3
,-2,-1,0,0,-2,0,0,0
,0,-2,-2,-2,0,0,1,0
,1,1,-1,0,1,-1,-1,1
,0,-1,-1,-1,1,-2,2,0
,-1,-1,-1,-2,-2,-1,-2,3
,0,-1,1,-1,-1,0,0,-1
,-1,0,-1,1,0,1,1,0
,-2,0,0,1,-1,-2,2,-1
,1,1,0,1,-1,-1,0,-1
,0,1,1,-1,-3,-1,-2,-2
,0,0,-2,-1,-2,-1,0,0
,0,-1,-2,-2,0,0,-1,-1
,-1,0,-2,1,1,-1,-5,-1
,-1,1,-1,0,-1,0,3,1
,-3,0,-1,0,0,1,0,1
,1,0,0,0,-3,-1,2,-2
,1,-3,0,-1,0,1,2,-1
,1,1,-2,-1,1,0,-2,-1
,-1,-1,0,-1,0,0,0,-2
,-2,1,0,0,-1,-1,0,2
,-1,-1,-1,1,1,0,0,0
,0,-1,-1,1,-4,0,-1,0
,0,-1,-1,-2,-1,-1,1,0
,1,0,-1,2,2,-1,-3,-1
,-1,1,1,0,-6,-2,2,-2
,0,-4,-3,-6,-2,-2,-2,-2
,0,0,2,1,5,0,-1,1
,-1,-2,2,1,-1,0,-2,-2
,2,1,-1,2,1,0,1,2
,-1,0,0,1,-4,-1,-1,1
,0,-3,-3,-6,-7,-1,0,-3
,-2,-1,-1,-3,2,-1,-1,-1
,-1,-1,0,1,1,0,2,0
,1,1,0,-1,0,0,-1,0
,0,-1,-2,1,1,0,0,2
,0,0,0,0,-1,0,1,1
,0,-2,-1,-4,0,1,-1,-2
,-1,0,0,1,1,-1,0,0
,-1,1,0,2,-2,0,-2,-2
,0,0,0,-1,-1,-1,0,0
,-1,0,-1,-3,-3,-1,1,-2
,1,0,1,2,1,1,-1,0
,0,-1,-2,-1,-1,0,-2,-2
,1,-1,-1,-2,-1,-1,0,2
,-1,0,0,1,-1,0,-2,1
,0,-2,3,1,0,-1,1,0
,0,-1,-2,0,1,0,0,-1
,1,1,0,-1,0,3,-1,0
,0,-3,-1,-1,2,1,-2,1
,0,0,-1,-1,-1,-2,1,0
,-2,0,1,0,-1,0,-1,-1
,1,1,0,-1,-1,-1,-1,-2
,-2,1,0,0,0,0,-3,0
,0,1,-2,-1,-2,1,3,-1
,1,0,1,-1,-1,0,-6,2
,0,-2,-3,-1,1,0,2,-1
,1,0,1,-1,-1,-2,0,0
,-2,-1,-1,1,2,-1,2,0
,-1,-2,-1,0,-2,0,4,-2
,-1,0,2,-1,0,0,-1,-2
,0,0,-2,0,-1,-1,0,-1
,-1,0,-1,0,-2,-1,-4,0
,0,0,-1,-1,0,-2,1,1
,-3,-2,-1,1,1,1,0,-1
,2,-2,-2,1,-2,1,-1,-1
,-2,0,0,-3,1,0,-1,0
,-1,0,0,0,1,0,2,1
,-1,0,0,-1,0,-1,1,1
,-1,-1,0,-2,-1,1,-2,-1
,-1,-2,-2,0,1,0,-2,0
,1,1,1,0,-2,0,-2,0
,-2,-2,0,0,-1,-2,0,-2
,0,-3,0,0,1,0,1,-1
,0,-1,-1,1,0,-1,-1,-2
,0,-2,-1,1,-1,1,1,-2
,-1,-1,-2,0,-2,1,1,0
,0,3,1,-2,-2,-1,0,0
,0,-1,-1,0,1,1,0,2
,1,0,-1,-1,-1,0,0,-1
,1,0,-2,0,-3,-2,-2,1
,0,1,0,0,0,0,0,0
,-1,-1,0,0,2,0,-1,0
,-2,-1,2,-1,0,0,-1,0
,1,0,-1,-1,-1,-2,0,2
,-2,0,-3,0,0,-1,-2,0
,1,0,0,-1,-2,-2,1,1
,-2,-1,0,-1,0,-1,1,1
,1,0,1,0,-2,-3,0,0
,0,-2,-3,1,-2,1,2,2
,-2,-1,0,0,1,0,0,-1
,-1,-2,-2,0,1,-1,0,-1
,-1,0,-2,-1,0,-1,-2,-1
,2,0,2,-1,-1,-2,-1,0
,0,-2,0,-2,-2,1,0,-1
,0,-1,0,0,-2,0,-1,0
,-1,-2,-1,2,1,1,-1,-2
,-2,-1,0,0,0,-1,1,-1
,-1,2,-2,0,0,-1,-2,0
,-1,-2,-1,0,-1,-1,1,0
,0,1,0,-1,-2,-1,-1,0
,0,0,1,-1,0,1,-1,0
,-1,0,0,1,1,0,-2,-2
,0,0,-1,-1,-1,0,-3,0
,0,-2,0,0,0,-1,0,-1
,-2,0,0,1,-2,-1,3,-1
,0,0,0,-2,1,0,0,-1
,0,1,0,0,0,-1,0,-1
,0,-2,-1,0,-1,0,1,1
,2,-1,0,-1,1,-1,0,-2
,-1,-1,-1,0,-2,0,3,1
,1,1,-1,0,-1,0,-2,-1
,0,0,0,0,0,0,-1,2
,-1,-2,1,0,2,1,-2,-2
,-1,-1,-2,-2,-1,-1,0,0
,-1,-2,-2,1,-1,-1,-1,1
,-2,0,-2,-1,0,0,0,-2
,-1,3,-1,-1,0,0,1,0
,2,-1,-1,0,-2,0,0,-3
,0,0,-1,-3,-3,0,1,-1
,-1,0,-2,0,0,0,0,-1
,-1,-1,1,0,-1,-1,-2,2
,-1,-1,-1,-1,0,1,-2,0
,0,-2,-1,-1,0,-1,0,0
,0,-2,1,-2,-2,0,0,0
,0,0,-2,-3,-1,0,1,0
,-1,-1,-1,0,0,-2,-1,1
,-1,-1,0,1,1,-1,-1,0
,0,1,-1,0,0,-1,1,0
,1,-1,-1,0,-3,-1,0,0
,1,0,-1,-1,-3,-2,0,0
,-1,-1,-1,0,0,0,2,1
,0,0,1,0,0,1,-2,1
,0,0,-1,-3,0,0,1,-1
,-2,-2,-2,-1,-1,0,4,-3
,0,0,-1,0,0,-1,-4,-1
,-1,0,0,0,-1,-1,-1,-2
,-2,-1,-2,0,0,-1,-2,-2
,-1,-1,-1,-1,1,-1,0,0
,1,-2,1,1,0,-1,0,1
,-1,-2,1,-1,0,-1,0,0
,-1,1,0,2,0,0,-2,-1
,1,-3,0,-1,1,-1,-2,0
,-3,1,-3,-1,-1,-1,-1,-1
,1,-2,-3,-1,0,-1,-2,-2
,-1,3,1,1,-2,-1,1,-1
,0,2,0,0,0,-1,0,-1
,2,0,1,1,0,0,2,-1
,-1,-1,0,0,0,-1,1,-2
,-2,0,1,-2,-1,0,1,-2
,0,0,0,0,0,1,0,0
,1,0,1,0,-1,0,1,-1
,-2,0,0,0,1,0,-2,0
,-1,-2,-2,2,0,-2,0,0
,1,0,0,-2,-1,-2,-1,0
,0,0,0,-2,0,0,1,0
,-1,0,0,-2,-1,0,2,-2
,0,-4,-1,1,-1,0,-2,1
,1,-1,0,1,0,-2,-2,-1
,-2,0,-2,0,1,0,-1,-2
,-2,-1,3,2,-1,0,0,1
,0,-1,-1,-2,1,-1,1,-1
,-1,-2,0,1,1,-1,0,0
,2,-1,3,0,-1,-2,1,1
,1,-1,-2,-1,-2,1,0,1
,-2,0,-1,-3,-2,0,3,-1
,-1,1,-2,-2,-1,0,-6,-2
,1,-2,-2,-1,0,-1,-1,-3
,2,1,1,0,-1,0,-2,0
,0,1,0,-1,-1,-1,1,1
,0,-3,0,0,-2,0,1,0
,-2,-2,1,-1,-1,0,-1,0
,-1,0,0,-1,0,1,0,0
,0,1,-2,-1,0,-1,-4,0
,-2,0,-1,-1,-1,1,0,1
,0,-1,1,2,1,1,0,0
,-1,-2,-1,-1,0,-2,3,0
,0,-1,0,0,-1,1,-1,-1
,-1,-1,0,0,-1,-2,0,0
,-1,0,-3,-1,-1,-1,0,-1
,1,0,1,-2,-4,1,-1,3
,-1,-2,3,-1,1,1,0,-1
,-2,1,0,0,-1,1,1,1
,-1,1,1,-2,0,-1,-2,-1
,-1,-2,-1,0,2,0,0,-1
,0,-2,-2,0,-3,-2,-3,0
,-1,0,0,0,-2,1,-2,0
,-1,-2,1,-1,1,-1,-1,-1
,-1,0,-1,0,0,-1,-1,-2
,2,1,1,0,1,0,-1,-2
,0,-2,1,0,0,0,0,0
,0,1,-2,-1,0,1,2,0
,0,0,-2,-1,-1,-2,-5,0
,-2,0,0,0,-1,1,0,-2
,0,0,0,-2,0,-1,1,-1
,0,-1,1,0,1,0,0,1
,-1,0,-2,-2,-1,-2,1,0
,-1,1,-2,-1,0,-1,-1,-1
,0,-1,0,0,0,0,1,1
,-1,0,0,0,1,0,-2,0
,0,-1,-1,0,1,-1,0,0
,0,-2,0,0,-1,1,-1,1
,0,1,1,0,0,0,-2,0
,-2,-2,-2,0,0,1,-2,-1
,1,1,-1,-1,0,0,0,0
,0,-1,-2,1,0,-1,-1,-2
,0,-1,0,1,0,0,-2,0
,0,-3,0,0,0,-1,0,1
,0,-2,1,1,1,1,0,-3
,0,-1,0,-1,0,-1,1,-1
,1,0,-1,-1,-3,-2,0,1
,-1,-1,0,0,-1,-1,1,0
,0,-1,0,1,0,1,0,1
,-2,-1,1,0,-2,-2,0,1
,-1,0,-1,-1,0,0,-1,-2
,0,2,-1,-2,0,0,-1,1
,-1,0,-2,-1,-1,2,-1,-1
,0,-1,-1,1,1,-1,-5,0
,-2,0,0,1,-2,1,3,-1
,0,0,1,0,0,2,-1,-1
,0,2,0,0,-2,0,0,-2
,0,0,1,0,-3,1,0,-1
,0,-1,-4,1,2,-2,-2,1
,-2,-4,-2,0,2,-2,-2,-1
,1,1,-2,-2,-1,-1,3,-1
,-1,-2,0,-1,1,0,2,0
,-1,-1,0,0,1,-1,2,-2
,0,0,-2,-1,-1,1,-1,-1
,-2,-2,-1,1,0,0,1,-1
,1,1,-1,-1,-1,-2,0,0
,-2,0,1,1,-1,0,-2,1
,2,0,-1,1,-3,-1,-2,0
,-1,-2,1,2,-1,1,0,-2
,0,-1,1,0,0,0,-2,0
,0,0,0,-1,1,-1,-1,1
,0,0,-2,-2,0,-1,0,0
,1,2,-1,-2,0,-1,-1,2
,0,-1,-1,0,-2,0,2,0
,-2,-1,-2,1,0,1,1,-1
,-1,0,-1,-1,-2,-1,0,-1
,-1,-2,-2,-2,0,0,-2,0
,0,1,1,0,0,-1,0,0
,-1,1,1,-1,0,0,-2,0
,-3,0,1,0,-1,0,0,-1
,-2,-1,1,0,0,0,-1,0
,-2,1,-1,-2,-2,0,-1,-1
,1,-2,1,-1,1,1,-1,2
,0,-2,1,-1,-2,2,1,0
,1,0,-1,0,0,1,0,-1
,-1,0,-3,1,1,-1,1,-1
,1,0,-1,0,1,1,-1,-1
,0,1,0,0,-2,-2,1,-1
,-1,0,0,-1,-2,-1,-2,-1
,-1,0,-2,-1,0,0,-1,1
,-1,0,0,-2,0,-2,0,1
,1,-1,-2,-1,0,0,0,0
,-1,-2,-1,0,1,-1,0,0
,0,0,-1,0,2,1,1,-1
,2,-1,0,1,-2,-1,-2,-3
,1,0,-2,1,1,-1,0,-1
,-1,-1,1,-2,0,0,-1,0
,-1,0,1,0,1,-1,0,1
,-1,1,-1,-2,-2,0,1,-2
,-2,-2,0,1,-2,1,0,0
,0,1,0,0,-1,-1,-1,0
,0,-2,1,0,0,1,-1,-1
,0,-1,-1,-1,0,1,0,-2
,-1,1,2,-1,-1,-1,-1,3
,1,-1,-1,-1,1,-1,2,-1
,-1,-2,-3,-1,1,-1,-4,-3
,0,-2,-1,0,1,-2,2,1
,1,-1,-3,0,0,0,1,-1
,-1,-1,-1,1,1,-1,0,0
,-3,-2,0,-1,0,-1,1,-1
,-1,-3,-1,0,0,1,1,-1
,-2,-1,0,-1,1,-1,-1,0
,1,0,0,-1,-3,2,0,-2
,0,-1,-1,0,-1,1,-1,0
,-2,0,0,1,0,-1,1,0
,1,0,0,-3,0,2,-1,-1
,-1,0,0,-1,-1,-1,-1,-2
,2,-1,-1,-1,-1,0,-2,0
,0,-2,0,-1,0,0,-1,0
,-1,-1,0,1,-1,-2,0,-2
,-2,1,-1,0,1,0,-3,0
,0,1,0,0,1,0,0,-2
,-1,1,-3,-1,0,-1,0,-1
,-2,-1,-2,-1,1,-1,0,-3
,1,-1,-1,0,1,0,-1,1
,-1,-2,0,0,-2,-1,2,0
,-1,1,-1,0,-1,-1,-3,-1
,-1,0,1,1,-1,0,0,-3
,-1,0,-2,0,0,-1,0,1
,1,0,0,0,-1,0,2,2
,0,-1,0,-1,-1,-2,-4,0
,0,-2,-1,0,-1,-2,0,0
,-1,-1,-1,2,-1,1,-1,1
,-1,-1,-1,0,1,-1,0,-1
,1,0,-1,-1,0,0,1,0
,-1,0,0,0,0,0,-1,2
,-1,-1,-1,-1,1,0,1,-1
,-1,1,-1,0,-2,0,1,0
,0,0,0,0,-1,-2,2,0
,-1,1,-1,0,1,0,0,0
,-1,-2,0,-3,0,-1,0,-2
,-1,-1,0,-1,0,1,-2,0
,-2,0,0,0,-2,-1,3,-1
,1,-3,-1,0,0,-2,-2,2
,0,0,-1,0,1,2,-1,-1
,1,1,0,-2,0,1,0,2
,2,-1,1,0,-2,2,0,-1
,-1,0,1,0,-2,0,1,0
,-1,-1,0,0,-1,0,-2,0
,0,-2,-1,0,1,0,-2,-1
,1,0,0,-2,0,-2,-2,-2
,-2,-1,-2,0,0,0,0,1
,1,-1,-1,-2,-3,-1,0,-1
,-2,-1,-3,-1,0,1,0,-2
,0,-1,0,1,-2,-1,3,2
,0,1,0,0,-1,1,0,0
,-2,0,-2,1,1,2,2,0
,-3,-2,0,0,0,-3,-3,1
,1,0,0,1,0,3,0,0
,-1,-2,1,0,2,1,-1,-1
,1,0,1,-1,1,-2,3,0
,0,1,-1,0,-1,-1,0,-1
,0,0,-1,-2,1,0,-2,1
,0,0,-2,-1,0,-1,1,-3
,0,-1,-1,1,0,-2,0,0
,1,-1,-1,0,-1,-1,1,1
,-2,1,-1,0,0,0,-1,0
,2,1,-1,0,-1,2,-2,-1
,-2,0,-2,0,-1,-2,-2,0
,1,0,-2,-1,0,0,0,-1
,-1,-2,-2,-2,0,-1,-1,0
,-2,0,0,0,0,-1,-1,0
,0,-2,0,0,1,1,-2,-1
,0,-2,1,0,0,-2,-1,0
,-2,-2,-2,-2,1,0,-1,0
,-2,0,0,-1,0,0,-1,0
,0,-2,-1,-1,0,0,-1,-2
,1,3,2,-1,-2,-2,1,0
,-1,-3,-1,1,-3,0,-1,-2
,0,0,-1,1,-1,-1,-1,1
,0,0,-2,1,0,-1,0,1
,0,-2,0,1,-1,2,-1,1
,0,0,0,0,0,0,0,-1
,1,-1,0,-1,0,-1,1,-2
,0,-1,1,-1,1,-1,0,0
,1,0,0,-3,-2,0,-1,0
,-1,-1,-1,0,-2,-2,-2,2
,0,0,-2,-3,1,0,0,-1
,2,1,0,1,-1,-1,3,0
,0,-2,0,1,1,1,-7,-1
,0,0,-1,0,0,-1,2,-2
,-2,-1,-1,0,0,1,0,1
,-2,0,1,1,-2,0,-1,0
,0,-1,-1,-2,0,0,1,0
,1,0,-1,0,1,1,-1,2
,1,-1,1,0,-2,-3,-3,-1
,-1,1,-1,-3,0,0,-1,0
,-2,-2,-1,0,0,-2,2,0
,0,0,0,1,-1,-2,-1,-2
,0,0,0,-2,-1,-1,1,-1
,0,-2,0,0,0,-1,0,-2
,-1,1,-2,1,1,0,0,0
,0,2,1,-2,-1,0,1,1
,0,0,0,0,-1,0,-1,0
,-1,-1,-1,0,-3,0,-3,0
,-1,1,2,0,1,-1,0,-4
,1,-1,-1,0,2,1,1,-1
,1,1,-1,-1,-3,-1,1,0
,1,0,-1,-3,-1,-1,0,2
,-1,-2,-1,2,0,1,1,-2
,0,1,-1,1,-2,0,0,1
,-1,0,-1,-2,1,-1,2,-1
,2,-1,0,-1,-1,0,1,-1
,-1,-2,0,-2,-1,1,-1,0
,0,-1,-1,-1,0,0,-1,-2
,-1,0,-1,-2,-1,-1,0,0
,-2,-1,0,1,-1,-1,1,0
,1,-2,0,-2,0,-1,-1,-1
,0,-3,-1,-1,0,0,0,0
,-1,0,-1,1,-1,0,0,1
,0,0,1,-2,-2,0,0,0
,-1,3,0,-3,0,-1,0,3
,-2,-1,-1,0,0,-2,1,-1
,-1,-1,-1,0,-2,-2,-1,-1
,0,0,-1,0,0,1,2,-1
,0,-1,-1,-2,1,-1,-4,0
,0,-1,0,0,-1,-1,1,1
,-1,-1,1,1,0,0,-1,2
,-1,-1,-2,0,0,-1,-2,1
,-2,-1,-1,0,0,1,2,-1
,-1,0,0,-2,-2,0,-1,0
,0,-1,0,-1,-2,1,-2,-1
,0,-2,0,0,-1,-1,0,-1
,1,1,-1,1,-1,-2,0,0
,-1,1,-1,1,-1,1,1,-1
,-2,-2,0,0,1,0,1,0
,0,0,-1,-2,0,0,0,1
,0,-2,-1,1,-1,-1,2,0
,-1,-2,2,0,0,0,-2,2
,1,-1,-1,0,1,0,0,-1
,-1,1,1,-2,-2,-2,-3,-1
,0,1,-2,-2,-3,-1,0,1
,-1,-2,0,0,-1,0,0,1
,0,-1,-2,0,0,0,-1,-2
,-1,-2,-1,1,0,-1,-1,-3
,-2,1,0,1,0,-2,0,-2
,0,-1,-2,-2,-1,-2,0,-2
,1,0,-1,-2,0,-2,1,0
,-1,-2,1,0,-2,1,-1,0
,1,-2,0,0,-2,-1,0,0
,-2,0,-1,0,0,0,-1,-1
,-1,0,-1,0,0,-1,0,0
,-1,0,-1,-1,1,1,1,-3
,-2,0,1,-1,-2,1,1,1
,0,-1,-1,0,-1,-1,-3,-1
,1,-1,2,0,-1,0,0,1
,-1,0,-2,0,0,0,1,1
,-1,-1,-1,0,0,1,1,1
,-1,0,-1,-1,1,-2,-1,-2
,1,0,0,0,0,1,-2,0
,1,0,0,0,0,-1,0,2
,0,-2,1,1,-1,-2,1,-1
,0,0,-2,-2,-2,0,0,-1
,1,-1,-2,0,0,-2,-2,-2
,0,0,1,0,-2,0,0,-1
,-1,-1,-2,-1,0,-1,-1,-1
,0,0,-1,0,1,0,3,0
,-1,-1,2,1,-1,-1,0,-1
,1,-2,1,2,1,-1,-1,0
,-1,-2,-10,-2,0,-1,-4,-1
,1,-3,4,3,1,-1,1,-1
,1,2,6,-2,-1,0,-1,-1
,-3,-2,-5,-2,0,0,-2,-2
,0,1,0,1,2,1,2,0
,-1,0,-2,0,2,-1,-1,1
,-1,-2,-6,-4,-1,-1,2,-1
,0,1,2,2,-1,0,0,0
,0,1,1,-2,-2,0,-1,0
,0,-2,0,0,-2,0,0,0
,-2,-2,-1,2,0,0,-1,0
,-2,-1,-3,-2,-2,-1,-1,-1
,-2,0,0,0,2,1,-1,-1
,1,2,1,0,-2,-1,0,0
,-2,-2,-2,1,1,0,0,1
,0,-2,-3,-2,-1,-1,-2,1
,0,0,0,-1,0,1,1,-2
,0,1,-1,-1,1,-2,0,0
,0,-1,-7,-1,-1,1,-1,1
,-1,-1,3,-1,0,-1,-1,-3
,1,0,-3,-2,-3,-1,-1,-1
,-1,0,5,2,0,1,1,-2
,-1,-3,-13,-4,0,-2,0,-2
,0,-1,8,2,-3,1,-1,-2
,-1,1,0,2,0,-1,-1,0
,-1,0,-5,-5,-1,-1,0,-1
,0,0,2,1,0,2,-1,1
,0,2,-2,2,2,1,0,3
,0,-3,-14,-1,4,0,2,0
,0,1,44,16,0,0,-1,-1
,-4,-2,-29,-12,-2,0,-1,-5
,-1,2,0,-7,-3,-4,-3,-1
,0,-4,-10,-1,-1,-2,0,2
,1,-2,-32,-9,-9,-18,1,0
,3,4,44,18,6,20,1,0
,-4,-4,8,-3,-15,-59,-6,-4
,-1,-7,-32,2,1,-4,2,1
,-1,3,9,-8,0,8,-3,-1
,4,3,-27,-3,-4,-12,0,15
,1,-2,-21,-5,3,18,1,-10
,-5,24,112,28,-1,0,-1,2
,-1,-38,-103,-34,4,2,3,4
,7,13,64,4,6,12,4,-2
,-15,4,-35,-12,-16,-16,-10,-12
,4,16,31,6,8,4,6,-4
,-5,-4,8,19,-1,0,-3,-3
,-10,-56,-128,-37,-5,-2,-2,-1
,9,14,86,12,8,14,4,5
,7,-20,-86,-29,-5,-2,0,3
,-6,60,112,41,0,-4,-3,-6
,2,-11,-21,-14,-4,-4,-2,0
,-3,-17,-36,2,3,7,6,2
,-9,-24,-58,-9,-5,-1,-6,-5
,7,3,-13,4,4,9,-2,6
,-6,9,54,1,-5,-12,-8,-17
,0,4,-10,9,8,33,1,-1
,10,-7,-63,-1,-2,-16,17,34
,-3,-15,-16,-27,-8,-5,-6,-6
,1,20,75,9,-2,-7,-1,-2
,2,13,-17,15,9,17,-1,-5
,-8,-11,15,13,11,4,-7,-13
,-2,-6,-83,-34,-20,-21,0,2
,0,18,1,18,5,4,0,-3
,3,-6,-1,-4,-1,4,1,6
,5,12,14,9,3,5,1,-4
,-1,3,126,30,10,3,-5,-9
,-1,-7,-93,-29,-16,-13,-3,-10
,2,0,-5,-14,-6,11,-5,9
,-1,8,20,4,9,-19,9,-13
,4,-6,-5,8,10,40,-2,29
,20,13,36,20,1,24,18,-4
,8,-12,1,3,25,-20,35,45
,-10,1,-24,-35,-14,81,-22,-34
,-6,-6,-8,-17,-9,-2,-11,-1
,-11,-11,3,-2,-6,21,26,32
,-3,4,-7,-1,-12,-71,-30,-89
,-2,-4,15,-2,12,55,18,66
,13,16,-4,-20,-22,-46,-1,-10
,-5,-2,9,16,21,19,-7,-12
,1,-4,7,-10,-26,6,-3,6
,-5,6,18,4,-47,-60,-21,-23
,-5,-7,-27,-55,24,-31,12,-23
,9,10,19,34,34,78,29,76
,-2,1,-13,-95,40,-47,-30,-4
,1,-5,16,96,-32,-35,11,-10
,-4,-15,-22,-56,-21,66,-16,-12
,9,15,14,-66,62,24,-1,-8
,-14,-16,4,-42,-58,-58,-10,8
,3,6,-10,49,60,57,-16,3
,0,-3,13,-18,3,4,11,-3
,-10,-9,-39,15,-16,-47,-18,-22
,-5,-3,-68,9,9,100,-4,3
,14,4,17,-52,-19,-19,42,49
,-1,0,-2,61,5,-17,2,-41
,2,-1,15,-6,-2,-16,-31,22
,3,8,23,40,-2,22,12,23
,-7,-9,1,-22,-1,-8,-29,-17
,6,3,-15,16,26,8,1,-4
,-3,-5,6,18,-32,-21,4,-24
,-7,-3,9,9,4,-17,-24,-13
,-3,3,8,-6,17,-2,5,-12
,0,4,0,7,-8,7,10,22
,-7,-1,3,-16,-21,-44,-29,-25
,6,5,15,40,6,67,25,-25
,3,-2,-3,-26,18,-53,4,87
,1,-2,-7,23,0,16,-17,-17
,-1,0,3,-6,-13,57,6,-19
,4,2,3,39,47,79,31,86
,10,0,2,-34,-18,18,-28,-34
,2,2,-3,5,10,-37,2,-37
,2,-5,-5,-24,-15,-43,12,127
,11,15,36,66,45,17,17,-105
,-14,-7,5,-18,-30,1,-57,68
,21,-2,-29,12,34,-2,89,27
,-18,-2,-18,17,-4,57,-13,-128
,1,-2,8,-35,-18,-56,-10,-72
,-7,12,23,-3,-14,-10,-24,-100
,-6,4,26,4,-9,29,-11,23
,7,-4,0,3,6,-43,-1,48
,-15,-5,-6,4,-4,-16,-23,-32
,13,1,-9,9,24,9,22,27
,-25,-14,-10,-26,-34,0,-41,82
,15,4,3,-3,-20,-20,-14,-66
,-4,-1,3,-13,-18,-80,37,94
,16,1,-11,0,37,41,-20,63
,-14,6,10,-18,-17,25,22,-108
,2,-5,-6,43,5,-37,9,36
,-16,3,9,-48,-17,59,0,-100
,7,-8,-2,-53,0,44,28,73
,8,3,-20,-43,21,-10,-41,-65
,7,-5,48,83,10,-76,22,72
,8,-5,-38,-9,-21,46,-9,61
,-14,0,8,-57,-6,-9,24,-13
,14,15,13,-4,-6,29,-8,-81
,-10,-13,-9,-23,-8,74,57,65
,-3,-1,9,12,-21,-23,-48,-54
,-6,-2,-9,13,-11,-36,41,-49
,0,-10,-2,31,0,-12,-36,59
,-4,5,-2,-29,-15,11,-16,-78
,1,-4,-5,-7,10,-9,7,71
,-6,3,-4,24,5,19,-15,-48
,-3,-2,5,15,3,-19,11,-36
,-7,-1,-7,-7,6,-12,-29,-31
,14,2,1,-7,3,-5,-8,16
,-17,-5,-1,12,-11,-53,-5,-58
,9,5,2,31,-2,-5,21,-76
,-4,4,-1,-17,-18,-69,-44,27
,0,2,-3,-6,3,-26,-21,18
,-8,-1,-10,32,-4,-13,31,-128
,-15,-6,37,-12,5,-27,-29,67
,10,-9,-18,1,0,24,4,95
,-4,11,19,9,18,1,-16,-128
,7,1,-37,-9,-6,-3,-1,15
,-13,-4,2,1,-4,4,25,88
,6,12,22,-25,23,-3,-26,-128
,4,-8,16,34,-2,-27,38,127
,-4,-7,-42,-31,-3,22,-2,-62
,0,-16,-70,-2,3,-4,11,15
,-14,3,44,-18,-4,78,16,-127
,13,12,78,-22,1,26,48,18
,-2,5,14,44,1,-14,-25,-103
,4,-3,-16,2,5,10,-8,111
,2,-11,-51,12,11,11,49,82
,-3,-8,-44,-40,-2,-8,-18,-121
,-1,0,34,7,1,-8,-7,-35
,1,-2,10,-13,-21,5,29,54
,14,9,-13,18,4,-28,27,-5
,-7,1,6,12,-1,14,-18,-39
,-6,-3,10,-16,-16,-56,7,41
,-8,-8,-15,-1,-9,6,-18,-128
,-11,-2,0,-2,-2,-5,-28,-93
,5,-4,-13,14,7,20,15,80
,-34,0,23,-12,-6,20,-78,12
,29,10,4,24,3,56,4,-78
,-2,4,68,33,12,7,37,-61
,-14,-14,-21,22,-3,-10,-38,-48
,-1,-1,3,-15,-7,17,-16,-24
,-1,3,0,-10,0,2,11,-21
,3,2,-13,-7,6,-65,-33,-43
,-11,-5,-22,7,-5,-8,-4,16
,18,0,-1,7,3,19,27,-41
,1,-8,-47,-14,1,-21,6,-13
,-10,-14,-22,-6,-10,14,-14,-52
,-5,7,14,-1,1,-13,-20,-105
,22,2,-12,-2,1,-11,16,127
,-5,5,36,2,9,1,-19,-52
,-11,2,4,11,-5,19,-12,-19
,6,-3,-18,-35,-12,-1,9,19
,4,0,4,7,6,11,0,-35
,-1,1,15,12,3,12,10,37
,11,2,-33,-29,-8,-10,8,-62
,-2,-4,6,10,10,10,16,-94
,8,-2,-2,-1,2,-2,25,86
,-12,-5,7,2,-1,15,-29,-76
,-4,2,-7,0,7,29,-12,37
,8,0,-6,23,-3,10,16,31
,7,7,7,21,22,16,21,-18
,1,-4,-4,-25,-3,-41,-11,90
,1,-2,1,14,17,9,0,-24
,-3,0,1,-4,-4,-3,-7,-17
,1,0,0,13,1,8,8,-4
,-2,1,7,15,6,-1,8,-2
,4,4,11,5,8,19,-8,88
,0,2,9,-2,-6,-1,-18,39
,4,-6,-27,-7,-12,-21,7,40
,4,-1,0,2,-3,-10,16,11
,-5,2,2,-10,-2,-12,-6,-11
,5,4,-3,5,9,46,-10,-56
,7,1,13,7,18,34,7,73
,-10,4,8,-6,-2,12,-10,-83
,-10,-2,-6,9,-12,-11,2,-58
,31,4,-2,-23,-2,-16,64,74
,-13,3,11,36,0,-15,-20,-128
,-8,-6,-10,-8,-25,-59,12,102
,12,-2,-46,-26,-2,30,0,-32
,-10,-3,-10,5,0,-14,-10,-45
,-1,-3,1,-13,-15,-4,0,-31
,-4,5,64,8,-29,-4,-3,-69
,-2,0,9,3,11,-9,-4,30
,-3,-7,-19,-6,-3,-7,8,67
,-6,-2,-24,-11,9,22,-5,-62
,3,6,0,-3,11,26,-3,54
,0,-2,11,-21,-12,-10,-11,42
,-9,-2,-6,21,17,0,-13,-94
,4,2,14,17,5,40,-1,28
,0,-4,-16,-3,24,21,5,-19
,10,0,5,-9,-11,14,-4,102
,-7,-5,-16,12,26,11,-7,-120
,2,3,-1,-27,-18,-11,1,-50
,3,3,6,11,5,17,-1,-38
,-10,-3,1,6,-2,-44,8,-29
,0,2,9,4,-16,-6,-8,63
,-2,-3,-2,-6,5,7,15,-8
,8,2,6,29,5,-78,-29,84
,-6,-2,-11,-33,0,48,-4,-106
,-10,-5,2,-1,-12,12,0,-46
,20,6,1,19,5,-56,28,36
,-8,3,-3,-7,4,36,3,-128
,4,6,3,-8,0,25,-1,-42
,9,-3,1,4,-9,-8,-12,29
,-13,-2,7,-5,-1,4,-25,-104
,-9,-5,-9,11,-11,33,-7,-30
,10,2,2,9,10,40,41,70
,1,4,14,-22,-4,-13,-10,11
,-5,-11,-22,-6,0,3,-13,13
,-3,-3,-20,10,4,-17,-33,-31
,-4,9,51,19,-4,-42,-2,-24
,2,-4,-13,-13,-5,-8,-9,25
,-3,1,-1,9,15,35,0,19
,4,-2,-5,4,-9,-4,15,85
,-4,-4,-16,-19,-9,-4,-8,-28
,-10,-2,5,-11,-47,-68,28,39
,5,3,5,20,10,15,1,-112
,-1,2,-11,-1,1,-12,-2,-108
,7,-1,-2,2,-13,-28,14,47
,-9,7,13,13,10,-12,-21,-111
,7,1,1,1,-2,-29,-21,93
,0,-3,-5,-9,-2,1,43,-34
,-11,-4,-9,-16,-3,2,-33,-59
,9,5,-2,2,12,-17,-26,-68
,-5,1,8,-1,-1,-41,19,-9
,12,5,6,6,14,-12,16,95
,-5,-4,-11,3,23,-66,-10,-9
,0,0,-5,18,22,38,9,21
,0,-2,11,-41,-36,-25,25,86
,-12,-2,10,67,2,14,-11,-39
,11,0,-4,-30,2,30,31,35
,-2,-5,-13,-35,-1,11,-3,-37
,-9,-1,22,-1,11,46,-16,-1
,2,5,8,-4,-25,1,-7,-56
,-1,-2,-14,5,-6,9,-6,-34
,2,0,7,4,2,26,0,-41
,-7,-1,-11,-17,-2,25,-10,-94
,7,0,-10,-52,5,8,5,32
,4,4,24,32,8,3,5,37
,0,1,-4,-1,-8,12,9,6
,-6,-2,-10,-2,-8,-19,-7,-6
,3,-4,-11,-6,11,5,-6,42
,-2,1,0,20,-2,-26,-8,-55
,-7,-6,-1,9,7,22,13,15
,3,2,10,3,-2,-3,7,55
,-5,-2,-6,-12,-2,-21,-7,-93
,-8,-6,-9,12,-3,-23,-13,-28
,13,4,4,-11,-6,-76,3,47
,-4,3,-2,-5,6,-44,-16,-105
,12,6,7,-17,-7,48,-1,82
,-9,-10,-5,10,-8,-9,-4,-73
,2,-1,3,-19,0,22,-3,31
,0,-1,-21,11,1,5,-1,-46
,-9,-5,21,-2,-6,-13,9,-56
,0,-5,-4,-12,-11,-11,-3,109
,6,-2,-11,12,0,32,6,-16
,-4,-1,-11,-17,-3,5,-7,-47
,-5,0,28,1,-2,19,-10,-10
,-1,-3,0,0,-1,11,12,72
,-6,-2,-8,5,17,-22,-10,-111
,2,-2,-21,36,-10,-16,3,-16
,-8,-7,-11,20,13,-77,-8,6
,6,7,16,-28,7,40,4,-118
,-1,3,-3,32,12,-3,12,-11
,-2,-2,-2,-27,-10,80,-16,-61
,-2,2,1,12,6,-13,-26,16
,-7,0,-1,-5,-4,-5,-7,-102
,5,1,1,-7,0,21,3,106
,-3,-6,-7,2,5,-26,-15,-21
,-1,0,14,-8,-4,29,12,-78
,10,4,5,8,-8,45,4,84
,16,7,3,-23,-4,52,7,30
,-5,-4,2,-9,2,23,25,9
,6,-1,-34,29,5,1,22,17
,3,6,18,7,11,-4,-13,19
,-3,5,0,14,-6,-7,-12,-18
,0,-1,9,19,8,-26,16,34
,16,4,-5,-29,10,25,13,-42
,-4,-3,-22,-21,-7,7,2,-40
,-16,-8,-11,-8,-14,4,0,-33
,10,13,86,22,9,0,-24,-9
,4,0,-11,9,-18,-56,-11,59
,-1,1,-16,5,3,-3,6,-21
,-11,-11,-37,-46,-16,-28,-21,-19
,1,-4,-30,1,0,-20,35,49
,-5,3,29,8,0,36,15,-27
,8,5,-2,-5,7,7,-4,-1
,-10,3,-2,17,1,-41,-6,-103
,-1,-4,24,-17,-18,-28,16,110
,3,-3,-28,41,13,35,5,-82
,-12,1,22,60,21,5,-46,-128
,-6,0,15,-38,-6,5,38,-82
,19,2,-20,-23,3,5,-8,9
,-10,-8,-31,-16,-19,5,1,-68
,3,2,32,-16,-9,-12,10,-47
,-14,-1,10,18,-8,-61,1,55
,0,-3,-18,-14,5,11,14,-109
,-3,3,-20,-16,11,3,-10,-42
,0,1,4,8,-4,13,9,0
,-7,1,19,-6,-15,12,7,19
,11,5,-7,10,-2,-28,-1,43
,0,-8,-7,-21,-4,1,7,12
,0,0,-14,9,2,-5,13,108
,-4,2,41,17,-2,-8,-27,-57
,3,1,-2,27,7,36,-9,-3
,-2,2,15,-10,-5,-14,-5,10
,-2,-4,-15,-16,2,-19,9,19
,1,-8,-31,8,4,-1,-20,3
,1,2,20,6,13,28,-2,-19
,-1,2,20,-11,2,-6,-5,31
,-4,-3,-15,-10,-2,8,-2,-19
,7,6,-9,11,11,9,-1,-33
,7,1,8,0,-8,-9,-1,34
,-10,-3,0,-5,-9,-17,-20,-23
,3,-2,0,5,-3,-23,1,80
,17,7,10,-19,18,-7,2,10
,-9,-1,-7,25,-6,-18,9,61
,-1,1,5,-13,-4,-14,-16,-75
,-5,1,-3,-2,-30,78,15,42
,12,0,6,19,24,-19,-19,1
,-9,1,-23,-38,0,3,1,-106
,2,1,0,17,20,-3,9,-58
,6,0,-2,-2,-6,-4,-5,24
,-1,3,23,22,-13,7,9,2
,-4,-1,-23,-6,5,1,-10,-44
,6,-1,-16,-8,2,23,14,45
,-2,-3,3,0,15,-16,6,-19
,-5,-6,-4,-4,-13,25,10,-9
,-1,0,6,4,-3,-28,-13,-29
,-9,3,14,-5,-1,5,-21,-67
,14,-3,-3,-6,-15,12,36,49
,-8,-2,-5,4,-2,6,-3,-52
,2,0,22,-8,-3,46,2,41
,-3,0,7,10,20,25,-15,-64
,-3,-4,-7,-10,7,-14,8,37
,-4,2,-1,-18,-5,25,2,-107
,9,5,10,30,-5,41,4,24
,14,-1,1,10,-25,-32,6,126
,-1,-1,-22,7,11,-3,-9,-82
,-3,-3,-28,-36,8,-9,11,-12
,6,0,36,15,6,-1,2,-84
,0,0,0,8,-3,6,9,-24
,-9,2,13,3,5,-14,-16,-128
,29,-1,-1,13,20,67,33,127
,-12,-4,-14,-4,-4,15,-13,-126
,-4,-4,-14,-14,2,13,0,-46
,-1,1,0,-8,3,-10,5,-18
,0,0,-3,-4,2,-10,-15,28
,-6,-4,-17,4,1,-22,-7,25
,4,3,16,2,3,10,5,34
,-6,-2,0,26,-8,9,-29,56
,-5,2,11,29,4,0,15,-41
,4,0,0,-32,-3,-15,19,59
,3,5,-2,1,-3,2,-15,-17
,-4,-1,-14,-11,3,-4,-2,-29
,-1,-3,11,14,-9,-5,-7,-54
,-2,-1,-12,-5,4,-10,4,26
,-6,-3,3,12,6,1,1,31
,0,-4,11,10,7,11,9,-39
,-1,-2,-15,-6,-1,-35,-18,-16
,-11,-3,-7,-13,-9,24,-3,0
,3,-1,1,-5,-2,11,12,27
,-8,-1,12,-1,-4,-14,-21,-59
,1,1,-2,-4,-9,-13,-6,69
,-14,-6,-1,-21,-10,-32,-23,-81
,3,0,-9,6,-1,-30,1,25
,5,1,-14,-6,2,-8,7,-15
,-1,0,11,-6,-3,14,4,1
,5,3,15,14,2,-11,2,43
,-4,-3,-14,-19,-2,2,0,-36
,7,1,1,6,5,-4,7,94
,1,3,9,2,-5,-6,9,9
,-2,-4,-15,7,1,-6,3,0
,0,3,10,-1,-2,32,-6,-18
,-6,-1,15,17,-1,-10,5,-10
,6,0,-6,-11,-4,6,3,4
,-2,-1,-8,-2,3,0,-5,-29
,-5,0,3,7,0,-6,2,-40
,5,3,-12,-3,0,8,-5,50
,-1,-1,6,3,3,-9,4,-26
,4,2,0,0,-7,-10,-3,13
,-2,-1,3,-12,1,12,3,-22
,4,3,9,30,7,-4,-9,30
,-3,-1,-8,-38,-15,-35,-3,31
,0,3,-4,19,14,37,-1,-4
,-3,-1,10,15,10,-5,-4,-22
,2,-1,8,-16,-8,-7,6,-33
,-6,-2,-15,-6,0,14,-8,-25
,2,0,2,-4,-13,-14,10,19
,2,2,8,-9,2,-12,4,39
,-6,-1,-6,1,7,1,-5,-48
,7,2,-1,5,9,4,-4,57
,-4,-3,1,5,1,-4,-1,-27
,-1,-2,-6,1,-5,-2,7,18
,-4,2,-17,-15,-2,-8,-9,-78
,4,0,0,5,2,15,11,48
,-6,1,5,8,3,-11,-8,-42
,7,-2,-3,-23,-14,-14,15,127
,-3,-2,5,-1,-4,10,-3,-47
,-7,-2,-10,5,2,2,2,-3
,0,0,1,-10,3,-11,-12,15
,1,1,-2,15,1,-4,0,-41
,3,-3,1,-15,-5,5,3,23
,-9,-1,11,13,-2,-14,-23,-84
,15,2,-4,4,5,8,27,83
,-2,-7,-11,-17,-1,1,4,-15
,-2,1,-2,3,-4,-6,-13,-30
,-2,-6,1,7,6,13,11,-88
,-4,-1,4,4,-7,-25,-14,-17
,2,5,7,2,2,17,3,1
,-9,-2,-15,11,-2,-8,-6,-26
,5,0,9,-40,-5,1,9,93
,-3,0,3,-10,0,-8,-23,-69
,-3,0,-5,18,7,0,4,-57
,9,3,9,-13,1,0,19,4
,-8,-3,4,4,-9,5,-9,-12
,-1,-2,-19,3,3,6,-4,41
,0,0,3,-2,-1,2,4,-21
,-6,0,19,-13,-12,-2,12,-68
,18,1,-15,5,0,0,9,95
,-5,-5,-8,-2,3,-14,4,-53
,-5,2,-2,27,6,-8,6,-70
,7,0,-6,-27,6,3,25,27
,9,7,-17,16,2,10,1,52
,-8,-3,33,-23,-1,4,7,-24
,-2,-1,-4,8,7,0,-21,-34
,8,0,1,1,7,1,8,103
,0,-1,-10,23,1,4,4,-43
,-2,0,-17,-10,-4,6,3,-10
,6,2,23,-1,-11,-6,3,105
,-7,-2,7,-13,16,-7,-2,-68
,10,4,2,37,10,16,0,-14
,0,-2,-21,-1,-3,5,-3,-15
,-15,-3,-15,-14,-5,2,-17,-61
,5,-2,0,-2,-10,-25,-4,45
,-11,-2,18,-9,-1,4,-9,-71
,-5,3,15,3,-6,-4,-6,-31
,2,3,-3,-5,-2,5,-4,-12
,-4,-2,-9,12,0,-3,-11,-5
,-4,-3,-11,7,10,-9,18,-2
,10,0,18,-14,-3,8,5,5
,2,2,8,8,1,1,0,0
,3,1,-4,-5,-3,1,-5,66
,-2,-2,1,-16,-3,-1,5,-41
,-9,-2,-20,-10,4,0,-3,-34
,7,-4,-3,1,-1,-5,-2,57
,-2,-1,2,5,0,15,-9,-21
,-1,2,8,-10,1,-22,4,69
,-4,0,-8,-6,-9,-11,-5,-18
,-4,-2,-15,-19,-1,-7,-11,18
,3,0,6,33,1,4,-4,-12
,-6,-1,9,-32,-5,-3,-19,-28
,0,0,5,36,11,4,-1,4
,14,1,0,26,5,15,23,106
,-2,-2,-13,-31,-7,-10,-1,-46
,-4,2,11,-4,-3,0,-14,-51
,-1,1,18,16,11,1,-2,27
,-2,0,-5,-19,-11,3,6,-31
,1,1,11,30,8,24,2,72
,1,-4,-5,15,4,-6,-5,27
,4,0,5,-13,-6,3,16,74
,0,-1,-17,-14,-5,19,2,-11
,-1,5,17,14,-2,-8,-7,-29
,-12,-1,-8,0,-14,-5,4,6
,20,-1,-21,-24,10,9,23,54
,-4,2,24,14,2,-18,-12,-79
,-6,0,-11,-5,1,9,-11,-107
,18,-2,-2,6,4,32,41,41
,7,4,0,11,0,-6,-1,-78
,-2,-1,4,-4,-4,-10,-5,-13
,-8,-3,-17,-24,-4,-3,-9,-70
,-3,0,10,21,13,5,-11,-1
,-4,2,0,4,-14,-13,-1,14
,4,-3,0,-29,-9,15,6,11
,-9,-8,0,42,12,-4,18,29
,-11,-3,-9,-10,-1,-23,-21,-92
,8,-2,-3,-15,4,7,-3,102
,-14,-6,0,3,-12,-22,-30,-44
,3,-2,-28,7,0,-19,-2,19
,1,2,24,12,-6,-9,-9,-33
,-7,2,21,-16,3,15,-10,-23
,-2,-3,-19,-13,0,-41,-40,-60
,3,-7,-5,-14,-14,2,11,34
,-2,-4,-18,-26,-5,-2,6,-19
,0,2,9,31,-5,12,1,39
,3,4,4,-6,14,20,18,-9
,2,3,3,15,0,-18,-6,75
,2,-2,3,-9,-5,-2,2,2
,-7,-2,5,0,-2,0,-4,-35
,3,-1,-11,-3,3,6,24,26
,3,3,17,4,3,-1,-16,-11
,-8,-6,-23,-5,-2,3,-7,65
,-3,-6,-3,0,-1,-16,8,-93
,0,1,0,5,-2,-3,2,-23
,6,2,7,-2,11,4,-1,-71
,-1,-2,-9,-30,-25,-12,-19,16
,-5,-3,-9,3,-4,0,-9,4
,1,4,15,4,12,-3,-3,11
,-10,-1,-4,-15,-6,7,9,-101
,5,0,2,9,5,-2,-8,88
,-1,-3,-18,-18,-7,10,-4,-35
,1,1,-6,14,2,-5,5,-13
,-6,0,8,-21,-2,7,-5,16
,4,3,10,9,9,8,10,-46
,-3,-1,-1,12,7,2,-3,-12
,-1,-3,-2,-1,-13,-4,0,33
,0,-4,-9,-6,-1,13,-2,-16
,-7,3,8,32,0,-16,6,-61
,0,2,2,-11,-6,-10,-8,-33
,5,0,-17,-8,7,10,2,-73
,-3,2,13,-7,-5,-31,41,-7
,19,1,9,12,1,-38,-1,79
,9,2,7,40,-4,56,28,44
,-8,-1,-6,-1,-6,1,-1,-7
,0,2,-4,-4,0,11,-2,-59
,4,-1,4,-4,7,-34,3,26
,-5,0,5,-3,5,-17,-12,-46
,3,-2,4,3,0,1,2,48
,8,1,-12,-2,-14,20,-3,35
,-8,-1,-9,-16,-2,22,-4,-54
,-3,-5,-6,5,3,-7,-9,26
,2,3,5,5,6,5,6,6
,-2,-3,-8,-12,-9,-11,0,33
,-6,4,26,28,7,22,3,-45
,3,0,-4,-9,3,-38,-8,10
,1,-3,1,8,-2,-7,7,37
,0,0,-3,9,2,2,-2,4
,-2,-1,-18,-3,4,8,-5,-10
,-2,-1,11,10,-6,6,-7,7
,-8,-1,0,-8,-4,-4,-7,-75
,7,-2,8,-2,-7,5,10,100
,-7,0,-1,-9,-7,4,-1,-108
,2,-1,-5,-3,13,21,0,11
,-1,0,0,-10,-2,-6,-13,0
,3,-2,1,0,-2,1,2,-43
,-2,-1,-3,-14,3,16,-5,-7
,-3,0,-8,-4,-4,-12,-1,-23
,1,0,9,35,2,15,4,11
,0,-1,-12,-29,4,-10,-9,23
,-1,-2,4,0,-4,6,-3,-1
,-2,1,1,-23,-12,-40,1,-21
,4,0,12,32,1,-8,5,48
,-4,-1,0,-7,4,-3,-4,-28
,2,6,1,2,-3,6,8,-13
,3,1,-3,0,4,3,-1,8
,-4,-3,-9,-14,5,13,5,-42
,-2,-3,1,-4,-12,-14,-8,35
,0,-3,1,-7,2,9,-2,10
,-6,-2,7,6,-3,3,13,37
,-4,2,-4,-23,-4,-4,-2,28
,1,1,13,49,12,37,-3,-21
,-1,-1,-2,-7,1,1,3,-9
,-4,-5,-2,13,-3,-2,-13,-48
,2,-5,-24,-27,-2,-5,9,63
,4,0,28,-11,-1,-6,-17,29
,-3,0,-2,4,3,34,-1,8
,0,2,-3,-14,-11,-4,5,-13
,1,-4,-24,-24,16,14,-6,-54
,6,3,-4,21,3,3,8,-9
,-1,-6,-4,-21,0,-6,-6,-10
,2,0,-3,3,7,8,10,51
,4,6,14,18,-4,-21,-9,-28
,-9,0,7,12,3,-8,-6,-49
,7,-2,4,10,-4,-8,9,61
,-6,0,-1,-6,3,9,-5,-54
,1,-1,2,-19,-3,-3,-3,-4
,4,2,-8,19,7,1,2,10
,-4,1,8,0,1,-10,-5,-13
,-3,-1,-6,20,-1,-2,-10,-30
,0,-1,15,-27,-7,8,1,-14
,-5,-2,-22,-25,-3,-18,-10,-24
,2,2,23,18,-5,28,20,26
,0,-3,-20,-7,14,5,-10,6
,-1,-1,4,13,0,-1,-7,-7
,-4,-4,-6,-1,3,15,-1,1
,-2,-2,-21,-17,-2,-56,-4,-4
,4,1,7,21,6,16,3,5
,2,6,5,-6,2,4,6,9
,-1,-1,12,15,-7,-3,6,22
,3,2,-5,-29,-2,7,-4,-6
,-3,-1,-1,-6,-1,-3,-2,1
,0,-1,-7,6,-5,0,13,46
,6,3,13,6,1,-1,-8,97
,-1,-2,-6,-24,0,1,-14,1
,-1,-4,-24,0,9,-1,14,-6
,-3,3,19,8,-13,4,2,-33
,-2,-6,-10,-20,-6,-3,-3,30
,-2,-4,1,35,5,4,3,-14
,3,5,1,-15,-7,-22,-2,34
,-5,-8,-23,11,8,1,-7,-5
,0,3,16,-6,3,5,10,-19
,-1,0,-2,25,9,14,-11,4
,-1,3,2,-20,-7,0,3,-17
,0,-1,8,24,9,2,6,2
,-1,-2,-14,0,1,-3,-11,-47
,6,1,-3,1,-4,-2,10,58
,-8,-2,13,4,1,-7,-14,-76
,0,-3,2,-6,-11,13,1,16
,-11,-2,-14,-47,-3,-6,-21,-79
,0,-1,14,60,-1,-3,-2,5
,-2,-3,0,-22,4,0,-8,-49
,-2,-1,9,4,-14,0,-9,41
,-1,-3,-22,-19,1,-9,-9,-18
,-5,0,-4,18,-3,-20,6,-24
,4,-1,-5,9,0,30,9,64
,1,3,15,-6,12,-1,-6,-30
,2,6,26,8,8,9,12,14
,4,1,-20,-20,-4,-2,10,6
,2,-1,2,12,-16,-21,-8,12
,-1,-1,-11,-9,1,-4,12,-28
,2,-2,-1,7,-4,10,1,6
,8,5,-3,-13,2,5,6,17
,-3,0,9,2,1,1,0,5
,-1,-3,3,15,1,15,3,-68
,5,0,2,17,-10,-5,4,81
,-5,-5,-9,-35,-1,2,9,-15
,-2,-1,3,-11,-7,-2,-5,-20
,1,1,-7,-8,4,5,-7,0
,-1,1,-31,12,1,11,8,-34
,1,2,36,6,-4,-15,3,44
,-4,-2,-9,-32,-11,10,-19,-8
