,4,1,0,25,1,-4,9,111
,2,1,-2,-3,6,-2,4,-30
,-2,-3,-13,-9,-4,4,-10,-80
,0,-4,2,15,13,-3,24,-42
,3,1,5,-15,0,-8,-8,21
,-6,-3,0,-4,-3,8,-15,-31
,5,4,13,18,15,-3,3,-9
,2,-2,-19,-1,-5,-16,-2,1
,-6,1,4,-8,5,76,-3,21
,2,-3,9,-4,-3,-23,5,-42
,0,0,-3,5,9,20,3,66
,3,2,6,7,14,0,4,52
,0,2,-14,-18,-3,-18,8,-8
,0,4,4,4,5,13,5,-19
,-7,-4,-3,-12,-14,-1,-25,25
,-4,-1,1,8,3,-2,6,-30
,1,3,4,9,5,-23,-7,-56
,2,3,11,-12,4,0,4,51
,-1,-1,-10,0,-17,-12,-5,-9
,1,1,9,15,-3,-1,9,-34
,-2,-5,4,5,11,-31,-10,48
,2,-2,-27,9,-2,33,7,19
,-5,5,31,-3,-4,-2,-11,-102
,2,2,-23,-12,-1,-3,-4,19
,2,-8,-10,-2,-4,1,4,-34
,-4,-4,-2,-1,2,-13,-1,0
,0,-3,-12,-10,-1,6,0,11
,-2,5,10,-2,-19,6,-3,-31
,2,3,4,6,6,-3,14,10
,-1,0,-5,-8,-4,-6,-10,6
,1,1,0,-3,2,5,-3,-41
,-6,-1,18,-4,0,-5,4,19
,3,-2,-12,6,-9,-5,-1,53
,1,2,6,11,-3,-9,0,-60
,12,1,-10,7,12,2,19,70
,-3,-6,-8,9,-7,8,-3,-2
,-1,2,7,14,-7,-28,-5,-32
,-2,3,10,-2,-5,7,0,-13
,1,-1,-6,7,9,7,-5,14
,-1,0,11,5,-9,-18,7,-11
,3,1,2,-46,2,10,-1,-18
,3,-2,0,8,-1,-9,5,87
,-10,-5,-15,-7,-5,-10,-10,-97
,2,3,4,2,19,23,0,22
,2,3,8,6,-2,-8,-20,0
,-4,-2,-2,-5,-2,-29,-7,-53
,-2,-4,1,-10,2,7,3,24
,-1,1,4,7,3,-6,-7,-1
,-4,-5,-12,0,-12,17,5,-1
,0,1,5,-7,1,12,18,2
,-1,-3,-2,4,-7,-1,-4,-12
,-3,-2,8,-4,5,-34,-4,71
,0,5,11,19,-5,-9,2,12
,1,0,3,-1,2,1,1,7
,-5,0,-10,-29,-1,10,10,20
,9,0,-5,16,0,16,-5,29
,-1,4,29,14,3,8,5,-18
,-3,-6,-35,9,2,-5,-21,25
,-5,0,20,5,-3,-6,-4,-33
,10,2,6,6,0,-4,8,65
,-5,-5,-17,-30,-21,0,0,30
,0,2,11,-3,3,-11,-2,-30
,-2,-3,-17,20,-1,-4,3,-1
,3,4,-4,-16,-7,11,1,-13
,-3,-1,1,0,-4,-14,-6,-68
,2,2,1,1,5,5,9,57
,3,-2,8,-9,-4,20,4,36
,2,-3,-10,8,6,4,3,18
,-4,-2,-19,-3,-2,-1,2,-35
,3,3,14,-5,0,10,-5,-92
,6,3,8,18,1,5,0,38
,-3,0,-3,1,-3,-7,2,-34
,-2,0,2,7,-2,-11,-7,12
,-1,-3,-9,-5,-7,18,6,6
,-6,2,5,-1,-4,18,6,-46
,-2,-4,12,5,0,3,-8,0
,1,-2,-26,-17,5,2,4,16
,0,3,19,1,-2,-3,2,-1
,2,-3,-22,-11,-7,-15,-5,11
,-5,-1,-1,-13,1,-5,7,-99
,6,1,17,11,6,23,6,87
,-3,1,-4,25,0,-54,-4,-2
,0,-2,-5,-27,-8,-7,8,41
,-5,-3,-27,-44,-12,5,-19,-68
,-4,-1,13,-12,0,-15,-9,-56
,0,-1,-16,-8,-14,52,14,53
,-3,0,-1,40,10,-30,-15,-86
,2,3,9,4,0,23,12,111
,4,4,-1,1,0,1,-7,-42
,-10,-4,3,-3,-6,-10,-19,24
,6,3,-8,5,0,-4,2,-67
,-7,-2,-2,3,4,6,-21,-61
,-6,-4,9,25,-2,-20,-1,-8
,-2,0,10,-14,-3,-5,-1,-61
,0,-3,-9,7,3,5,-1,35
,2,2,6,-3,6,-6,-2,-8
,-1,0,-7,8,6,7,7,28
,-2,-3,-10,3,-8,-13,-1,-81
,-7,2,9,-11,-5,-2,1,-55
,11,3,3,19,4,7,20,72
,8,3,0,-23,0,-18,-8,-31
,-6,0,9,-5,1,-19,-4,-38
,0,-2,3,2,-15,40,22,41
,4,-2,-5,-22,-1,-9,-4,34
,-5,-2,0,10,5,1,-4,-6
,3,-5,-9,15,8,4,-10,-22
,-7,-3,1,-7,2,-18,-11,44
,1,-1,8,6,-1,8,13,-10
,3,2,4,-7,-4,-20,4,-2
,5,1,-5,-6,-1,0,-5,21
,-3,-5,10,-6,11,3,11,15
,-4,-1,-10,5,-6,-2,0,-21
,-2,1,5,10,3,2,-5,13
,0,-1,-28,-15,-11,-6,-10,3
,8,-4,17,27,4,2,8,71
,0,2,24,-24,-4,-8,-13,-64
,-8,-5,-16,11,-2,21,-9,-93
,9,3,20,5,14,3,5,46
,-5,1,-19,-7,-11,-4,-14,-49
,-2,-1,-8,-11,-9,-4,-5,14
,-2,-3,4,-1,1,11,-2,-20
,-1,-1,5,12,9,1,11,92
,1,-2,-8,5,9,-9,-12,-10
,-3,1,4,15,3,4,4,-36
,1,4,-2,-8,3,6,15,-26
,10,2,0,1,4,7,22,45
,-1,-2,-1,-42,-8,-7,-3,37
,3,-3,-6,39,7,4,2,-6
,-5,-3,-2,-19,-2,10,-6,-63
,4,-1,-3,3,7,-3,20,11
,3,5,6,-1,4,14,3,0
,-6,-1,-5,-20,-9,-15,-1,-5
,7,2,-5,21,4,13,1,86
,2,-2,3,-1,-4,17,-2,-28
,2,0,6,5,-1,-16,-6,11
,-2,1,8,10,-3,-3,-2,-31
,5,2,7,-6,4,-6,4,53
,-5,1,3,1,-7,-8,-5,1
,-2,3,-1,-7,-1,0,-9,-43
,-1,-4,-17,-10,-6,-12,-16,32
,0,-5,-8,-4,1,1,1,13
,-2,-1,4,0,-7,4,-7,-18
,-3,-5,-19,-16,1,-9,3,-4
,2,1,10,6,-1,9,7,-2
,-5,-1,-2,0,-5,-31,-9,-29
,0,-3,-1,5,10,24,9,72
,-1,2,8,18,-2,-1,-2,-48
,-9,-4,-14,-10,-1,-9,-15,-24
,15,-2,-2,-3,7,18,20,62
,-4,3,12,7,-1,-7,-11,-94
,-5,-1,-4,0,-3,11,-3,18
,4,5,-1,2,10,20,-9,24
,-2,1,4,30,-3,4,9,-3
,3,-2,-3,-34,-7,0,-8,16
,-6,-5,1,17,3,5,1,-48
,4,-1,-5,0,-3,-8,5,53
,-4,0,-11,-22,-1,7,11,-15
,-5,-3,1,-5,-9,-12,-15,-33
,-1,7,9,0,7,7,-13,-55
,6,-2,-2,37,-6,15,24,64
,-3,0,-5,-23,-7,1,-10,-53
,-2,2,10,0,3,-9,-9,-55
,-3,0,13,6,-5,3,-6,35
,-1,-4,-13,-24,3,-11,4,-37
,-2,2,7,11,-1,14,-1,-5
,-1,-2,-14,6,7,26,2,57
,1,0,2,-11,-7,-34,8,20
,2,1,5,-5,7,-1,-5,-2
,-2,-3,4,34,-3,-11,-8,5
,-2,6,18,-4,-1,0,-11,-114
,16,0,-13,-17,2,-2,32,127
,-2,-4,-3,1,0,35,-3,-7
,-8,-1,-2,-7,1,-9,-12,-38
,2,1,-7,-12,4,-4,-1,-9
,-1,-1,11,0,3,4,3,8
,-2,2,5,5,2,-5,1,-17
,-6,0,0,8,5,14,-1,-79
,15,-5,-7,-10,1,4,10,90
,-2,2,-5,-5,-21,5,0,-53
,-4,-2,0,14,10,-11,-4,-2
,8,3,16,-29,-13,2,15,70
,-2,-2,-4,10,9,-11,7,33
,4,1,-9,18,6,6,-5,-13
,2,2,-5,-12,-9,-1,-4,-42
,-3,-1,-5,-2,-4,-10,-6,-7
,-5,-3,4,12,3,-9,7,14
,3,-1,-7,-23,-7,2,-3,38
,-5,-1,10,17,-10,-10,-5,-40
,-3,1,-13,-25,9,16,-4,-48
,7,-1,7,10,-10,-7,17,95
,-6,-10,-12,-6,4,-3,-1,-36
,1,1,4,3,9,-7,-10,4
,3,-2,1,19,-7,3,-1,32
,-9,0,-11,-23,-5,5,-11,-70
,-4,0,-3,2,16,0,2,-10
,1,1,4,-5,-4,-33,-1,15
,0,-4,-12,5,6,31,10,22
,-7,4,12,16,-2,3,-2,-72
,2,-1,24,5,13,5,-14,-7
,7,4,-12,-25,-14,-4,9,9
,-5,-3,-7,-3,-4,-25,0,-3
,1,1,-15,7,0,-1,-2,-9
,-9,2,0,10,6,4,-21,-118
,0,0,0,-3,7,34,18,-39
,14,2,1,0,-1,-3,-4,22
,-4,-1,-19,-1,-2,1,-4,-34
,1,2,9,13,-2,1,13,-55
,-3,-5,1,14,8,-38,-21,-62
,0,1,15,-34,2,1,27,69
,-3,-4,1,-2,2,2,-9,0
,4,2,-7,7,0,9,9,16
,1,-3,-15,-13,-8,6,-7,26
,-7,1,4,-5,5,1,1,-16
,-1,-2,9,10,-20,-66,-12,57
,-1,-2,-9,-35,-8,16,-3,-51
,-1,4,14,59,0,17,4,15
,1,2,-5,-12,-1,4,-32,-39
,-4,-5,-5,-12,-1,8,17,59
,1,3,-10,-2,-9,7,-9,16
,-6,3,24,-8,18,29,-5,-79
,9,-6,-17,16,-4,-28,5,73
,1,1,2,-2,-4,13,6,-79
,1,-3,-37,-23,-9,-9,2,-4
,-2,1,31,-28,-10,0,0,-78
,5,5,16,28,19,-11,5,69
,-2,-3,-13,6,-5,24,-4,-47
,3,1,1,8,-11,4,15,104
,-7,-3,-18,-44,-6,-1,-4,1
,2,2,2,9,-4,-23,13,12
,7,4,14,33,11,-11,0,-13
,-8,0,10,16,2,-10,-10,-76
,6,-2,-11,10,6,-21,3,89
,-4,1,18,3,-11,7,3,-50
,2,0,-11,-16,10,15,8,42
,4,0,5,13,-8,-15,-9,-10
,1,-4,-4,-2,1,27,14,-5
,-8,-6,-19,-4,2,14,-21,-92
,4,4,32,22,-1,10,20,15
,-4,0,-13,-15,9,-7,-3,-17
,1,2,6,5,-7,-15,-6,63
,4,0,-10,6,3,18,13,-10
,-8,-5,-10,2,6,-4,-28,-86
,1,-3,9,2,-10,-14,10,127
,-3,-4,-13,27,4,21,14,-26
,1,2,8,2,10,-11,3,16
,-2,-1,-4,-10,3,11,-6,30
,-7,-2,10,3,4,-14,2,-82
,-1,0,-9,-11,-4,-13,-11,13
,2,-4,-5,4,-7,-12,4,64
,0,0,-5,-16,-14,-15,2,52
,-3,-2,13,6,14,32,-17,-55
,-3,5,-1,14,2,-55,-1,-79
,-4,-4,-28,-33,-6,17,-5,13
,4,3,26,-4,0,16,3,-10
,4,3,7,-8,-2,5,11,31
,-1,-1,2,9,5,0,-7,73
,-3,-1,-6,-5,-1,16,9,-29
,0,-1,-16,-16,-11,-20,-6,-1
,-1,0,11,13,-11,-62,-1,-23
,2,0,5,-11,-8,1,0,86
,-4,-1,-2,27,3,-16,-14,-45
,2,2,5,10,-18,-50,8,-53
,9,2,4,-19,-1,14,6,112
,-7,-1,-9,-22,-3,8,-2,-128
,3,2,-10,-2,-16,-19,10,66
,-2,-2,5,6,1,-15,-4,-4
,-3,0,13,11,3,-1,-8,-10
,-3,-5,-17,-35,-7,-23,1,-16
,5,4,17,8,1,-12,-2,46
,-6,0,-7,-8,8,19,-3,-24
,4,-7,-16,3,0,15,1,16
,-4,2,5,-9,-1,17,0,-23
,-3,-2,3,-1,-2,-6,-10,-31
,-1,-1,-12,-15,2,36,-3,23
,-5,0,3,17,12,-2,-1,-50
,2,-1,13,26,1,2,-4,40
,-2,-1,-5,-16,-5,21,-1,-68
,0,4,7,18,7,-49,-14,41
,5,3,-2,-17,6,18,9,10
,0,-1,-9,-1,-4,2,-6,63
,-7,-3,-16,-4,-3,7,-21,-47
,1,-1,10,-11,-4,-1,6,3
,-5,-1,-14,5,-1,-9,-10,-58
,8,2,13,-1,10,-5,17,8
,2,1,18,20,9,-1,12,-7
,-2,0,-9,-24,-11,18,7,-1
,-6,-4,-8,12,-10,-6,-11,-1
,4,1,-4,13,17,-1,-11,-51
,4,0,10,-17,-8,4,7,100
,-3,0,-11,5,10,-23,5,-40
,-5,2,7,-3,-4,18,1,1
,1,-1,18,12,-2,0,4,9
,-3,2,12,3,1,-4,-2,-33
,6,-4,-29,-11,1,28,9,105
,-4,-4,4,7,-23,-23,-12,-45
,-7,-3,1,11,-1,6,0,17
,1,1,-1,-28,-10,-6,-4,-48
,7,-2,7,7,-7,-3,7,21
,-9,-1,-6,10,10,-18,-21,-29
,0,-7,-9,-13,-12,-16,6,23
,-5,-1,7,14,-13,-49,-5,-67
,-8,0,-5,-7,-12,47,13,-16
,15,6,10,-11,7,10,-2,88
,-2,1,7,4,8,-6,8,-42
,-8,-7,-5,-11,-18,-35,-22,-21
,-1,2,3,23,11,6,-37,-58
,4,0,2,-34,-19,32,21,16
,-1,3,2,-26,-1,28,-13,35
,-3,2,-4,4,11,-12,-6,1
,1,-1,1,9,1,20,23,-8
,-2,-4,-21,6,2,-7,-1,-49
,5,2,-2,13,6,-5,-15,56
,-6,-3,12,-5,9,25,6,-18
,0,-4,-2,-22,-16,-16,3,11
,-3,0,-1,19,5,-12,-6,3
,-1,-2,-21,-7,-7,3,10,-76
,2,2,11,15,11,6,10,88
,-6,-6,-10,-2,4,-13,-14,-62
,6,-2,6,6,23,9,18,107
,0,2,5,2,-6,-7,-16,-30
,-3,-2,-7,-21,-20,19,-8,5
,-1,-1,3,-7,13,-27,-11,-13
,-11,-7,-10,-9,-5,-14,-6,-56
,3,3,7,1,1,7,4,-71
,0,4,-8,17,19,36,7,-49
,-2,3,14,3,-24,-11,-36,-29
,-2,0,-10,-15,2,9,25,29
,-1,2,0,1,2,-27,-4,-21
,4,-2,-12,14,0,58,23,55
,1,1,4,-2,-3,-9,-1,-35
,4,5,26,-9,-11,2,22,-20
,6,-1,-6,18,22,58,8,28
,-2,-3,-16,-7,11,31,-7,-28
,-2,2,1,-4,11,-29,10,-10
,5,-2,-7,16,-8,1,9,59
,-3,1,8,-30,-19,-11,2,21
,0,-4,-15,4,4,-9,-2,-27
,4,-2,8,-8,10,18,-2,29
,-3,0,2,5,-19,-41,-16,-75
,4,2,-4,-2,-1,-6,12,78
,-2,-3,-13,-8,-2,2,-17,4
,-3,-2,9,-3,-9,54,3,44
,0,4,0,17,6,-21,-8,-66
,-11,-4,4,-2,-2,-5,-8,-45
,-3,0,-6,-8,0,-5,9,-24
,19,6,11,7,17,13,33,31
,-8,-8,-14,-10,14,37,-15,-82
,1,-2,-7,-7,-16,-25,-5,46
,2,0,10,-14,3,23,13,36
,-6,-2,-8,40,2,1,1,-48
,3,-1,3,-31,-1,1,-7,81
,-10,-3,-19,-16,-6,31,-6,-80
,5,1,14,-1,-9,-36,-5,1
,-3,2,12,-11,-6,-14,-5,16
,-2,-1,-4,15,3,-1,5,6
,-4,-3,-7,-22,-6,5,-6,-27
,-3,1,9,6,3,-27,-11,-66
,0,1,-2,12,14,34,13,20
,5,-1,-17,-6,14,20,-3,-47
,1,-5,3,6,8,10,-2,-50
,9,-2,-3,3,-11,-44,17,126
,-11,1,-3,6,16,27,-9,-89
,2,1,2,-18,-20,-43,17,-25
,8,1,-11,11,23,-2,-23,89
,-8,-1,14,13,2,-33,-6,-80
,1,-1,1,-8,-9,-7,-2,53
,-3,1,13,8,8,70,-4,4
,-2,-2,-51,-6,-19,-45,9,-15
,3,4,53,21,1,-23,-19,-40
,0,-2,-26,-14,-4,-13,12,51
,0,4,24,22,10,17,-5,-19
,-2,-3,-11,-3,-5,-15,12,-13
,1,1,-38,-20,3,49,-4,-14
,3,0,23,35,-6,-1,-9,24
,-1,1,-21,21,-2,-35,-7,82
,-3,2,56,2,11,48,2,-60
,3,-1,-9,6,4,8,11,92
,-5,-2,-1,2,4,24,2,-59
,5,-1,-27,-15,1,-12,19,16
,0,-3,-8,9,0,21,11,4
,-6,2,39,7,-7,21,-3,-19
,-1,2,14,2,-10,-42,-3,-56
,2,-2,-8,-17,8,57,-4,69
,3,-3,-13,5,5,19,13,-7
,2,-2,-4,3,-6,-19,7,0
,-4,-3,-16,-16,-4,-2,-1,0
,-2,0,6,8,-5,-7,-2,-55
,-1,1,7,15,0,55,-9,76
,1,1,-2,9,-4,1,-4,-17
,6,-2,-4,-25,-3,16,-12,20
,-2,0,-4,11,1,1,17,34
,2,0,20,-12,-14,-40,-9,19
,-5,2,5,10,6,-9,-7,-66
,-1,3,-6,21,9,-27,2,-25
,5,1,13,-19,-9,-5,14,-1
,3,1,-7,9,13,-10,10,83
,-3,-1,-16,-1,-14,42,9,-7
,0,-2,8,-23,-6,-19,-6,-10
,-4,-4,-15,-11,-5,-24,-5,-24
,0,-3,-5,20,7,-16,1,-26
,-1,-4,-8,-53,-2,1,8,88
,-7,-2,-7,33,5,4,-16,-63
,0,1,6,-4,3,-4,6,-6
,1,2,3,-32,-8,-14,3,51
,0,-2,-22,27,15,27,-13,-33
,-3,-1,6,-30,-8,7,-1,-23
,2,1,4,-3,5,-20,-13,14
,-1,1,6,1,-3,15,-6,-51
,-2,-4,-15,4,-1,-41,-11,2
,-2,2,6,5,-4,14,7,24
,2,2,-1,-14,5,-28,-23,-24
,7,3,17,-2,-22,-6,10,68
,-2,-1,-5,-1,3,-3,6,-73
,1,-9,-15,-4,-10,-12,3,88
,-6,0,12,0,-8,29,1,-50
,-2,3,3,12,14,-15,2,-83
,5,-1,-13,-30,-10,-12,-4,96
,-1,-2,-8,-4,-4,-6,-2,21
,-6,-4,11,-16,-7,25,-2,-67
,6,2,5,14,0,-79,-2,-26
,-3,-4,-12,-8,-10,4,-10,-43
,2,-1,-15,8,10,9,-4,-13
,-2,-1,12,19,-9,-41,-13,-1
,-1,0,3,5,4,36,-2,-24
,0,-1,-1,-14,16,-4,5,4
,4,0,-10,-9,-15,25,9,85
,-3,1,11,18,0,10,-13,-32
,-4,-3,-11,-15,-5,8,19,78
,7,4,9,29,5,17,7,20
,-3,1,12,-14,-1,8,-3,-42
,2,1,-10,16,-3,5,6,11
,-5,-4,-8,-10,-6,9,-10,-36
,-3,0,18,19,3,-32,-1,7
,-1,0,-12,-9,-1,-12,2,-25
,-2,-4,-14,-4,-10,-19,8,20
,1,2,8,21,0,-27,-12,-33
,-3,1,9,-11,-8,-9,-7,-46
,4,2,15,26,8,-19,-1,36
,-3,-4,-11,-45,-6,-19,-9,-8
,0,1,-12,15,-7,3,4,1
,-1,-2,5,7,2,8,19,39
,0,4,8,2,3,-8,-9,-59
,10,3,18,5,2,47,12,94
,-10,-6,-21,-22,-12,4,-4,-24
,-3,1,15,-2,-1,41,-5,-20
,0,1,-11,-1,9,-47,3,-64
,-1,-1,-3,14,5,-17,-3,10
,-3,-4,2,-1,5,60,-5,-72
,2,1,-12,10,15,1,9,53
,-3,-4,7,-21,-5,13,-6,-25
,3,3,5,-17,-1,4,9,-13
,-1,0,-6,41,5,21,13,11
,-10,-7,1,-20,-3,-28,-15,-16
,2,-2,-9,16,10,17,-3,-16
,-3,-3,5,2,-2,-8,5,12
,2,2,11,3,3,7,-7,-12
,-9,0,-8,11,0,44,-7,-128
,11,-1,-6,8,13,19,40,121
,-1,-1,4,19,7,15,-10,-61
,-6,-3,-4,-26,8,-31,-11,-83
,2,0,-6,-19,-6,46,24,-25
,-1,-4,-10,-3,-6,0,4,25
,0,4,10,13,2,-12,-6,-4
,1,-2,-13,-8,-8,-7,-5,3
,2,4,11,4,5,-18,-12,-12
,-1,0,6,2,1,0,-4,-15
,-1,-1,-12,-8,-5,5,3,17
,-2,2,17,8,-4,-23,-18,19
,2,0,-16,-3,-8,-43,-8,15
,-6,1,32,-10,-5,0,-3,-28
,2,-1,-2,7,-2,-21,-2,22
,-3,0,4,-5,-4,18,2,-54
,11,-1,-7,-1,-5,-17,-6,69
,-12,-4,-5,-8,-10,-6,-12,-2
,-3,0,-4,-7,3,73,-6,-43
,2,0,-17,21,6,15,-10,-1
,-1,-4,4,-31,-6,9,-1,-8
,-8,0,-1,18,-5,44,-1,-80
,6,3,27,44,8,-21,-2,39
,2,2,-7,-40,-6,-37,20,-3
,1,2,-3,7,-6,-6,19,28
,4,1,2,-2,-3,14,3,31
,-4,-3,-16,-2,-1,-18,-1,-47
,4,0,23,6,11,18,14,97
,-1,3,-4,-8,4,-26,1,-27
,2,-4,-17,12,-1,-14,5,70
,-2,-1,-2,-6,-4,-20,-5,21
,4,2,3,-6,0,11,1,24
,-6,-3,7,1,8,5,-20,-30
,0,3,-8,-11,7,-4,-4,3
,1,2,-8,1,-6,-40,-10,-75
,7,3,15,6,15,24,29,71
,3,3,15,9,-6,15,4,22
,0,-1,-14,-11,7,-3,-4,-37
,-1,-2,-9,-20,11,8,7,-29
,-4,-3,-1,-3,-15,-50,5,-17
,4,-2,-9,-22,-2,32,-2,57
,1,3,15,14,-15,-17,-3,-4
,0,0,2,0,11,15,13,34
,-3,-2,-4,6,4,-21,-12,-35
,0,-1,2,1,8,1,4,38
,-4,-4,-11,-12,-13,-9,-3,-32
,-2,0,5,-12,3,29,5,-30
,5,3,3,17,5,70,4,41
,3,-2,-4,13,6,-2,11,54
,-4,1,3,-16,-2,24,-4,-57
,-1,0,-9,21,4,-22,2,-66
,-1,2,2,-11,-6,-50,-14,-35
,-2,-3,-15,9,-7,20,-10,-46
,3,2,14,13,6,-9,7,3
,-4,-3,-7,-21,-6,27,-7,5
,-4,-9,-11,-17,-11,-37,-3,29
,-2,3,-11,28,7,-4,-5,-61
,-1,3,30,-32,-21,-13,-9,-22
,-2,-2,-10,-5,1,-7,-3,-3
,0,-3,-3,1,-11,2,6,20
,-2,0,-5,-8,-6,-39,-9,-27
,3,0,7,7,10,8,9,34
,-2,0,8,5,-10,-23,4,4
,-5,-10,-14,-11,2,-28,-8,30
,3,0,-2,2,3,34,-2,21
,-2,-1,-4,-21,-10,-13,-4,-22
,0,-1,5,5,-2,4,6,4
,0,2,-11,5,6,20,6,-13
,-1,2,17,2,6,-8,6,-5
,-3,-2,-11,0,12,-6,-2,-17
,0,-3,-8,-4,-4,11,-3,22
,-2,1,4,-17,-5,-6,0,-12
,-1,1,9,0,-6,-7,-5,-22
,0,2,2,22,14,-11,-8,19
,0,3,-1,6,8,2,-11,-40
,7,4,9,22,6,-6,10,76
,0,-1,-3,-11,-18,-2,0,-11
,-1,0,2,-6,-5,-1,2,-40
,0,3,-2,15,13,-25,10,18
,8,8,15,-24,-3,69,1,78
,4,1,4,30,5,21,4,7
,-1,-2,-2,16,-4,-13,6,19
,-1,-4,11,-11,1,-24,-10,12
,-9,-2,-8,9,-6,1,-7,-123
,-1,-4,2,-10,4,-19,8,63
,6,0,-7,13,8,-1,10,-4
,6,-1,3,6,-2,6,-2,72
,-7,-3,-11,6,-9,-16,-15,-58
,1,5,-4,-5,1,-9,-8,-35
,-1,-5,-10,-3,6,8,7,-7
,0,3,7,-5,-13,17,3,-2
,-3,-3,6,-1,-1,-8,-20,-31
,5,1,5,8,4,-5,17,11
,-6,-2,-13,-14,15,29,-8,-37
,8,1,-12,-14,-19,40,5,55
,-2,4,21,13,-8,-2,2,-44
,-8,-4,12,11,-11,-40,-18,-48
,3,1,-1,-2,0,-7,4,54
,-5,-3,-4,3,14,-5,-5,-20
,-13,-8,-14,10,-6,4,6,-85
,21,5,9,23,-6,13,17,54
,0,0,-4,-10,0,-9,4,-42
,-5,-4,-12,8,-4,-8,-7,-18
,1,2,11,-9,4,-2,-6,-22
,-7,0,-24,-8,2,-5,-6,3
,-1,-3,4,3,-9,5,-4,15
,5,3,3,11,13,11,5,33
,0,1,10,-23,-5,-2,-3,30
,-7,-1,-4,-2,2,-1,-2,-21
,4,-3,-12,-10,-7,-2,-6,31
,-6,-4,8,8,-3,-2,-4,-17
,3,1,-8,11,11,-22,-2,4
,-1,1,0,-13,-12,-9,-6,3
,-3,1,1,-19,4,-6,3,21
,-2,-1,-9,-11,-6,-5,-4,-20
,1,-4,0,-16,-14,17,21,25
,-8,-4,12,-2,-1,-16,-16,17
,-2,0,1,3,-10,-5,0,-30
,4,1,-3,-6,-6,-11,10,-3
,4,2,-11,10,3,-43,-16,-5
,-5,1,5,-3,1,6,-1,31
,5,4,11,-4,3,-9,2,14
,-4,-1,-11,-5,-5,-6,-4,-7
,1,0,-4,18,3,-1,15,-30
,2,0,0,-27,-2,-4,4,-29
,2,-2,0,17,15,9,-12,29
,3,0,11,20,5,2,2,-15
,-4,-2,-12,-35,-12,-9,-5,51
,-5,-7,-5,3,3,-8,-3,-63
,-1,-2,-5,5,3,24,10,-6
,-5,4,-6,1,-3,-13,-4,-74
,14,4,26,9,7,28,-6,98
,-5,2,9,-1,16,15,2,-38
,1,-4,-16,7,-9,-9,12,6
,-2,-1,5,-2,1,14,-3,-43
,-3,-4,-3,-3,-3,-10,7,25
,-1,1,-6,4,0,24,-10,-23
,3,2,5,0,-4,-21,9,25
,-3,-1,-8,-17,1,-18,-8,29
,-2,0,-5,4,-5,12,1,-40
,0,-4,-2,-2,3,-9,-9,8
,-2,1,1,6,1,2,-7,-44
,0,-2,-4,-7,1,12,12,24
,-1,-4,6,3,0,-7,-8,27
,-7,-6,11,-16,-17,-47,9,-43
,1,-1,0,24,-5,-5,-3,50
,1,1,0,-18,4,1,-3,-6
,1,5,-5,-3,-1,13,-3,-23
,0,0,-10,21,10,5,11,3
,7,6,18,-8,5,45,18,37
,-1,-2,3,-2,-6,-16,-1,7
,0,1,-8,10,15,4,-3,-12
,-2,-4,-9,-6,-5,7,1,6
,-2,-1,2,-2,-10,-10,-28,-26
,1,0,9,5,5,11,-1,17
,-3,0,-4,-6,-3,-4,-4,-60
,2,0,2,1,9,-1,3,54
,0,-3,-12,-4,3,15,-7,9
,6,1,8,-2,-4,1,-5,12
,-2,-2,-6,-2,-6,-24,3,-17
,1,4,-5,-18,-6,2,2,-39
,-1,-1,13,21,6,30,10,54
,-1,0,2,-23,8,-25,-13,1
,-3,-2,-5,19,-1,5,-13,-31
,6,1,7,12,4,29,6,78
,-3,1,-6,7,13,-1,-1,-51
,3,1,14,11,-4,8,16,59
,-1,2,-1,-5,5,-16,-8,-67
,3,-3,-17,-24,0,19,1,33
,-8,-3,2,62,3,-25,-11,-26
,5,0,-5,1,-1,1,1,-1
,-5,-2,2,-28,1,-1,-1,-28
,3,2,3,25,-1,-6,-4,2
,-3,-3,-18,-39,-6,-11,-3,-34
,-3,3,6,-9,-12,7,6,-40
,2,1,23,23,1,15,0,3
,3,0,-7,-6,-16,-42,-3,25
,2,1,7,-13,2,-7,6,11
,-6,-6,-15,13,-1,2,4,-13
,0,-2,-16,7,-3,-15,1,13
,-1,2,0,-26,4,33,-7,-38
,0,2,7,-11,-6,-30,-4,-35
,-3,-4,-2,-3,-9,-12,-2,-24
,4,2,7,6,13,12,10,97
,-6,3,6,16,18,-8,2,-63
,6,1,-15,-11,-16,5,6,72
,-1,1,12,-2,9,17,-2,-16
,-1,-4,2,-10,-4,1,6,-7
,2,-1,-6,7,6,-6,-1,-5
,-2,-2,-14,-24,-6,0,3,-8
,-7,-1,-1,12,2,-8,-17,-50
,10,5,7,-27,-1,46,43,100
,1,1,-2,35,5,6,-7,-16
,-2,-3,-2,-10,5,-4,-1,5
,-2,-1,-15,12,-10,13,-5,-20
,-4,-5,-15,-19,6,-19,-21,-6
,1,0,2,10,-9,-12,-1,3
,-6,0,17,-1,-6,3,1,-42
,7,1,-4,13,5,2,-5,15
,2,1,12,8,-1,-7,-7,4
,-7,-2,-7,-8,2,-24,6,-46
,8,0,9,8,2,-7,5,34
,-2,1,-3,-6,-2,-2,8,-16
,-2,2,5,9,1,7,-1,-24
,-5,-6,-12,-4,3,6,-10,-11
,4,3,8,2,1,8,-4,-21
,-3,-3,-2,-14,-5,-2,6,35
,-2,-2,-13,16,-3,2,-3,-62
,6,-1,1,-50,-4,-2,11,93
,-4,0,2,25,11,-3,-9,-38
,1,-3,-20,-1,-1,-1,-5,28
,-4,-1,18,-13,-9,-10,-19,-6
,-2,0,-3,-1,-3,4,1,-6
,-1,0,17,3,-15,-11,9,6
,1,1,2,-20,8,-1,-4,-35
,1,-3,-2,11,5,-17,5,29
,-2,1,-9,-3,2,2,-4,-16
,1,0,-7,-13,2,4,5,7
,2,3,8,14,-2,1,3,-1
,-1,-1,-6,-2,-3,-4,1,0
,-1,1,14,4,-5,0,-7,1
,-3,-2,-13,-14,-8,-5,-5,-25
,1,-1,8,0,1,2,8,47
,1,1,0,10,11,9,0,-9
,0,-1,16,8,0,8,10,-5
,-4,-1,-4,0,-6,-22,4,-32
,4,-1,-13,-40,-6,-1,4,49
,2,0,-15,-7,-10,-2,-6,1
,-4,-1,0,19,2,-3,-2,-72
,2,-1,6,-18,5,-9,-3,62
,-7,-4,-3,8,-1,29,-13,0
,0,1,-5,8,1,-5,18,-15
,2,0,5,0,4,3,-5,40
,-4,-2,-7,2,-8,1,-12,-10
,-2,0,0,14,2,-10,-9,-5
,-1,2,7,-4,4,11,-3,-14
,0,-2,-12,-45,-31,4,5,22
,-2,2,3,19,16,12,-5,-17
,1,-1,-3,0,-4,-5,3,12
,-4,-3,1,6,1,3,-4,-30
,2,2,3,3,7,-6,2,9
,-3,-4,-16,-3,0,3,0,-10
,8,6,6,-1,-2,-2,5,-15
,1,1,8,1,0,0,-6,6
,-3,-1,11,19,-1,-3,-7,9
,-1,-3,-5,-44,-2,4,-8,-31
,-2,-6,-12,30,9,-1,9,-26
,6,-1,1,0,1,6,1,71
,1,4,-6,17,4,-24,8,-24
,-6,-4,3,0,-3,8,-12,-43
,8,0,-2,-16,0,-32,12,66
,-1,-3,-4,-1,-7,16,-4,-4
,1,0,18,2,8,7,-1,-15
,-3,0,-1,4,2,5,8,-4
,1,0,-3,-5,2,-4,-5,24
,-3,-1,-17,0,2,-4,0,-11
,-1,-1,22,8,-4,2,5,11
,5,3,6,14,7,3,-10,-18
,-3,-2,16,0,-3,11,4,43
,-3,-3,-22,5,-12,-8,-4,-10
,-4,-4,-20,-18,1,5,0,-32
,-1,-3,-8,-3,-14,-6,0,24
,-4,1,23,11,7,1,-8,-51
,0,3,3,-4,7,2,14,5
,-3,-3,-11,-8,-10,8,-8,14
,2,2,9,27,-3,-16,-3,36
,2,-2,-27,-1,-3,8,4,-1
,-4,-4,25,-3,2,-13,-1,-50
,-1,2,27,5,5,34,0,57
,0,-3,-20,-16,8,6,1,2
,-3,-2,-14,3,-5,4,5,-7
,0,-2,-4,3,0,-1,-8,5
,-1,-1,-12,-18,-7,5,1,-21
,0,-2,18,3,-3,-13,-2,-9
,0,-1,-3,-15,0,3,-8,26
,-1,-4,-7,-16,0,3,0,-11
,-1,0,-4,4,1,-6,-8,-8
,-4,0,-4,8,0,11,-5,-49
,5,1,2,8,-4,-6,8,11
,-3,-1,4,6,4,10,-5,-28
,1,2,-16,-4,-5,-11,18,49
,2,4,13,8,5,5,0,-30
,-2,2,13,-16,1,1,2,-33
,1,0,-10,3,-4,-6,-3,15
,1,-1,-6,32,3,-18,10,-3
,2,1,-1,-28,-12,50,28,21
,-4,0,8,25,8,1,-12,-22
,1,1,8,9,3,0,13,41
,-5,-5,-27,-7,-1,-15,-11,-28
,3,7,14,-10,5,-12,-4,35
,-2,1,3,-10,-8,-16,-6,-55
,-1,1,2,-7,2,11,-2,-21
,-2,0,-18,4,7,11,-1,-26
,2,1,28,24,8,-11,-1,11
,0,-2,-21,-14,0,24,-2,12
,-1,-2,5,3,-7,-10,-7,3
,4,1,7,-15,-6,-3,4,-21
,-4,-4,-4,26,3,-2,8,43
,1,0,3,-1,1,-10,5,3
,1,-5,-4,-11,3,1,-5,10
,2,3,5,-8,3,7,-5,-57
,2,-4,-11,29,-9,-27,-14,103
,-4,4,21,-18,4,-1,-2,-48
,2,1,-9,5,-8,-6,-1,-26
,2,-4,-3,-24,-3,2,-16,-16
,-5,-4,-13,21,-9,-6,-3,-42
,4,-1,3,0,4,-6,-9,17
,3,2,20,-4,-9,1,-12,45
,-5,-2,-20,10,11,10,0,-36
,9,3,-8,-14,5,10,14,25
,-3,0,4,0,-13,2,-3,0
,-3,-1,-8,-13,-6,-32,-4,7
,3,0,17,22,2,3,14,51
,-4,-4,-19,-24,2,1,-6,-64
,0,3,13,1,-4,3,12,-21
,-3,-4,-2,7,6,0,-10,-47
,-2,-4,-4,-11,-19,-8,-3,21
,0,-2,-6,-16,9,-27,-1,-16
,-4,2,17,11,-6,14,-2,10
,-5,-2,-6,-2,14,9,8,-29
,-1,1,-3,14,5,-4,-5,-3
,-1,-1,-7,-16,-6,0,-6,-10
,-1,-7,-21,5,0,-1,-3,0
,1,2,1,-2,-11,3,10,5
,-2,1,6,1,5,1,-4,16
,-1,3,0,-4,1,-16,-3,-14
,1,-3,-11,4,9,-1,1,40
,-1,1,2,-20,-12,0,-10,-11
,0,-1,-5,0,-4,-9,10,14
,-5,0,18,3,-2,5,-20,-43
,0,0,-2,2,2,-3,7,14
,4,2,0,12,8,0,4,13
,-7,-1,2,-4,0,1,-19,-2
,0,-7,-15,-8,-4,9,10,5
,-4,-6,0,3,-4,-6,-9,-22
,4,3,11,-2,3,8,3,49
,-2,2,12,1,-8,-5,-4,-4
,1,2,-1,7,4,10,2,0
,0,2,1,4,-2,24,-1,9
,-2,-2,-8,7,2,-3,3,-42
,0,-3,2,-19,6,-4,1,5
,0,2,1,2,-6,5,10,23
,1,-2,-22,-21,-17,-5,-1,-55
,1,3,7,11,-2,8,-2,55
,3,4,28,6,12,2,7,45
,-1,-1,-14,-14,2,1,-6,-42
,0,-1,8,24,-2,-5,19,68
,2,-2,-18,-11,-4,9,2,-14
,-2,5,6,1,1,-5,-7,-7
,-1,2,6,10,-2,0,3,2
,-1,-1,8,1,12,-6,1,-7
,-5,-2,-8,15,2,-4,5,-39
,7,2,2,-14,-5,2,7,10
,-1,2,8,1,-3,2,7,12
,0,2,-16,-12,0,-3,-8,-4
,-1,-3,5,13,8,-3,0,-14
,-3,2,2,10,-3,-3,-10,-39
,-3,-3,-19,0,7,5,0,16
,0,1,3,-17,-7,-7,-2,6
,2,6,-1,5,-10,-10,-2,6
,-1,-4,-11,-21,0,39,7,40
,1,-1,20,2,7,12,-3,25
,-3,-2,-19,-13,-5,-4,-14,-84
,3,0,23,2,6,5,6,69
,3,1,8,2,-11,-11,13,-9
,-2,1,-7,2,3,-1,-4,-31
,-2,0,4,-2,7,7,-12,-29
,-1,-2,-6,0,-16,-11,12,9
,0,0,6,45,15,-9,-7,-13
,1,-1,3,-50,-7,-3,-5,31
,-1,-4,-7,30,-14,-7,9,-29
,0,-1,-7,-10,2,0,-4,-1
,1,-2,-4,14,5,-4,5,18
,3,1,1,4,1,-5,0,14
,-5,-1,1,17,-1,-1,0,-36
,3,1,7,-12,-4,5,17,22
,-1,1,-9,-14,5,-3,-13,-38
,-1,0,-5,5,-8,10,-5,45
,3,-2,-2,-14,-1,-7,19,101
,1,0,-1,11,13,1,-14,-24
,-5,-9,-16,-19,-8,-4,0,-17
,-2,1,3,11,-2,-2,3,-32
,-1,0,8,7,10,2,-6,31
,-3,0,-7,-6,3,1,2,-2
,0,2,8,10,-6,-4,-2,13
,0,-4,-11,-15,-5,-2,1,-18
,2,-1,8,-3,7,-2,3,13
,-5,1,5,4,6,-2,-5,-26
,1,-2,-19,-8,-10,2,-9,-26
,1,0,33,4,-5,-4,4,-21
,0,-1,-3,-17,3,3,15,19
,0,1,-21,0,5,5,-5,50
,0,3,13,7,-6,-2,-3,-3
,-6,-3,-5,18,-3,1,-5,31
,-4,-1,3,-3,2,-13,-20,-7
,2,3,1,-9,-3,-1,3,-42
,-3,-3,-9,-10,1,4,2,-14
,-2,-5,-16,-1,0,-5,-2,1
,-1,-1,16,7,-2,2,-12,-15
,-2,-5,-1,10,-2,2,-2,0
,2,5,1,-10,-6,-12,-1,0
,-2,3,10,6,0,-2,6,-48
,1,-3,-28,-6,1,3,11,22
,1,-1,18,37,8,1,2,-22
,0,0,19,-11,-4,4,4,6
,-4,0,-6,22,12,-3,-3,-22
,6,1,-10,-2,-1,-9,6,23
,-2,-3,-3,-12,-5,-4,2,2
,4,2,-8,6,-5,4,-3,-39
,2,0,6,10,12,3,4,21
,-2,-1,5,-6,-4,-2,-10,-7
,-6,1,-6,-14,-7,0,1,-41
,-2,0,0,5,11,-9,-4,21
,-3,-2,-9,-17,-15,-1,-5,13
,4,1,4,13,9,-11,6,-29
,-1,2,-1,-18,4,2,-8,-9
,0,-7,-12,2,-10,3,16,51
,0,1,-21,5,5,4,-8,-28
,-4,-2,25,-19,-14,-2,-2,85
,-2,-3,11,10,-7,-7,-6,-6
,-2,0,-12,-24,4,-2,-3,-36
,2,-6,-13,11,3,-5,9,11
,-1,0,3,-19,-4,1,-6,-41
,-2,-3,-25,-1,1,13,-14,-50
,-2,-2,12,13,-3,6,-20,57
,2,0,-9,2,3,-2,-5,-8
,-2,0,8,-3,1,5,-10,-34
,3,1,-18,-16,-11,-3,-1,29
,-3,2,8,12,2,-3,7,-31
,1,0,14,-35,-13,-2,-8,-4
,2,1,-13,19,10,9,7,-27
,3,-1,10,-2,-4,-10,1,55
,-2,-1,-3,-14,-6,1,6,-13
,0,0,-2,23,1,-2,6,3
,1,-1,-1,-19,-3,5,2,-14
,2,-1,-4,-2,2,-3,11,-2
,-3,-4,-3,6,3,1,-4,13
,-3,2,23,6,0,1,0,-20
,-3,1,-13,11,3,-6,-7,-13
,0,-3,-1,1,3,1,-7,40
,1,-2,-18,0,9,2,3,-12
,1,-2,11,-7,-10,-3,1,6
,2,-2,1,18,5,-1,5,74
,-3,-3,-9,-14,-1,4,-6,-18
,0,1,1,0,-1,-1,3,-21
,-1,2,-15,-6,6,11,-3,-10
,0,1,0,13,-5,1,-3,32
,-2,-2,10,1,0,8,9,-37
,1,-1,-1,-8,-4,-12,-2,20
,-3,1,-5,-9,2,-3,-16,-75
,9,2,-5,18,2,10,29,59
,-1,3,14,-4,-1,-3,-1,-43
,2,0,4,4,0,-1,-6,12
,-3,1,-1,-3,-1,-5,-13,-31
,-3,-1,-18,1,-2,1,0,-36
,-2,-2,12,-7,-4,-8,1,-11
,-2,0,4,10,4,5,10,31
,-2,-5,-2,13,-1,-4,4,20
,-5,-2,-4,-44,-11,-6,-7,-20
,0,1,-3,11,2,2,2,19
,-2,3,-1,9,-2,-2,-3,-17
,2,2,17,-6,-1,1,7,36
,-3,-1,11,13,6,0,-4,-22
,1,0,-1,2,-4,-1,-2,13
,-1,-2,-14,-15,-4,2,3,-32
,1,1,-10,9,6,-2,5,-2
,0,2,28,16,-4,-4,3,-4
,1,2,10,-6,-2,-1,-5,10
,9,2,12,1,-3,1,2,29
,-1,-2,-26,-3,6,2,-2,41
,-5,-5,0,-6,-9,-1,-9,-63
,1,2,-17,-1,1,0,5,-1
,-2,2,26,-1,-2,6,6,9
,1,0,15,11,6,3,-4,16
,-2,-1,-9,7,1,1,4,-16
,1,-3,-5,-5,0,-4,4,2
,1,-2,-10,-2,-7,-7,2,32
,5,5,-3,-15,1,4,12,20
,-3,2,10,-1,5,-2,1,7
,-1,0,1,16,4,8,7,-1
,-8,-5,1,-6,-2,-9,-9,-58
,5,-1,-9,-7,-12,-2,15,31
,1,-1,-8,3,-2,-5,-2,39
,0,1,14,6,8,-9,-10,-16
,-4,-8,-13,1,1,1,-9,-17
,1,-4,-3,0,-2,-6,0,-8
,-1,2,0,-20,-12,4,-10,-47
,0,-3,-6,2,16,16,5,43
,0,1,3,-15,-14,-29,8,-13
,-1,0,3,16,2,8,-7,-4
,2,-1,-2,2,0,-6,15,-14
,1,4,0,-14,-8,2,-5,-34
,-1,-4,-15,0,11,14,14,33
,0,2,11,0,-10,-6,2,15
,-2,2,14,23,3,0,-8,-15
,1,1,1,-14,-1,-5,-11,38
,0,0,6,11,2,5,-4,26
,-4,0,9,-13,-9,-11,3,-23
,2,-4,-18,9,7,4,2,78
,-3,3,2,-7,-11,-4,-7,6
,0,1,8,1,3,5,-8,-15
,-2,0,2,9,-4,-2,1,-1
,3,0,-3,-10,4,-1,-2,-22
,-4,-3,-20,1,1,0,-3,-32
,-4,2,19,6,4,-7,-1,-10
,-2,0,-5,9,-5,4,1,-6
,-2,-4,2,-25,-7,1,-3,-3
,-1,1,2,2,0,0,2,3
,3,1,-4,6,9,8,5,-7
,-8,-2,6,6,-3,10,2,18
,0,0,0,30,11,-6,1,-8
,3,-5,-7,-20,-1,0,10,8
,-4,2,2,31,-20,-3,-9,-55
,2,1,6,-26,8,3,-3,66
,1,0,-3,11,4,1,13,17
,3,-1,-6,-11,-5,1,6,39
,1,2,5,2,12,1,6,-21
,0,3,1,-6,-4,-5,-3,-35
,6,1,-4,-8,0,6,-10,-4
,-3,-3,-8,23,1,-1,3,-2
,1,-1,-17,-31,-7,4,2,6
,6,1,8,-6,2,-2,-10,46
,-1,4,15,5,11,0,-6,8
,-2,-4,-11,14,-4,2,-8,-15
,1,-2,3,-1,-6,-2,-3,15
,-1,-3,-11,-5,6,-2,13,-21
,0,0,-16,2,-7,1,3,-10
,-4,-2,8,2,2,-6,-18,-32
,1,-2,1,-9,5,5,10,63
,-1,-2,-6,9,-2,-2,1,16
,-1,-3,4,-5,-3,-1,-21,37
,-5,-1,-3,0,-2,2,10,-57
,8,2,7,15,3,-1,9,80
,-2,-3,-11,-24,-2,-20,-1,-41
,-2,-4,1,22,-4,0,-6,-12
,1,4,1,-29,3,4,5,2
,-3,-1,-9,-24,10,2,-9,-13
,1,1,8,14,-3,7,4,-13
,-5,-4,-4,-1,-9,-3,-17,-17
,2,0,11,20,17,-9,5,-7
,1,1,-4,-1,-9,6,4,27
,1,0,1,7,1,2,1,11
,-4,1,3,-24,-6,0,-5,-30
,0,-5,-2,5,0,5,3,10
,-4,1,2,13,1,-4,-13,-24
,-1,3,19,-7,5,3,-8,-57
,3,-2,-38,-6,-2,3,16,52
,-2,-2,14,-8,-9,-2,-4,-16
,-3,-1,-4,8,7,-8,2,7
,-2,-1,6,14,8,-12,-18,0
,-1,1,2,-2,-8,32,-14,-48
,-1,-2,-6,-3,-14,-5,-2,1
,-2,-3,-12,-28,-2,3,2,-17
,-2,-2,-10,-5,-4,6,11,46
,-1,3,41,18,13,4,-1,-10
,1,3,5,17,10,-1,-7,14
,-2,-1,-8,7,-31,-6,-10,-52
,5,-1,-12,-10,9,3,10,-5
,-2,0,4,-21,-2,-5,6,-15
,-5,-3,13,0,-6,-8,-12,43
,-2,2,2,6,11,-1,21,-23
,-1,-2,-8,6,-5,3,-5,-9
,2,3,6,-3,-2,-13,1,9
,2,0,-5,3,5,3,-3,-6
,0,-1,-6,-13,-2,0,-4,9
,-1,-2,-25,1,-5,2,0,4
,2,-2,18,3,2,-3,3,-2
,-2,1,-5,3,-4,-3,5,8
,2,2,3,12,7,4,-20,-46
,0,-2,-12,8,-4,2,18,88
,-2,1,15,12,3,-13,-1,-24
,0,-2,-19,-13,-6,8,2,15
,-1,1,5,-1,-1,-26,-16,16
,0,-1,2,5,7,14,5,-26
,-5,-6,-15,17,4,-1,-6,-9
,3,3,-2,-20,-4,4,1,7
,-5,-1,5,32,12,-6,1,-54
,-2,-2,10,-19,-20,0,-9,60
,3,1,-4,-13,1,-3,15,25
,-4,-4,-8,16,9,3,-2,-43
,2,-1,-20,-17,1,10,5,13
,-1,1,21,7,2,-4,-4,-44
,2,2,-5,-20,-7,4,-2,6
,2,-3,-19,26,1,-8,9,15
,-3,-1,0,-11,-1,5,-3,-1
,0,0,6,-7,0,-1,-14,-23
,-1,-1,-15,-25,-1,-2,11,20
,1,-2,6,9,-4,-6,11,10
,-3,-1,1,-5,4,3,0,-13
,-3,1,-4,13,3,12,-10,-49
,3,0,15,-4,-2,-1,-6,57
,-3,3,4,-3,-1,2,-5,-46
,3,-2,4,16,2,4,1,0
,1,-1,18,8,2,-7,-3,4
,-5,-3,-35,-13,0,-3,-3,-35
,4,1,5,-8,-14,1,7,27
,1,-1,1,15,-5,-2,3,28
,-1,3,-6,-37,11,1,-4,-31
,-2,-3,4,29,-11,-2,-2,-21
,3,4,14,-11,13,-2,-3,3
,0,-4,-10,0,-7,2,2,8
,-1,-2,7,11,-7,-7,5,-5
,-2,-1,-7,-4,4,2,6,-27
,1,0,-19,-11,2,-1,-15,-1
,2,2,22,-5,2,-2,-15,43
,-3,-1,0,11,6,-2,14,6
,3,0,-2,16,-8,11,-3,-29
,-2,-7,-14,4,-2,7,-12,71
,-5,-2,-19,-16,-12,-29,-4,-25
,2,-4,-7,-12,-1,4,1,-24
,1,1,5,5,5,-3,-4,6
,-4,2,19,-12,-4,2,12,-28
,4,-2,-1,9,-2,12,5,17
,0,-1,-1,8,4,-6,0,46
,-4,1,-2,-18,-5,-8,-4,-33
,-1,1,-12,-14,-3,-3,-1,-8
,-2,-3,24,29,3,4,6,3
,0,4,1,5,1,-4,-2,-7
,2,0,4,-1,7,2,-18,15
,-1,-3,-1,15,-1,-12,6,-21
,0,1,-9,-18,-3,8,-2,-23
,4,-1,-11,1,5,3,4,65
,1,0,5,0,-7,-7,2,-8
,2,1,0,-10,2,2,4,3
,-2,2,10,-7,5,-4,-8,-9
,-5,-3,-1,10,-16,-6,-6,-61
,3,2,10,-7,4,-18,-2,69
,2,-1,-17,7,-1,36,14,39
,3,4,20,-10,10,2,-20,-9
,-3,-1,5,7,-9,-1,0,-34
,4,4,-1,15,1,0,12,17
,-3,-1,-4,-16,1,-10,-13,-21
,-4,-1,-7,-20,-10,-9,-1,-2
,0,-4,-18,-8,3,-3,-14,-13
,2,0,18,12,-5,9,6,51
,3,3,22,4,3,-3,5,-19
,4,-1,-14,1,-1,5,10,7
,-1,1,4,-3,3,-7,-1,-20
,-4,-2,-20,-6,3,2,6,-32
,1,-1,4,14,2,-4,-3,70
,-2,0,0,-4,0,5,1,-36
,5,1,-18,-16,-6,2,28,111
,-1,0,30,11,4,12,-14,-25
,-1,2,2,-16,0,-9,7,-26
,0,-1,-10,4,2,2,3,-8
,-2,1,7,3,-4,-3,-17,-30
,-2,-4,-17,-5,3,-1,6,-19
,-2,2,12,3,4,-2,-7,-28
,4,0,-2,33,4,-3,15,58
,4,1,-2,-10,3,31,1,-37
,-4,-5,-20,-9,-8,-6,-1,-37
,2,1,12,4,1,-5,-2,-25
,-2,2,10,-5,6,4,-9,-16
,1,-3,-6,7,-5,-4,13,25
,-3,0,6,-5,3,-2,-3,-31
,0,-1,-14,-1,-1,6,2,23
,2,3,5,4,12,25,15,31
,-1,-2,-3,8,-3,-13,-9,-6
,-1,-2,-19,-15,5,7,1,22
,-2,6,11,1,-8,-8,-13,-70
,-3,-2,3,-3,-16,3,-1,-16
,8,3,-5,3,11,3,12,45
,-3,-2,-15,-11,0,-4,-2,-41
,-1,-8,6,17,7,7,2,42
,-2,0,5,-1,-2,-10,2,13
,-4,4,29,0,5,1,-13,-45
,5,2,-21,-10,3,2,5,22
,-1,-1,2,7,-5,4,5,-9
,-1,-1,-6,-5,1,-4,-3,-13
,-3,-4,-2,-1,-5,-11,17,34
,6,3,13,9,7,5,4,25
,-5,-2,-11,12,-2,9,-17,-9
,2,-4,-15,0,0,-2,-8,7
,0,0,10,-4,7,-8,2,-31
,-2,1,20,16,-13,28,-4,-45
,3,-4,-20,-9,-5,-4,-5,43
,-5,-3,-9,-34,-5,-8,2,-67
,2,4,5,-3,3,3,-5,44
,3,2,3,20,2,-5,15,21
,0,3,4,5,9,-3,-7,-22
,-5,-5,-4,0,0,1,-2,-12
,-1,2,-7,-8,-11,-5,-9,6
,-3,-2,-8,-6,-6,-5,16,33
,-1,-1,2,-13,0,-4,1,-11
,1,0,-10,1,0,-5,-4,22
,-2,-1,14,1,-5,-1,-23,-36
,3,-4,-22,1,5,-5,13,50
,2,3,3,-22,-13,-4,4,-2
,-3,-1,14,0,2,2,-3,18
,-2,-1,-4,-8,-6,-7,-6,-47
,-1,0,2,-3,6,-1,-17,-20
,-3,-4,-6,-21,3,-4,2,-14
,2,-2,-14,40,5,8,-4,4
,-3,0,6,0,-10,-13,-1,-11
,-2,-1,-5,-3,-3,-7,4,1
,3,4,19,10,8,5,10,-3
,-3,0,1,-17,-5,-2,-2,-35
,-2,-3,-6,-12,8,8,12,95
,3,2,-3,20,-17,-12,8,13
,-3,1,5,-1,10,-6,-3,1
,3,4,30,15,-14,0,6,10
,-2,-3,-8,-3,5,1,-5,-25
,-3,-1,8,-1,2,-5,-13,-16
,0,4,-3,6,-3,-4,13,0
,0,-1,-9,-8,2,-7,-3,21
,-3,1,-7,9,7,5,1,-9
,0,0,4,-11,-2,0,-13,-31
,5,-1,8,1,-3,-9,3,-2
,-2,-3,-5,-15,-12,-1,-2,11
,-1,3,5,20,3,2,-8,-35
,-3,-1,-2,-15,-3,-4,1,-53
,3,-3,-7,-14,-7,28,-7,88
,1,-1,20,-7,-2,-2,24,-10
,2,-3,-22,3,4,1,-14,3
,-3,-6,-21,0,-1,1,6,33
,-5,-1,11,0,-9,-9,-5,-62
,5,3,1,-15,3,0,8,9
,3,1,0,19,1,11,14,3
,0,0,13,-3,-1,-5,-1,11
,-5,-3,-5,2,-4,-9,-4,-34
,-1,-1,-18,26,3,10,9,42
,2,-1,9,-27,-3,-18,7,2
,-3,-2,4,-7,-10,-1,-5,7
,3,3,-1,1,7,2,7,15
,-4,-2,-1,1,-5,2,-8,-33
,1,-4,-31,-9,-3,1,7,26
,-2,-1,16,-14,9,2,-2,1
,-3,-2,-18,14,-8,1,-8,-15
,5,2,15,5,15,1,12,66
,-1,3,16,19,-22,-15,-9,-34
,-1,0,-6,0,2,-3,1,-14
,-5,0,-2,20,4,-4,0,6
,2,1,-10,-9,-3,-2,2,-15
,-1,0,4,-7,4,2,-6,-10
,1,-1,-10,20,11,6,-2,48
,0,-1,9,-17,-4,-3,-2,-20
,-2,-1,5,1,0,-3,-8,-21
,0,3,-3,2,0,5,10,22
,-1,2,-6,-9,2,1,-1,-15
,-2,-4,-2,19,5,-46,-12,-44
,1,1,11,-15,-6,6,28,34
,2,-3,8,-3,10,11,-7,-9
,-2,-2,-7,12,-2,-5,-15,25
,10,2,-5,-16,-3,8,34,40
,-2,-1,5,11,12,1,-5,-44
,-3,-1,-18,-16,-10,-5,-7,18
,2,1,24,-7,-2,3,-1,24
,-3,4,2,5,4,9,17,12
,-1,-5,-24,3,-7,-4,-13,-14
,0,-2,-4,-17,7,9,8,0
,-1,4,7,20,2,-3,-3,-15
,-2,-3,-12,-10,-6,5,-8,8
,2,1,4,7,-3,-1,-3,14
,-6,-3,7,13,5,-5,-2,-37
,1,-1,-18,-18,3,-1,9,-4
,2,-2,5,18,6,20,5,13
,-2,1,-1,-6,-8,-8,-19,-18
,-3,-2,-2,-7,-8,-3,10,-52
,0,0,19,0,-4,-3,-15,-34
,-2,-1,-6,13,4,7,-4,-24
,3,0,-9,-44,-8,-29,-3,41
,-4,-2,5,37,9,31,-11,8
,11,6,0,-5,2,6,12,55
,-6,-5,-1,13,-6,-7,-11,-25
,-4,-1,-1,-43,-2,-2,-18,-28
,4,1,-1,10,1,-6,5,25
,-2,0,-6,-1,-3,2,1,-17
,1,-3,-1,-8,4,4,-8,27
,0,3,9,15,-6,2,10,-18
,0,1,5,-8,-4,-2,1,12
,-2,-1,14,8,4,3,3,0
,-1,1,-5,-12,-4,-7,-8,-33
,-3,-2,2,7,7,15,2,-17
,3,0,-8,-4,6,-4,-7,-25
,-2,-1,-4,23,-12,-4,-4,18
,-4,2,19,-27,4,-2,3,-31
,0,-3,-4,2,1,4,8,-15
,0,-3,-4,15,-15,-5,7,-7
,-3,-2,-1,-25,-3,-5,-7,-26
,2,0,-16,5,0,7,-3,54
,-2,-1,0,11,8,2,-7,32
,0,-1,-7,-11,-1,-4,-6,-12
,-2,0,3,3,4,2,-3,-16
,0,-3,2,7,-4,-4,14,30
,-3,-1,-7,-7,-6,0,3,-6
,4,4,19,-6,3,-5,-13,-3
,-2,-4,-12,0,-15,-4,-3,42
,-2,1,9,0,1,-3,-9,-2
,3,3,-11,12,-2,-4,4,17
,-5,-4,-16,-20,8,3,1,-8
,-3,1,4,8,-3,3,2,-26
,0,0,1,-1,7,-24,0,-2
,-1,0,7,2,-3,3,5,26
,0,-1,-13,36,-5,3,12,-24
,-2,-2,10,-40,1,-4,1,-30
,6,3,7,-2,4,5,1,101
,-4,-5,-5,16,5,-3,-6,-19
,-2,-1,14,-7,-7,-2,5,-7
,-2,-2,11,10,2,-23,-11,-27
,1,1,-14,7,7,41,6,-46
,5,2,3,-9,-2,-5,8,13
,-5,-1,-15,4,1,-5,-11,26
,5,0,3,0,1,1,11,-12
,-4,-1,17,3,-13,-7,-11,-35
,-3,-4,-35,-25,3,0,-6,-24
,-1,0,19,-5,4,2,1,-14
,1,-1,-15,2,-6,3,3,9
,1,-2,4,0,7,-3,0,6
,-3,-2,9,25,0,13,1,-30
,0,0,-12,-29,-4,-18,9,77
,-7,-3,6,-3,2,3,-20,-12
,3,-4,-11,-15,-19,-3,4,-19
,2,4,7,24,19,3,-7,17
,1,0,1,-4,-3,5,-9,-13
,-1,-1,9,10,1,-7,14,0
,-1,-2,-22,-2,0,-2,0,10
,1,-1,5,-9,-2,0,-2,-20
,4,-2,11,9,2,-31,7,87
,1,1,-24,-6,-10,9,0,-22
,-5,1,23,-1,5,-13,-16,-44
,-1,-3,-8,7,1,-2,-4,28
,0,0,-2,-13,5,6,2,-51
,-1,-1,-6,8,11,15,11,26
,3,-1,-10,-23,-19,-17,-6,33
,-6,1,4,7,5,-1,-11,-41
,1,1,-6,17,4,3,8,5
,-1,-1,21,21,17,11,-4,-13
,-5,-6,-15,-7,-17,4,4,-38
,2,2,-11,-42,-5,-7,-9,8
,-5,-2,1,-12,-9,3,11,16
,1,3,2,24,12,5,-4,4
,-1,0,4,12,4,-19,5,14
,-2,-3,3,6,-13,1,7,-31
,3,-1,-6,-5,5,5,-19,-14
,0,-2,-19,-12,-7,-5,9,52
,2,2,18,10,10,7,18,0
,-3,0,-14,-23,-6,-4,-11,-21
,0,-2,4,14,-6,2,-3,-31
,2,-4,-3,4,0,-4,-1,40
,-5,-1,-4,-1,-2,9,-6,-24
,1,2,9,31,13,1,5,35
,-1,-1,5,-29,-11,-5,-2,24
,0,3,10,7,2,-4,6,-28
,0,-2,-11,28,7,4,-7,27
,2,-1,7,-7,-7,-2,5,35
,-2,3,11,8,4,-16,-7,-61
,3,0,-22,-5,2,21,21,48
,0,-3,4,-11,6,-1,-9,0
,-2,2,6,16,-3,1,-4,-29
,5,0,4,14,6,7,3,18
,-3,1,-5,-15,1,-11,-9,-19
,2,2,-1,7,-5,12,15,15
,2,-5,12,2,3,-2,6,26
,2,3,-2,-10,-4,4,-9,2
,3,5,11,-2,-8,-7,-3,-30
,-4,-5,-11,-4,-2,-7,1,21
,-4,0,25,1,-5,32,-4,-20
,3,18,-19,-20,-1,39,4,-44
,-4,-12,-4,10,-8,5,12,-19
,1,7,0,-21,8,-8,-37,-30
,-4,-3,2,-5,-3,68,24,-36
,3,-8,-22,3,4,-6,11,66
,-5,7,29,-7,3,3,-38,-57
,3,-4,-6,-5,5,2,7,32
,-2,-4,3,-8,5,-10,7,-3
,1,16,7,11,-13,4,-11,-17
,-3,-3,-9,-5,1,-14,11,1
,-1,-11,11,7,2,2,10,9
,2,2,-2,3,10,-26,-12,17
,-4,-11,-2,9,-6,-7,10,7
,-5,-2,-3,-4,-1,-12,-5,5
,-3,-5,-15,-5,6,18,-41,-28
,6,11,9,-2,-12,-6,37,39
,-5,-4,-1,12,8,-27,-20,-31
,-1,-3,19,8,-16,23,24,31
,-2,-3,-7,-19,-2,-14,-11,5
,1,3,-20,-32,-9,-1,-40,-40
,5,-1,14,56,12,-12,73,33
,2,-2,-13,1,8,-23,-5,29
,-3,3,3,-12,-19,-6,6,-41
,7,-2,8,13,18,-7,13,48
,-3,2,10,-18,-8,9,-25,-57
,-2,-8,-25,17,-5,-2,-14,5
,3,2,-4,7,-3,-1,50,52
,-4,-1,18,-4,-1,-13,-12,-8
,-2,-8,-12,-9,7,6,-13,-9
,1,3,-6,-18,-3,-4,-1,-8
,1,7,5,11,3,-1,-10,-8
,-2,-6,-2,10,-2,-13,-2,-8
,2,15,6,-36,12,-2,0,24
,2,0,-9,-14,-8,1,-7,-16
,2,3,7,5,0,5,9,34
,-3,-5,-12,13,3,-19,-11,-21
,-6,-6,15,9,2,18,27,-37
,3,-1,-17,8,-8,-10,7,-31
,7,4,14,-5,6,-1,18,66
,1,1,4,18,-4,7,18,-1
,0,-7,-23,-31,-4,4,-25,18
,0,3,-3,-27,4,6,1,-29
,-4,1,20,40,1,-5,0,-21
,1,-7,-21,-15,0,-5,-15,21
,-1,-2,11,9,2,-1,11,27
,-2,1,-1,15,-11,5,1,-7
,-4,-2,-10,-20,-3,-22,-9,-57
,4,6,7,14,9,-1,6,68
,-1,-2,-3,2,3,5,-17,-21
,2,-2,5,1,1,-11,-2,19
,-1,10,10,3,0,11,2,-30
,-4,-3,-8,0,-2,-4,-9,-11
,2,-2,2,-6,9,6,-1,49
,1,3,3,2,-4,-9,-14,-15
,-2,-2,-2,7,-3,55,3,-37
,2,1,-1,-33,-6,-46,-1,21
,-2,3,9,30,-7,1,-12,-38
,-2,-1,3,-4,5,-9,29,18
,-2,-7,-17,13,5,7,-6,14
,1,1,-12,4,-4,10,2,-7
,0,-3,1,-14,-11,1,-2,-15
,0,2,10,7,11,0,-5,9
,0,3,9,-3,-1,-38,18,-17
,-3,-2,-9,-11,-17,23,10,-13
,0,-1,-6,10,5,-15,-2,18
,1,-1,-20,-3,14,17,-18,-26
,1,3,35,-1,3,-10,0,36
,0,3,9,15,0,8,-4,8
,-4,1,-5,-12,-12,0,-6,-60
,-1,-5,-9,4,-5,4,-25,-2
,-2,-2,5,-16,-14,-13,32,-52
,6,-3,-13,11,11,2,-5,20
,-2,-1,5,23,3,0,-2,-16
,-3,0,1,-13,-7,17,11,0
,0,-1,-11,8,-7,-18,-17,-7
,-2,2,12,0,-5,45,-3,-17
,6,-1,-1,-6,4,-2,6,17
,0,-1,1,-8,1,5,-2,14
,-7,-5,-3,-15,-21,22,-21,-13
,2,1,-5,-4,7,-13,13,21
,1,3,7,-2,-4,-18,-16,-1
,-3,0,6,9,1,43,-2,-2
,-1,0,-7,-18,13,-7,-17,45
,0,-2,-30,-4,-9,-17,-1,-11
,-3,0,14,-4,4,10,-23,-52
,3,-3,9,10,3,1,15,112
,-1,-7,-28,-13,-9,-13,-17,-22
,-7,0,9,10,7,-66,-7,-22
,1,-3,7,15,-2,59,4,29
,1,1,0,-11,3,-35,8,8
,0,-1,-18,29,2,18,2,-6
,-5,0,11,-1,1,-5,2,4
,2,-1,6,-11,1,-6,27,12
,-1,-1,-9,-3,5,0,-10,-48
,8,3,1,6,5,46,45,35
,-2,0,23,14,-9,-9,-21,0
,-4,0,-16,-6,-5,-23,6,-29
,7,5,9,-16,0,7,9,32
,-3,-2,-9,0,6,-23,0,-32
,2,0,-6,4,5,16,2,-15
,-2,0,5,7,-4,-8,-7,25
,-1,4,7,8,-1,0,-4,-20
,-1,-7,8,-19,1,15,1,0
,-1,-2,-2,-4,-3,-6,4,-5
,-4,-3,-7,2,0,-6,-5,-29
,2,1,-6,1,-6,-2,-14,60
,-1,4,20,-17,5,6,-7,22
,2,0,10,17,4,6,-1,-18
,0,-3,-8,-16,2,-8,11,7
,-7,-4,-2,-2,-12,-21,2,13
,3,2,0,21,6,-13,-3,23
,0,3,-3,-22,11,15,1,-15
,1,-2,-19,-2,-10,12,-1,15
,-3,-1,9,5,0,0,-5,-31
,-1,0,5,10,0,-6,-5,-23
,0,1,12,0,-2,16,-1,-14
,-5,-1,-4,20,4,-20,0,10
,4,2,10,-22,7,3,2,-32
,-6,-1,-12,16,-2,1,-3,-36
,-4,-1,4,0,10,10,-9,-14
,1,0,-3,-15,-11,3,-8,36
,3,-2,-10,-18,1,-5,0,-15
,0,-1,1,17,-5,9,-2,1
,0,0,-9,-4,-8,19,6,4
,-4,2,17,-3,-1,-21,-3,12
,-1,-2,-17,7,2,1,2,-4
,1,4,22,-4,-5,-12,-17,-6
,0,-4,-17,-4,-1,14,12,22
,1,0,-16,-9,8,12,-7,-8
,-1,-1,6,20,2,-17,15,32
,-2,-3,-4,-38,-12,36,-2,-8
,1,0,1,2,-1,-10,-10,9
,1,-2,3,-1,1,-3,1,-12
,0,5,10,-5,-3,-19,-4,-8
,4,1,-12,11,21,47,-9,23
,-1,-4,-1,-37,-13,-14,3,5
,-2,-3,4,37,5,-9,-4,-21
,1,2,-18,-9,-1,16,16,-42
,-1,6,40,4,1,-26,-10,5
,2,0,-11,-5,-7,-17,-10,-17
,1,0,-11,4,12,11,16,7
,-4,-1,-2,-23,-9,-2,-6,-41
,-1,3,-2,22,3,1,13,15
,-1,-2,-1,3,7,-3,-12,-20
,4,4,4,-6,6,27,8,47
,0,-3,-4,5,-15,-49,-8,39
,-5,-3,-9,-14,-17,-34,11,-44
,2,-3,-8,23,5,-1,16,83
,1,2,25,-25,2,7,37,-32
,-1,-1,-15,31,9,50,-14,-29
,8,-1,16,1,-4,-15,2,103
,-3,1,1,-1,2,0,-1,-50
,-1,-3,-19,-28,-32,-12,-11,50
,-1,-1,29,8,5,-4,2,-11
,-6,-3,-26,0,7,-10,-1,-41
,3,2,-3,-10,-2,5,-12,-2
,-1,1,9,16,11,2,-10,-13
,0,-6,-24,-10,-8,33,0,41
,-1,-3,-2,-6,-3,-10,-2,0
,3,-1,-9,-16,0,8,-8,10
,-2,1,9,-6,-1,16,-3,-30
,-2,-1,8,25,4,-47,5,-18
,5,1,2,12,-3,2,21,-5
,3,1,15,11,4,10,16,16
,-8,-3,-10,-4,-5,-21,-11,-80
,4,-1,-2,-11,3,17,52,63
,-3,-1,-4,-5,-1,-59,-37,-54
,-4,2,4,5,-2,-13,-3,-7
,0,-5,-20,-7,-15,-9,-5,-2
,-1,0,11,-4,6,-5,-13,-3
,-1,-1,-7,13,8,8,2,-9
,3,4,13,5,-7,-4,4,30
,1,-1,-10,-23,-7,8,-13,27
,-4,0,1,-6,9,43,-11,-29
,2,1,15,-16,-16,8,-25,29
,-5,-4,6,13,14,-4,-3,-37
,13,6,-6,24,3,6,12,103
,-2,0,6,-14,-9,-33,0,-45
,2,-1,-15,3,10,22,11,48
,-2,4,0,6,-3,25,-12,-50
,6,1,-4,-18,3,-51,17,44
,-1,-3,13,4,-5,4,19,4
,-3,-1,-1,25,12,-8,-4,-23
,-2,-1,-11,-14,-10,0,1,-45
,1,-4,1,-6,-3,31,9,13
,1,3,5,4,5,-2,-9,-22
,-6,-2,-2,-8,8,-25,-3,-71
,3,-1,-2,-1,-5,-42,2,52
,-4,3,12,-6,7,-8,-9,-71
,2,-1,-4,27,4,8,-33,43
,-5,-5,-18,-9,-10,6,20,-31
,0,0,4,-1,-1,3,4,-8
,-6,-2,3,25,-1,-19,-13,-7
,-1,3,3,-3,6,-40,-5,-43
,7,3,-2,-4,4,6,12,84
,-3,-2,-6,6,-3,2,-3,10
,-1,1,17,15,4,-17,2,-9
,-1,3,15,7,0,5,-7,-27
,0,-1,-12,-4,-9,2,0,-6
,-1,-3,-3,-5,-1,4,-8,18
,-4,-1,2,-1,-3,5,-9,1
,0,0,3,3,-2,-5,9,30
,1,0,-4,-10,0,41,-5,-29
,-5,-7,-3,11,1,-1,15,36
,-1,0,3,-2,-3,7,-6,-25
,-3,1,4,-21,-3,4,-10,-18
,4,2,-7,-29,6,23,7,26
,-5,-1,-15,6,13,5,-1,-46
,2,3,3,16,7,10,-16,-13
,2,-1,-1,2,-15,-1,10,-8
,2,2,14,-7,4,-14,-15,23
,-1,3,-10,45,2,5,-11,-14
,0,0,10,-36,2,2,7,4
,0,-2,-5,4,6,4,3,-25
,-1,0,-1,-7,-2,-6,-12,3
,3,-2,8,3,-7,0,7,35
,-2,-1,-13,6,3,8,6,-9
,-3,-2,-13,4,-2,-7,-16,-12
,-2,-1,4,4,-8,16,15,12
,7,0,-2,-15,0,6,5,24
,0,2,14,-6,2,3,-9,9
,-5,-5,-22,-31,-2,12,3,-21
,1,1,1,27,-3,0,7,5
,1,3,18,-6,-4,-6,-4,-18
,-1,-2,-15,19,3,7,-2,4
,0,2,16,-17,-12,5,-19,29
,-3,-2,7,11,10,-33,-5,-32
,-1,-5,-21,0,-17,-2,5,31
,-3,-3,1,-2,4,-6,-1,11
,5,1,-4,-4,-7,3,-10,47
,-2,0,-4,6,0,1,11,-15
,-4,-5,11,-10,2,7,-12,-57
,2,2,7,0,1,-30,0,65
,-4,-2,6,11,9,11,6,-10
,-4,-2,0,-9,-13,-13,-2,-2
,0,5,-23,8,1,-11,1,3
,-1,-4,-4,8,2,-1,1,-73
,7,0,7,18,22,-18,38,95
,0,-1,-1,-12,-10,-7,8,-3
,0,0,5,-26,-3,-2,-3,-32
,-4,-4,3,27,-6,15,10,20
,0,2,13,-26,3,9,-1,-16
,-1,3,14,8,8,7,-19,-73
,2,-8,-12,0,13,21,16,64
,-3,1,-3,-16,-13,4,2,-19
,-2,-1,-9,22,-13,-24,-8,-42
,-2,-4,-14,-24,2,5,-16,11
,-4,-2,11,-11,1,13,4,-15
,-3,1,-17,-7,-10,19,0,-3
,0,-3,-4,31,1,5,-7,-35
,-2,-1,3,14,1,8,2,-23
,2,1,8,-17,-3,-12,-3,22
,-4,-6,-10,-6,0,-11,20,-17
,-4,-3,-29,-4,5,8,1,-9
,5,2,7,1,-12,-3,0,59
,1,6,31,13,3,1,5,-26
,0,-1,-4,27,3,-4,-3,-9
,-4,-3,-4,-29,-8,-5,-3,-15
,2,5,-1,1,0,-7,-10,28
,1,0,-13,-2,3,3,-12,-36
,5,1,-1,-4,-3,-8,1,-2
,5,1,4,-5,-8,-1,-8,8
,-4,4,11,-12,7,-21,-12,12
,-2,1,1,6,-8,-8,22,-30
,0,0,6,-19,-16,2,5,-22
,1,-1,-14,43,15,9,9,31
,2,-2,2,-20,-5,-18,8,-15
,-3,-1,-10,-6,9,13,-23,4
,-4,0,8,-3,12,1,-3,-23
,-5,1,-9,-3,-16,-5,-6,18
,5,-6,-8,8,2,0,11,42
,-2,-3,-16,9,1,-11,2,-2
,1,0,-1,6,10,6,-9,10
,-2,2,9,-54,-2,3,-9,-25
,-5,-2,7,23,-3,7,28,-55
,8,-1,-8,3,-3,-18,4,98
,-2,-3,9,-7,0,-30,-10,31
,5,2,4,2,1,-3,28,37
,-3,-6,-15,-21,-4,-9,-13,-23
,-3,0,10,-14,-7,-7,8,-28
,1,3,0,23,3,-3,-10,-5
,0,-3,-2,-18,-3,12,-5,-29
,2,-1,-5,11,1,0,-5,65
,-2,1,4,-2,-11,-12,20,-30
,1,-1,-25,-2,-2,8,-2,19
,-5,-4,9,11,5,-4,-3,-38
,1,3,-8,-19,-3,18,-23,-8
,0,-2,14,20,-3,-14,18,20
,3,2,2,-19,0,2,-1,-5
,-2,-2,-1,-8,-5,-16,-8,-23
,-5,-5,-22,-3,11,16,13,-17
,-1,3,34,8,8,-4,-12,-24
,0,-5,-21,22,-2,9,4,10
,0,-3,1,-26,8,4,-3,-19
,1,4,10,36,-6,0,-10,59
,-1,3,-14,-35,-4,0,-11,-39
,-2,0,19,15,3,33,4,-8
,1,4,-8,-5,1,2,-5,-2
,-1,-2,13,5,11,11,10,2
,-1,-3,1,5,1,9,-8,4
,7,0,-5,-13,1,-2,3,82
,-3,5,15,19,-5,0,-8,-4
,7,-4,-6,0,1,7,34,-8
,2,5,-1,-9,13,3,8,6
,-3,-1,3,-23,-6,-6,1,23
,0,-4,-8,22,-3,-3,-7,-16
,-2,-3,2,-13,-2,13,-10,-22
,0,-2,-5,10,3,14,-6,-5
,-2,0,9,-17,-10,-5,3,-20
,0,1,0,-3,-1,4,20,43
,-2,3,0,34,-3,-5,-18,-22
,-1,-4,3,-7,-9,15,4,23
,3,6,8,6,7,-27,-1,3
,-1,-1,-14,6,4,24,-1,-22
,-1,3,7,-24,2,0,-6,-5
,0,-4,-16,-2,0,-15,7,30
,0,-5,0,5,0,-4,-16,-27
,-1,1,14,16,10,5,-9,2
,0,-1,-16,-12,1,-1,4,-21
,0,2,5,19,4,0,-21,7
,-3,1,-5,-22,-11,-8,1,7
,1,-1,11,17,6,7,7,6
,-1,1,-2,11,-3,-2,-4,-12
,-4,0,11,-24,-4,-17,-9,-25
,3,0,-12,33,0,12,20,11
,2,1,6,-8,8,-3,-8,11
,1,3,9,-2,-4,-8,-7,-3
,-1,-6,-27,0,-5,1,5,16
,4,3,7,-1,7,0,-11,17
,-2,-2,-5,8,-11,-30,8,-12
,2,1,23,-10,1,23,-8,-45
,1,-2,-13,-15,-13,2,11,8
,-3,0,-13,7,3,0,0,-38
,-2,0,18,-12,-4,-8,7,29
,2,1,-6,1,6,-3,-7,-4
,-2,0,10,29,3,1,-7,-39
,-1,-5,-3,-16,0,6,1,-3
,2,1,-20,-12,-7,5,8,32
,-5,-4,-11,-29,3,-16,8,11
,4,5,14,10,-13,-11,14,9
,-1,0,18,-3,-4,7,-3,21
,-4,-3,-19,-40,-5,-2,2,-18
,-8,0,11,10,0,-14,-10,-25
,12,9,5,14,7,2,2,9
,-6,-5,-19,-1,5,19,-5,-79
,0,1,11,13,-6,-7,-6,24
,0,1,-14,-33,-10,0,15,-7
,-6,-4,1,11,13,1,-9,7
,-1,0,-5,0,-4,23,-2,27
,-2,3,12,22,-1,2,-4,-60
,4,-1,-5,4,7,-2,6,31
,-2,0,-10,-1,0,12,4,-4
,1,2,20,-10,-2,0,10,-1
,-3,-1,5,-12,9,18,-7,-32
,0,0,15,33,-6,5,-11,24
,3,5,-4,-17,3,-6,11,58
,-4,-4,-15,-2,-14,-7,-12,-55
,6,1,-12,12,9,3,10,58
,2,2,33,3,-4,-23,3,10
,0,-1,-12,-21,-2,5,-6,-4
,-1,-1,-14,-6,1,-9,2,13
,0,2,-6,2,1,-1,11,12
,1,-2,12,31,0,-20,-4,-38
,-2,0,5,-13,-14,-3,-3,34
,0,0,11,-7,7,-12,-6,5
,-4,-8,-22,-8,3,-4,0,-51
,4,1,-17,11,5,-7,-3,60
,-2,-4,-14,10,0,-2,-14,4
,4,4,29,10,2,-3,10,42
,-4,1,6,3,-6,-8,-4,-33
,-2,-1,6,-27,2,24,0,25
,-2,-2,-7,24,2,-11,-29,-50
,1,1,-1,-4,-11,-11,18,-21
,7,3,5,10,2,-6,13,58
,-4,-5,-20,-35,-4,7,3,-21
,-4,1,5,-7,5,0,-4,-12
,-3,-2,-14,-12,-6,-8,-20,-32
,0,-3,12,19,-10,6,-5,-9
,-1,-2,-13,-20,-2,-1,15,-3
,8,1,23,11,8,9,-9,35
,-1,-1,-18,-3,-2,-19,11,7
,-3,-8,-25,-36,-6,1,-9,-13
,2,0,12,12,-13,2,-1,50
,-8,1,9,19,4,-2,16,-53
,-1,-1,3,2,3,-29,-30,6
,4,-2,-13,-19,4,9,0,-8
,-2,2,3,22,12,1,-5,-29
,-1,-2,5,-13,-18,-3,7,-12
,2,0,-4,6,-5,-10,-3,9
,-2,0,2,12,13,16,1,7
,0,1,3,-6,6,-4,2,-12
,0,-2,-7,35,8,-2,-18,-19
,-3,2,10,6,1,13,17,15
,0,0,4,15,3,-8,-9,2
,-3,-7,-20,-5,-7,8,4,-49
,-3,-3,-2,-14,9,-2,-10,6
,2,3,16,18,6,13,8,-14
,-4,-2,7,-6,-2,-9,3,4
,0,5,-7,20,-6,-5,-9,-19
,0,-3,-17,-48,-15,-12,-1,-14
,-2,-5,-2,5,5,-21,-1,33
,0,4,11,9,4,7,-5,-7
,-2,0,-8,-7,-2,0,-5,-2
,-2,0,1,-19,5,-27,8,2
,1,3,5,2,-6,33,-1,13
,1,-2,0,18,9,2,-8,16
,0,-2,-6,-17,-2,-6,5,30
,-3,3,-7,24,4,14,5,-35
,3,4,26,-53,2,2,-9,-15
,-3,-4,-9,12,-12,-12,11,40
,3,-8,-6,6,0,7,-21,15
,3,2,-4,-3,5,9,8,11
,-1,-4,3,5,4,-2,2,-14
,2,5,6,-9,-13,-2,-3,30
,0,2,-2,-12,1,-4,-4,-39
,4,0,-7,6,1,5,15,46
,-1,-3,-5,13,4,0,-4,-11
,2,4,10,-23,-2,-2,-4,-1
,-4,-3,-4,38,1,1,0,6
,-2,-1,4,-11,1,9,2,-19
,-2,5,9,5,3,1,-36,-83
,2,-2,10,-14,-11,-16,22,23
,0,0,-38,-2,1,8,16,46
,-1,-7,14,-12,-11,-3,-11,-8
,-3,-1,-11,-13,-3,-1,8,14
,-3,-2,-4,20,3,9,-14,-41
,0,4,25,-9,-5,-2,3,15
,0,0,-17,1,4,-1,0,-21
,2,-3,-4,2,4,4,7,103
,-2,-4,5,-6,2,-5,-4,-25
,-1,-6,-9,-20,-16,-1,1,6
,-4,1,16,20,3,6,-7,-16
,1,1,-5,-4,0,-11,6,0
,-3,3,-2,8,-2,2,-1,-21
,4,-1,19,-26,7,1,-2,3
,-4,-8,-10,18,1,-17,11,-24
,-3,-3,-16,1,0,0,-7,0
,1,1,-9,-13,-5,16,8,36
,1,1,25,4,1,-18,-1,16
,-2,5,13,10,-2,3,-1,-3
,1,-4,-24,-4,-4,7,26,-18
,1,3,-17,-5,6,1,-10,16
,-4,-1,-4,-6,-10,-38,-1,-22
,1,3,7,-10,4,28,-6,16
,1,-1,0,21,0,-4,12,2
,-5,-7,-9,-10,-6,-3,-9,-62
,1,1,-1,9,10,5,2,40
,2,-2,-9,-7,-4,-8,-9,-12
,-1,0,-7,1,-2,-1,-4,-3
,-1,-3,-12,20,11,-10,-1,-29
,-3,1,19,1,-14,21,1,-29
,5,1,3,-7,0,-18,2,31
,-2,-7,-12,-10,-2,4,5,-12
,0,1,21,11,6,-4,-2,8
,-3,1,-8,10,10,10,0,-12
,-2,3,2,-2,-19,2,-5,2
,0,-3,-8,-22,6,-7,1,-6
,6,-2,-2,-7,-3,8,-2,107
,-2,1,-1,9,7,1,4,-51
,3,-1,27,-7,-2,3,-4,25
,-3,4,1,29,6,5,-7,-48
,0,-1,-6,-13,0,3,-2,15
,-4,-2,-4,9,-5,-7,-8,-9
,-2,1,-13,15,7,-18,5,-27
,2,2,2,-36,-5,23,-1,-10
,-3,-1,7,5,-9,5,-6,-25
,1,-1,-3,-12,4,2,6,-5
,2,-1,3,20,4,-23,3,14
,4,1,8,-5,-5,-10,-10,62
,-4,1,0,-5,8,-2,10,-44
,0,-5,-33,-1,-2,13,15,10
,1,1,9,-9,-1,15,-8,18
,-2,5,47,24,9,-1,1,-30
,3,0,-7,-13,-11,1,-1,19
,2,-2,-9,12,16,0,-25,-7
,-3,-2,-16,-8,-6,-1,7,-11
,-2,0,-7,1,-5,11,-1,-37
,0,0,13,22,1,-13,1,-17
,-2,3,18,9,-2,3,-3,3
,-6,-4,-17,-22,-4,-2,10,0
,1,-1,8,-8,1,1,-5,34
,-1,-3,2,15,6,-27,9,-5
,2,-1,-10,-37,-17,10,9,11
,-1,3,29,46,9,10,-2,4
,-1,-5,-26,-12,-5,4,2,-1
,1,-2,-3,-26,5,-4,-11,24
,0,-1,-9,17,9,-4,1,9
,-2,1,11,-4,-3,9,-6,6
,-1,-2,-12,-1,-9,-9,1,0
,-2,-2,-8,13,12,6,-8,-22
,4,3,8,6,-12,-8,0,-3
,0,-2,-1,-15,9,16,16,-18
,3,0,-10,11,2,1,1,72
,0,-1,8,-3,-5,4,7,2
,-1,2,13,-8,0,0,-16,-5
,-1,-4,-27,-15,-9,-9,-4,-28
,1,-3,9,11,2,-3,3,-20
,0,3,2,-7,-13,8,17,-13
,3,-3,-20,10,13,2,8,17
,1,2,11,30,7,5,1,-1
,-7,-5,-27,-26,-6,15,-4,-29
,5,3,-1,-16,-14,0,-3,38
,-2,-1,36,24,10,-2,7,-18
,0,-1,-27,-36,-9,2,-2,-19
,3,1,16,46,11,-4,2,-3
,0,-2,-23,-29,3,-5,4,24
,0,2,6,-24,-24,17,3,14
,-2,-2,-10,-1,5,-4,-4,-1
,-1,-1,10,5,8,-5,-13,56
,-5,-4,-9,9,-3,3,-1,-38
,-2,0,-1,-5,1,-4,-4,-9
,0,1,-4,4,-2,4,2,23
,-1,2,2,4,-4,-1,-4,-50
,-1,-2,5,2,-6,0,-10,46
,0,-1,-13,-4,0,4,7,5
,-3,-1,0,21,6,-27,-13,-45
,-1,-5,17,0,-18,21,7,20
,0,-2,0,-3,3,-2,14,42
,-3,2,9,7,-4,-8,-2,-12
,-2,1,-10,-13,6,8,0,-11
,0,1,7,1,3,-12,5,1
,-1,-1,5,29,4,12,-9,-51
,-1,0,-11,-24,-1,-10,-2,37
,-4,0,12,-15,4,-6,5,-4
,0,-1,-3,11,-3,-6,8,32
,0,2,8,-2,-1,5,1,-39
,1,-1,-8,16,3,-3,2,-6
,0,-1,-4,-1,3,9,-4,-6
,0,5,7,-17,4,-8,2,48
,0,3,5,22,0,-2,-10,-18
,0,-3,3,14,10,12,3,-4
,4,-3,-6,-49,-17,4,-13,73
,-1,1,-12,18,1,-2,-4,-48
,-4,-1,12,-10,14,9,-9,-34
,-1,-4,0,-3,5,4,2,32
,-2,0,-6,9,6,-8,2,-21
,2,-3,-25,-19,-4,20,-2,11
,3,4,25,11,-6,-6,-3,-2
,-3,1,-11,9,-2,-5,-13,-32
,-3,-3,14,-9,-5,-9,-6,-34
,3,0,-6,-12,7,-16,-1,31
,-2,-2,-1,22,-1,9,8,-6
,6,6,-2,2,-2,-1,-8,47
,-3,-2,-5,21,-2,2,1,-2
,1,-6,-8,-30,-10,-20,-2,22
,-1,3,5,29,-6,1,-7,-19
,-2,1,10,6,6,-8,-8,-12
,3,1,-6,16,-6,6,9,12
,-1,2,25,15,13,2,2,-33
,0,0,-15,-41,-18,-10,0,13
,-3,-1,4,10,-2,-1,-1,-21
,1,0,-9,5,-4,29,16,44
,5,2,13,23,3,-8,2,-13
,-1,-1,-10,-2,2,-10,-5,-27
,-1,-3,-2,-18,-12,2,5,-19
,-1,2,16,-12,9,6,-4,1
,0,-6,-39,-16,-8,0,20,-4
,-1,-4,2,1,10,-5,-2,24
,-1,-1,7,-4,1,-26,-1,-11
,-3,4,30,13,-5,-6,-10,-16
,0,1,-10,-19,-6,5,12,14
,-5,-3,-9,-12,9,-3,0,-10
,-1,0,-1,0,4,10,3,-12
,3,4,1,22,9,-5,0,-4
,-4,-2,20,11,-2,9,-8,-26
,-1,-3,-14,-14,0,-20,8,-26
,3,0,-4,-4,-7,6,6,26
,-1,-1,1,15,4,11,-14,-28
,2,2,13,16,2,-1,4,6
,1,-2,-9,-46,-10,-6,-3,17
,-4,1,6,-17,-2,-2,4,-39
,3,-1,-9,30,-7,14,-4,13
,0,3,2,20,5,7,-10,-11
,0,2,6,-5,1,13,-4,0
,-1,-1,-4,-6,-12,-15,-2,4
,-2,-4,-9,-25,-8,-8,5,14
,-3,-1,0,-7,6,-15,-13,-24
,-1,1,6,21,-4,-15,-7,-10
,4,-3,-1,4,5,1,8,5
,-1,-4,-4,-19,-3,-8,-1,-10
,1,1,6,-2,0,12,-2,14
,-2,0,-4,22,12,-1,-2,-47
,-1,-1,12,4,2,8,3,6
,2,-5,-6,-11,3,-17,-15,84
,-2,-2,-23,-39,-22,-21,4,-38
,-3,-3,9,-4,-19,-18,5,5
,-4,2,-1,-12,10,5,-8,-50
,0,-3,-3,-8,-5,2,15,34
,-4,-1,1,1,-6,2,-1,-19
,3,1,-7,3,11,10,-8,27
,-1,0,-1,15,6,4,16,12
,0,1,-6,-23,-4,-4,5,-23
,-1,0,-3,-7,-5,-7,-5,30
,0,1,1,11,-4,15,3,18
,-5,0,14,-11,7,-1,-6,-7
,3,-1,-16,1,7,6,8,8
,-3,0,16,-2,1,1,1,5
,0,-1,6,-1,-4,21,-6,23
,-6,-4,-9,18,1,17,-1,-50
,-3,2,24,-35,-15,-9,-9,16
,-7,-3,-12,-4,8,1,-8,-18
,2,-3,-29,-11,-4,8,-3,3
,1,-1,0,1,-6,-9,-9,-8
,0,3,3,32,7,-3,8,-40
,-3,0,-2,6,4,-5,-3,-4
,0,3,3,-26,-4,0,-14,-9
,3,-3,-21,1,-5,-5,-4,78
,-1,4,15,5,0,-2,-11,-33
,2,1,2,-26,6,10,1,26
,-5,-6,-4,21,12,-13,18,-14
,3,2,1,2,0,13,3,54
,-2,-2,7,-6,-3,-4,4,-12
,-2,-3,-15,-18,7,16,-19,-1
,1,2,7,-10,-5,3,12,-12
,-1,0,-10,-5,-1,-10,-2,-52
,1,3,2,4,-1,26,22,30
,2,-1,-10,7,-6,6,-12,30
,-3,1,6,4,-4,13,-12,-40
,4,-2,4,21,2,-41,22,76
,-5,0,-1,-7,-1,-13,-4,-51
,4,1,0,3,1,-6,8,13
,1,1,-6,-18,6,5,3,-10
,0,-1,7,30,-7,13,6,42
,-1,-4,-17,-49,7,-11,-8,-16
,1,-1,-3,30,-2,9,-1,-17
,1,1,3,0,-11,-2,7,31
,-4,1,1,-12,3,7,-8,-5
,1,1,-1,18,2,3,0,14
,-2,0,7,10,5,-8,3,-21
,2,1,2,3,10,4,6,-11
,-1,3,-4,-12,2,18,-15,-23
,0,-6,-24,22,1,-1,13,14
,2,3,35,8,-1,-9,2,-16
,0,1,-5,13,-1,-9,-2,-4
,-2,1,10,-7,-2,-5,-1,25
,4,-1,-15,-1,-7,2,-4,-20
,-1,1,-5,12,10,-17,14,-4
,-1,-1,-2,7,-1,13,6,70
,-3,1,-3,-7,6,18,-23,-42
,-2,-2,-1,28,8,-15,2,12
,-1,-2,9,-48,-10,-2,0,-2
,0,2,2,-14,5,19,-4,-6
,1,-7,-21,0,-3,-10,-1,-8
,-5,-2,30,9,4,3,6,-15
,3,0,-6,7,-2,0,-5,5
,0,-1,-9,-2,0,-15,-6,-25
,4,-3,19,-27,-21,-10,26,54
,-2,-2,-8,-11,5,2,-28,15
,-7,-3,-11,27,3,3,-3,-51
,6,2,3,4,8,-5,6,20
,-4,-2,-8,-6,5,1,-2,-27
,0,2,10,-1,-10,-9,2,-3
,-1,-5,-2,-7,-5,-4,7,5
,1,0,-9,23,1,1,1,12
,-4,-4,-5,-35,2,2,-7,-35
,1,3,11,-4,-3,15,0,1
,-2,-4,-20,-14,-6,-17,1,27
,-1,-6,1,29,9,37,9,25
,-4,2,18,11,0,-47,-9,-36
,2,-2,-13,16,7,7,-4,-3
,-3,-4,-5,-35,-18,5,-3,27
,1,1,11,-4,8,-12,-14,-29
,5,2,-9,4,5,17,3,-21
,4,3,6,12,-7,-5,-12,47
,-4,6,26,16,12,-4,-9,-48
,0,-3,-1,-12,-34,-16,-9,-16
,5,4,-5,6,11,15,9,27
,-1,-2,-4,3,2,-10,10,-3
,5,0,-1,14,-8,14,-7,52
,-2,0,5,-18,5,-8,-3,10
,0,0,6,11,-5,-2,-12,-24
,0,0,-9,-17,-2,-8,9,11
,-1,3,5,11,10,22,0,-59
,3,-2,-2,9,-4,-6,12,22
,-5,-2,1,-4,-6,-3,-3,5
,-3,-2,-20,17,7,-9,-3,-25
,0,-3,5,-27,-13,1,3,-8
,-2,0,-2,-1,3,-7,-1,-16
,-2,-1,7,5,3,4,-3,-7
,-2,-2,-2,-16,-17,11,8,-17
,1,0,-13,11,9,-55,-23,19
,-4,0,8,-16,6,-8,-5,16
,-2,0,4,9,1,13,3,10
,-6,-4,-20,-12,3,-5,4,-8
,5,0,-4,-15,0,-3,6,31
,-4,0,-1,9,-3,-3,-3,-60
,5,1,15,22,10,3,-1,87
,-3,-4,-2,3,1,-10,-24,-26
,-3,-1,7,30,3,10,10,-55
,3,2,-16,-43,-1,2,-2,6
,-2,1,-4,11,-4,-16,-11,-24
,6,0,0,-11,10,15,16,28
,-5,-3,14,22,-1,1,6,-23
,1,-5,-6,-3,6,1,1,36
,-7,-3,-20,-14,-20,-11,-2,-36
,2,0,12,-5,-9,0,3,14
,3,4,-4,-6,10,4,-3,-12
,-2,3,2,16,7,-7,3,7
,-3,1,2,-8,-9,2,0,-23
,2,0,-20,16,0,2,-4,5
,-6,-3,12,-30,-5,25,13,-41
,0,0,1,2,3,-21,-4,0
,0,-4,-23,19,14,28,10,81
,2,7,19,-2,2,6,7,-6
,-5,-3,-15,4,-10,16,-28,-36
,2,3,25,9,5,-11,6,-5
,5,-1,-4,-18,-8,-2,4,1
,-2,-2,-7,1,2,-14,-12,-12
,3,6,6,5,0,9,25,66
,-5,-1,-6,-8,-4,-5,-4,-36
,2,-4,-14,-2,-2,5,1,31
,-3,2,18,0,4,39,13,-13
,7,1,-6,4,-6,-12,1,54
,-3,1,10,6,1,1,-6,-25
,1,1,7,5,3,2,26,12
,-4,-2,1,-11,3,-9,-9,-8
,0,-3,-12,-16,-1,-6,-4,-7
,-8,-5,1,-11,-15,-1,0,-27
,10,4,2,-2,1,30,-6,65
,-2,1,4,8,-3,-3,-11,-28
,-2,1,18,4,0,-5,3,7
,0,3,-5,1,0,-9,7,-10
,-5,0,-10,-6,-2,-8,-10,-68
,0,-2,0,3,3,-12,4,18
,2,-2,-4,10,1,-7,5,39
,-2,-3,-4,-9,1,17,5,6
,-1,-2,9,25,-4,4,-14,-32
,-2,1,-10,-24,-1,-37,4,12
,6,1,-14,-13,0,-12,18,16
,0,2,24,4,-13,11,-1,-7
,0,-2,-12,4,14,11,2,-7
,-2,-3,-3,-20,3,-15,-14,-16
,-3,3,9,14,13,-2,-6,-11
,0,-2,-5,-1,-15,-6,4,15
,-3,-1,-10,-30,5,-1,-12,-46
,-2,0,21,29,-15,-10,0,32
,-4,-4,-11,-23,-10,2,-2,-46
,3,-1,-9,-4,7,1,-2,71
,-1,2,8,5,12,-6,1,-28
,8,-2,23,10,8,33,0,13
,1,0,-5,-7,-6,-11,2,24
,3,-3,-13,17,1,-24,-5,39
,-5,-1,13,4,-5,-10,13,-27
,-3,3,10,16,10,8,-9,-16
,-1,-2,-12,-1,1,12,-1,-4
,0,1,-1,0,-7,-3,-5,-25
,-1,-1,-5,14,6,-20,1,46
,2,-1,-13,-9,-7,-18,4,-7
,-1,-4,-7,-3,5,-12,-6,-12
,-1,-1,-2,11,21,18,-1,-3
,-1,-1,8,4,-3,-8,-2,-20
,1,0,-10,-23,-17,4,9,38
,0,4,3,30,10,2,-2,9
,4,-4,-4,-25,-11,0,10,-28
,6,2,3,5,-7,3,2,35
,-7,-5,-6,-9,-6,-5,-12,-22
,-5,1,-9,10,6,-8,-13,-59
,-1,0,10,6,0,17,8,48
,-3,-2,-3,-12,-14,-18,-1,-23
,0,3,11,-1,6,1,-13,-25
,3,0,-6,5,-9,2,6,54
,-5,0,8,6,-3,1,13,-22
,-1,1,-9,-8,3,10,4,-3
,-2,1,-10,11,9,-1,2,9
,-2,-1,13,-39,-10,6,-5,-20
,6,5,-12,5,3,-2,2,18
,-2,-5,5,-22,-8,-9,6,8
,-5,-2,-5,31,17,36,-1,-50
,0,-1,1,2,-11,-9,8,-9
,2,2,18,-3,-5,1,0,32
,-4,0,-2,-19,-3,4,-5,-67
,5,-1,0,-1,-17,-11,11,94
,-1,-2,-9,18,14,15,3,4
,-2,0,2,-22,11,-15,-17,-22
,2,2,-8,1,0,42,-8,-10
,1,-2,-2,-21,5,4,0,-16
,1,0,24,30,3,0,3,1
,1,-4,-12,16,-8,-9,-4,9
,-1,0,5,-12,11,-6,-3,15
,-3,0,-12,-9,0,-2,-3,-17
,0,2,-12,-2,-1,17,3,-37
,2,2,7,25,17,17,2,57
,2,1,10,-4,-3,-11,-5,-16
,2,-1,5,-7,-4,2,18,27
,-6,-1,-8,0,-22,-17,-20,-1
,-3,0,-11,-7,-5,-14,-5,-79
,3,-1,12,14,-3,-2,2,71
,1,0,-2,-2,4,1,3,-5
,-5,0,10,0,11,1,-4,-18
,1,-4,-18,0,-1,6,-3,2
,-1,0,-7,-2,7,-16,-4,-18
,-2,-1,0,15,-28,-2,-4,16
,6,-5,20,22,5,8,6,26
,-2,0,-6,-30,3,-3,-6,-5
,-1,0,2,-23,-1,8,2,-17
,2,-2,19,44,10,-13,15,0
,-3,-1,-12,-8,-21,-1,6,-9
,4,1,7,7,4,6,-2,87
,-4,0,1,15,0,-7,-3,-50
,0,1,-14,-39,-13,6,0,14
,4,-1,-10,-20,13,-3,-12,7
,-7,-4,-4,27,-11,-13,3,-50
,2,0,-7,-20,-9,21,-16,69
,-1,1,6,16,-2,1,-2,-24
,5,3,9,-28,1,-4,9,49
,-3,-1,-12,-14,2,13,-13,-31
,-3,0,-10,13,-1,-11,2,2
,2,5,12,-18,-9,-6,-6,2
,-4,-1,2,14,9,19,-14,-28
,0,-1,-4,10,8,-13,9,11
,0,-1,5,0,-9,-26,6,13
,-1,-1,-12,-9,0,3,7,-16
,-3,4,2,-1,-5,-26,-12,-62
,1,2,14,-9,-7,3,15,68
,0,1,2,9,8,11,6,-51
,0,-6,-8,-3,4,-3,-12,-15
,1,1,4,29,17,-16,-1,-5
,-5,-3,-14,-9,-4,12,8,-44
,1,0,3,13,-3,-3,-1,6
,0,1,-3,-9,3,2,-2,14
,0,-1,-2,-11,-4,14,6,-4
,3,1,5,22,5,-27,-8,-14
,2,-1,-11,-6,7,5,14,1
,-4,1,15,-9,-4,28,1,-9
,2,-1,-12,3,-6,-6,-11,39
,-1,-1,3,-4,-11,39,7,-3
,-2,-1,-14,11,16,-11,-14,-49
,6,-3,-2,-5,7,-20,-3,95
,-2,-1,-6,-11,-13,10,0,-34
,-5,-2,-2,-5,-3,9,5,1
,2,1,1,3,-24,-21,-5,-4
,-1,-1,8,-7,10,-15,-3,-50
,-3,-3,-2,-5,4,1,5,33
,-1,-2,-2,-2,6,-8,-4,-49
,1,-3,-12,-7,-3,6,-16,62
,-1,0,6,10,0,3,-1,-15
,3,0,9,12,-6,-12,13,25
,-1,-1,-8,3,2,16,-3,-24
,-1,-2,4,-17,8,0,1,-4
,-1,1,0,6,-9,-1,-6,-15
,1,-2,2,7,3,16,-4,-1
,1,2,2,-10,4,-13,-2,16
,0,3,12,33,9,10,-2,-6
,-1,2,-6,0,2,1,6,-48
,2,0,7,24,7,-6,0,87
,0,5,2,-21,-8,41,-11,-46
,0,-4,-13,-13,-26,11,20,-27
,2,-2,-3,21,16,-11,2,23
,-1,1,33,-25,5,-11,6,9
,-1,-2,8,16,-1,-1,-2,-7
,1,1,1,-6,6,6,5,17
,-5,-4,-28,-6,-8,-6,-9,-24
,0,0,-12,-1,1,20,18,13
,1,-2,8,0,4,-32,2,23
,-4,-3,-13,-15,-8,-15,-9,-38
,-1,-1,-7,7,1,3,12,0
,-1,0,-2,-3,10,-10,-26,24
,7,2,-11,20,-6,31,1,9
,1,2,7,1,8,22,23,27
,2,3,32,22,7,5,-2,19
,-3,-1,-13,-29,-11,-2,1,-57
,0,0,-3,-16,1,-1,-8,11
,0,-1,8,10,7,-18,-6,0
,-6,-6,-4,4,3,8,-6,-14
,2,3,-3,15,-7,-9,6,11
,2,-1,-4,-37,2,-27,-4,-14
,-3,-2,-4,-27,-6,4,-8,14
,-4,-4,-8,10,-8,-27,-1,10
,-4,3,9,14,5,-15,-11,-40
,0,-3,-15,1,-6,-8,18,-8
,3,1,12,26,5,9,-7,-21
,1,2,2,-33,-17,16,-1,7
,1,-1,-13,-15,2,4,16,3
,2,1,26,49,-1,-3,-10,5
,-6,-3,4,-10,-7,3,-1,2
,-2,-3,-20,-4,0,9,-1,-38
,2,-3,11,6,4,13,6,17
,0,0,-4,-5,8,2,-5,12
,0,2,5,16,-1,-21,2,5
,-3,-1,-4,-15,-6,7,-3,-52
,4,-2,-6,-1,3,-3,9,55
,-2,-3,-3,-7,-3,-7,0,-39
,6,3,0,-4,-4,14,6,19
,1,3,11,41,10,-8,-4,-6
,-5,-4,-29,-27,-1,13,-5,-36
,-6,-1,6,-11,-19,4,-18,-4
,-5,-2,23,-17,9,1,9,-26
,0,-3,7,1,1,-35,-12,43
,-1,-1,-5,24,3,0,-9,-14
,1,0,-17,-32,-2,0,4,5
,3,1,-5,11,-1,-15,5,0
,2,2,9,20,8,10,-11,17
,-6,-5,-11,-25,-12,-27,-13,0
,4,4,16,37,8,-11,10,20
,-5,-2,-7,-12,-5,0,-10,4
,1,2,-5,-10,7,9,5,-40
,0,-4,-5,5,-13,2,20,4
,0,0,-8,-35,-1,6,-9,0
,4,4,13,31,12,0,5,18
,-3,1,-15,-20,-12,-7,-10,-14
,-1,4,8,9,-2,53,5,-69
,2,0,10,0,-5,15,-3,62
,-3,-6,-16,8,-4,-13,-4,-15
,4,-1,11,-30,0,-7,12,12
,-3,0,3,3,6,3,-13,-48
,1,-1,-13,-9,-2,-72,3,-15
,-2,-2,-9,14,-3,4,2,0
,-2,-1,0,-8,-4,15,6,22
,1,-2,-13,7,-8,-45,-13,10
,-5,-2,17,-27,-5,-8,-6,-26
,0,4,11,-2,1,-2,7,4
,-3,2,-2,15,-4,-16,-14,-64
,13,2,1,-35,7,3,20,63
,-6,-2,-18,18,6,4,4,-28
,-1,-3,0,3,-10,6,-3,10
,0,3,4,-4,1,-11,4,13
,1,0,-4,22,5,1,-6,-11
,-1,-1,9,-4,4,8,3,24
,0,-1,-4,-16,3,2,-8,-19
,-1,2,-5,-7,0,13,12,10
,-2,0,9,13,11,5,-7,16
,1,0,1,6,-10,-1,2,3
,-5,-1,1,9,2,4,-4,-31
,-3,-5,-13,-10,-4,-16,5,38
,1,1,5,-1,4,-29,-11,15
,2,1,2,26,10,58,8,-35
,6,1,8,-16,-3,-9,-6,68
,-4,-4,-17,-7,-2,12,-3,-22
,2,4,21,13,6,3,15,-8
,0,-1,-2,10,-2,-13,-12,47
,-3,-1,0,-24,-22,-12,4,-41
,4,-1,10,25,8,22,2,47
,-4,-2,-15,-8,-3,-6,-3,-39
,1,-5,-13,-5,5,-4,13,72
,0,-2,-6,18,3,3,-4,-31
,1,3,13,-2,-3,10,-7,-26
,-4,0,4,3,-11,9,-3,-8
,-3,2,5,2,6,-3,4,-18
,-2,-3,-14,-4,4,-8,-1,-10
,2,1,-4,1,8,3,-10,9
,5,3,-5,-14,11,19,11,18
,0,1,19,62,-6,-6,15,-9
,1,0,4,-42,0,4,-5,45
,-4,-7,-16,-17,-11,-3,-1,-53
,0,1,8,0,4,10,-3,51
,0,4,-8,-5,0,-4,-7,-26
,-2,-2,-3,19,2,17,2,-39
,5,1,9,-16,-2,-7,14,57
,-7,-5,-6,4,-13,-26,-6,-34
,1,2,3,-11,0,0,0,-20
,-2,-3,1,18,5,3,-5,15
,-1,1,3,-12,3,8,-3,-5
,-3,-5,8,16,-1,-2,-5,-7
,-5,-1,-11,-14,6,4,-1,-35
,3,1,-1,-3,0,1,-3,40
,1,1,2,12,-4,-4,4,3
,1,2,-3,-4,2,1,-3,-6
,-4,-3,-2,-5,0,2,-1,-7
,-1,2,0,-2,14,-19,8,4
,1,-2,4,9,-6,3,-6,11
,-3,-1,-32,-12,-2,0,-11,-78
,3,2,12,-26,-2,13,18,46
,-1,1,21,22,-8,-7,-15,15
,-4,-3,-3,-20,-8,-5,-1,-32
,-2,-3,4,-6,-3,15,9,-8
,1,-3,-23,27,10,-19,-15,7
,3,-2,-12,3,4,8,6,-16
,2,2,1,-4,4,12,1,1
,-1,1,10,24,2,-17,-1,38
,-1,-1,4,-16,-13,19,-1,-9
,-3,0,-3,3,-1,-3,-1,-13
,2,4,3,9,7,-12,-2,-29
,7,-1,3,-16,2,-5,16,111
,1,-2,1,0,-3,27,-1,-14
,-2,-1,-6,-8,-8,1,7,-24
,-1,-5,-8,-8,10,4,2,-2
,-4,0,4,1,-6,-4,-11,-45
,2,1,-1,6,3,-12,-1,11
,0,1,1,0,-4,2,-5,9
,0,-1,7,10,-2,-3,-6,-4
,-1,1,-6,-6,5,28,19,7
,0,-2,-4,0,-7,-25,-18,-14
,-3,-2,-1,-27,4,6,6,-3
,-1,-4,1,15,-13,-7,16,-3
,4,2,0,-40,-14,3,-8,-16
,-2,4,3,20,15,-14,-5,-50
,4,-2,-3,8,6,-5,15,95
,-1,0,3,-8,2,34,-5,-11
,-2,0,15,16,-1,-9,-6,-46
,0,0,-20,-19,-15,-4,14,14
,2,3,15,4,10,10,18,-15
,5,2,-2,-7,6,-8,-14,81
,-6,-2,3,35,-5,-3,-11,-16
,-3,-2,2,-23,3,8,-4,-2
,0,1,-14,8,-4,-11,-2,-21
,-2,-3,-6,-13,-2,-1,7,-12
,1,1,3,-14,7,4,3,0
,1,0,8,17,0,-9,-2,4
,-3,1,-3,-1,-2,6,2,-22
,-2,0,11,4,-2,6,-3,7
,0,-4,-9,11,10,9,-7,0
,-4,-2,7,-14,-3,-4,5,-5
,0,-1,-2,-22,-6,1,-5,15
,-8,0,-1,15,12,10,-7,-64
,6,1,-4,20,2,-9,30,61
,-3,1,12,-4,-8,4,-13,-18
,-1,1,-1,-12,-12,-3,-10,-21
,2,2,-8,57,2,-8,-13,-29
,-4,3,22,-42,-8,-24,2,6
,1,-2,-6,2,5,-3,4,3
,-1,-2,-10,7,3,6,0,-8
,2,3,8,-1,-2,-14,4,8
,0,-3,-17,-4,0,3,-14,-4
,1,-1,11,5,6,9,3,2
,-1,-2,6,8,4,-13,-4,10
,-1,-3,-14,-18,-9,-3,4,12
,-2,0,-5,-2,0,5,-13,-25
,2,2,-5,-8,-1,0,15,37
,-3,-3,-5,4,-3,-11,-24,-15
,-1,-1,-4,-10,-2,-11,-1,-15
,-1,-1,10,-5,-6,4,-5,51
,0,-1,6,36,2,-6,-21,-53
,4,-1,-6,-34,-1,15,14,16
,0,0,-2,3,-2,-5,0,4
,-2,-2,-7,2,1,-1,-6,-25
,-4,1,-3,5,-1,-5,-10,-9
,-1,3,10,9,-5,31,19,-10
,3,2,1,-1,10,9,-5,-3
,2,1,-3,-6,-4,5,28,47
,1,5,3,-12,-17,-4,-15,34
,2,-5,-8,-27,0,-6,13,-23
,-7,-6,-9,20,-20,-14,2,-25
,6,5,-1,8,17,-3,8,15
,-3,-1,-1,-22,4,5,0,-27
,0,-1,-5,18,-3,-10,-14,8
,0,-5,-8,-20,-2,1,4,1
,1,1,7,-19,2,1,-6,-28
,-2,-3,-7,14,11,7,7,9
,-1,2,4,11,-1,-2,-7,-11
,-1,0,8,5,7,1,5,35
,-4,-3,-11,-9,-12,2,-12,-32
,2,0,-2,-15,3,13,-1,24
,1,1,11,29,4,-2,1,-2
,1,1,12,0,5,-27,3,11
,-2,-1,-15,1,-3,31,-12,3
,2,0,4,-3,-1,-1,5,5
,0,0,-1,-5,0,-7,5,-1
,-1,2,-2,2,1,-10,2,-7
,0,-3,2,-3,-1,-3,-10,-54
,-1,-2,-1,-3,-8,2,15,54
,-4,-1,-15,7,1,7,-3,-17
,-3,-1,-6,-26,6,12,-14,-21
,3,2,16,-16,-14,-24,2,-26
,-2,-2,1,45,-4,-5,0,-12
,-3,-2,-1,1,3,-8,-7,-4
,-1,2,4,-7,-5,4,6,10
,-3,-3,-6,12,13,6,-8,-22
,2,2,2,-4,7,-17,5,5
,-4,-2,5,-9,-15,2,-3,-10
,4,-3,-26,-30,-2,3,-1,-23
,1,0,14,18,-10,-7,1,53
,1,-1,0,-13,-2,2,3,23
,0,1,9,5,8,-4,-1,4
,2,4,7,2,-4,4,-2,-16
,-1,-1,-2,-2,-2,4,1,4
,2,-1,-1,-9,-1,-8,-4,-7
,-1,0,-23,-9,6,-2,10,27
,-2,2,26,16,-3,19,-13,-7
,0,5,14,4,9,-13,15,11
,-5,-3,-2,0,-2,-1,-11,-55
,4,-7,-14,-5,-4,-3,-5,18
,0,-1,-7,-17,0,6,3,3
,-3,-3,-10,35,7,11,0,-33
,2,-1,-3,-29,-10,-21,0,41
,-1,2,16,20,2,-1,-2,-18
,0,-5,-25,-34,-4,-10,1,60
,-1,1,14,8,-10,0,2,-11
,-1,1,-12,3,6,-1,3,-27
,1,1,1,-11,-4,35,1,7
,1,-1,6,23,7,-3,3,33
,-1,-2,-8,-2,-2,-5,-7,-8
,-1,-1,5,-9,-3,10,-4,5
,-3,0,5,11,-3,-19,-10,4
,0,4,1,-3,3,6,4,-15
,-3,-2,-7,-8,1,8,-2,-10
,2,-2,2,5,5,-1,13,13
,-3,0,3,-5,0,-5,-1,-15
,-2,0,6,15,-4,-3,13,-15
,2,2,-6,-18,-3,-2,3,29
,-3,-2,-1,3,3,10,-3,-22
,0,0,3,0,0,-6,-9,-2
,0,-1,-2,10,1,-2,0,1
,-2,1,-3,-15,-3,2,1,7
,-1,1,0,5,5,-3,-6,-21
,0,1,2,-7,-9,-3,4,5
,0,0,3,10,-1,0,0,12
,0,-2,0,7,5,0,-3,-4
,-1,-3,-2,-5,-4,8,-10,-28
,3,-1,0,-1,6,-7,-5,19
,1,0,1,0,-1,-4,0,27
,-1,-1,0,0,-1,-3,-4,-5
,1,0,0,-3,-4,0,1,-2
,-2,0,0,4,3,-1,-1,-16
,0,-4,1,5,12,-9,-4,1
,-3,-2,-6,3,5,46,10,-41
,5,2,9,10,10,7,-3,28
,-2,-5,-9,-61,-5,-4,19,-2
,4,0,11,19,-7,-3,-20,80
,-8,-7,-13,-14,-2,-15,-5,-20
,-2,-5,-8,12,2,-11,6,19
,-3,1,8,6,11,9,-6,-22
,-1,-1,-12,-15,-6,-1,-2,-25
,3,3,32,13,-2,-13,-2,-9
,-1,-4,-27,-5,-2,23,-1,-1
,-2,-1,-9,23,2,-11,-5,31
,-3,-6,-3,-25,0,11,12,-39
,2,8,18,-4,-10,-12,-14,1
,-2,-1,-1,-2,5,-9,13,44
,2,0,6,12,-8,-2,-9,-38
,-2,0,-1,4,6,6,-5,5
,5,-2,-13,2,1,3,22,35
,-3,1,8,-3,4,-2,-1,-18
,2,1,-4,4,-4,4,6,-2
,1,1,4,5,-13,-36,2,27
,-4,-1,-18,9,6,11,11,-49
,-3,0,3,-28,-12,12,-16,30
,-3,2,10,18,7,-14,-6,-39
,2,-3,-11,-25,-3,3,19,51
,4,-1,4,66,-6,-8,-6,-9
,-9,-3,-4,-40,-16,-1,-15,-57
,4,3,14,14,22,22,-4,15
,6,5,-1,-2,-4,2,2,-54
,2,-2,-9,-2,6,10,-7,94
,4,5,0,-10,5,0,-3,-31
,-2,0,3,-2,-11,2,-4,-9
,-2,1,9,13,3,3,-1,-25
,-1,-2,-7,-9,1,-8,-4,-11
,1,-2,-2,0,0,-8,1,-8
,0,2,-3,-8,-1,-2,3,20
,-1,-1,4,7,-4,10,3,-8
,1,0,-1,-22,-1,-6,-2,13
,-1,-1,3,11,3,-5,5,7
,0,-3,-5,4,-4,-5,3,4
,-1,-1,-4,3,1,3,-5,-3
,1,2,6,-8,1,-4,-3,-1
,0,0,0,16,0,-4,4,2
,3,1,-5,-3,-1,1,0,4
,-3,1,4,7,1,2,-3,-14
,-1,-2,-1,-10,1,-5,-1,0
,1,2,3,9,-3,0,5,1
,-3,-2,-1,-4,-3,2,2,9
,-5,-4,-4,0,18,5,-3,-3
,-5,-14,0,-4,-9,-16,-1,-3
,11,21,6,3,2,20,5,4
,4,6,-2,-9,-22,1,3,1
,2,3,0,5,15,-6,15,1
,-3,-5,-5,4,12,22,-3,0
,-5,-12,-3,-2,-3,8,2,-5
,-3,-9,-6,-12,-16,-25,-14,-4
,2,3,1,1,-20,-6,-3,-2
,2,5,0,-6,-20,-23,-5,0
,-1,0,4,7,-7,-6,2,7
,0,1,1,3,10,12,8,4
,-2,-4,-1,-2,-13,-4,-4,0
,2,4,2,-3,2,2,1,-4
,0,-3,-5,-2,12,-1,-2,0
,-2,-1,-1,1,7,-1,0,1
,2,2,1,0,6,3,-2,-1
,0,3,0,-4,-2,4,2,0
,-1,-2,0,1,2,-6,0,1
,-1,1,-1,0,2,-4,0,3
,-2,-1,-1,4,1,1,-3,-1
,0,3,3,-2,-3,5,4,0
,-2,-4,-3,-3,-11,-12,-13,-1
,3,-1,1,1,7,3,-5,2
,3,1,1,4,9,14,7,5
,-2,-6,-4,-10,3,-9,-4,-3
,-5,-7,-3,3,0,-9,1,-1
,-5,-6,2,0,10,10,3,0
,4,14,5,1,-22,-5,16,-3
,3,-1,1,0,12,2,-20,3
,5,-6,1,2,-4,-2,2,1
,-2,2,-4,2,1,5,3,0
,-4,11,2,-2,6,-1,-3,-2
,0,2,-1,3,-3,-2,3,-1
,3,-4,3,4,-2,3,1,1
,-2,5,-3,-3,7,-10,-7,-1
,-3,-8,-5,-5,-8,1,-3,-2
,-2,1,-2,-9,-13,0,2,-3
,-6,3,0,5,8,-2,-1,-2
,0,-8,1,2,-11,-3,5,1
,5,-8,0,-9,-7,-2,-14,1
,3,13,2,8,27,-2,9,0
,-7,-7,-2,3,-21,3,3,-2
,1,7,2,-1,24,4,0,-1
,-2,-4,-1,0,-43,-15,-11,-2
,5,1,3,4,21,6,4,4
,3,15,1,0,-13,0,3,2
,-6,-30,-11,-7,11,-4,0,-3
,-1,-4,-2,-5,4,3,-4,-2
,-11,7,9,-1,-13,0,3,-4
,6,13,-1,1,11,0,2,1
,10,-16,-3,1,-14,0,-2,4
,-3,-4,-5,3,18,2,1,-2
,0,14,11,-2,-10,-3,-3,-3
,-3,1,9,3,11,2,-3,-1
,-4,-6,-5,-2,-10,-1,-3,-1
,-1,-2,-2,3,9,1,3,-1
,-1,-6,-10,-3,-10,-2,0,-1
,-2,-3,2,0,-1,-1,-1,-2
,3,11,0,3,-1,-1,3,0
,-2,1,7,1,7,1,-2,1
,0,1,-5,-5,-1,4,-3,-1
,1,-7,-9,-3,12,-3,2,5
,-2,0,-5,-3,-11,-3,1,-2
,-1,5,10,2,2,-1,-2,0
,0,-10,-3,0,-5,0,1,-2
,9,13,-2,3,6,-1,-1,1
,-2,6,3,-1,14,7,4,2
,-5,-2,-2,-8,-13,1,-6,-2
,0,-10,-12,2,4,0,15,0
,-2,-4,9,3,-2,-2,-4,0
,1,11,-7,2,-5,-1,-1,2
,-2,-5,14,3,6,1,1,0
,-2,-6,-3,-1,0,-3,-6,-2
,-3,3,-7,-2,0,1,-2,0
,3,-1,2,2,-2,-1,2,-1
,3,-2,-12,-7,-4,3,0,2
,-2,-1,0,-2,1,-2,-5,0
,-4,-6,-1,0,-3,-1,1,-4
,-1,8,11,2,-4,-3,-4,0
,0,-1,-5,2,5,-1,1,0
,0,1,3,2,-2,1,0,0
,1,0,0,-4,4,1,1,-1
,-1,-1,-2,-3,-2,-3,0,1
,1,0,-3,3,-1,3,1,-2
,-1,-1,2,-4,-1,0,-2,-1
,-4,-7,-5,1,-9,-1,-2,-1
,4,-1,4,-1,-1,1,3,-2
,3,12,1,2,9,-2,1,1
,-1,-1,-2,2,8,1,-2,0
,-2,-1,2,-2,1,1,0,-1
,-4,-1,3,0,4,3,0,-2
,-1,-7,-3,-5,-8,-4,-2,-1
,1,2,-2,-1,2,-1,2,0
,-2,-1,1,-1,-3,-1,0,-1
,-1,3,1,1,-8,-3,0,-2
,-2,0,-4,0,9,2,-2,-2
,-1,1,-1,1,-4,-1,-1,1
,0,-13,1,-2,0,-1,0,-2
,0,6,-1,1,-4,-3,-1,3
,0,1,-2,-1,0,1,1,0
,-1,-2,-1,-2,-4,-2,-2,-1
,-1,-1,-3,-1,-2,0,1,1
,-2,-2,1,-1,-1,0,-1,-2
,-5,-7,0,1,2,0,1,-4
,-1,-2,1,-2,-1,-1,-2,-1
,1,0,-1,-1,0,-1,-2,0
,-1,-2,-2,-1,1,0,0,0
,3,1,-4,0,2,0,1,1
,-1,0,5,0,2,-2,-2,1
,1,-2,-1,-1,-2,0,-1,-1
,-2,2,-1,-1,-3,-2,-1,1
,-2,-3,0,1,2,2,3,0
,1,-1,-4,-4,-8,-3,0,-1
,-1,1,0,0,-1,-1,1,-2
,-1,-1,1,3,5,2,-1,-2
,3,1,1,0,-2,-1,0,1
,2,0,-1,1,-1,-1,1,2
,-1,2,0,-2,-1,-1,0,-1
,-1,-1,-2,-2,-8,-2,-2,-1
,-1,-2,0,1,4,0,-3,3
,-1,-1,1,1,-2,2,1,-2
,1,0,-2,-4,0,0,0,1
,1,1,-1,1,1,-2,-3,-3
,-2,0,0,-1,-1,-2,0,-1
,-1,1,0,1,1,-1,-1,0
,-1,0,-2,1,2,1,-1,-3
,1,-5,0,-1,-5,-3,1,1
,0,1,0,2,5,3,2,-1
,-1,1,-3,-3,-5,0,1,-2
,0,-3,0,-5,-5,-2,-2,2
,-1,9,2,1,2,2,0,1
,-1,-2,-1,-3,-2,-2,-1,-1
,0,-2,-1,1,5,2,-1,1
,-1,0,0,1,1,-1,1,-1
,1,-1,0,0,-2,0,1,0
,-1,0,1,0,-2,0,-3,1
,0,0,-2,1,5,-1,2,0
,-3,1,0,0,-6,-2,-1,-3
,0,-1,0,-2,2,0,-1,2
,0,4,0,-1,0,-1,1,-1
,-1,-1,1,-2,-1,0,-2,-1
,-1,0,0,1,3,0,-2,-2
,0,-2,-1,1,1,0,-1,1
,1,-1,-2,-1,-3,-1,2,-2
,0,1,1,0,-3,-3,0,1
,2,2,0,0,0,0,-1,-1
,0,-1,0,-1,5,2,2,-2
,-1,-4,-2,-2,-6,-2,-1,1
,1,-2,0,0,2,0,0,-1
,-1,0,0,1,3,2,0,1
,0,0,-1,0,-1,-1,-1,0
,1,-4,-2,0,0,0,-1,1
,-1,0,-2,-3,-2,1,-3,-4
,1,-2,-2,-1,0,0,2,1
,0,0,0,0,-4,-1,0,0
,-2,1,0,-2,4,0,-2,-2
,0,0,2,1,-2,-1,1,2
,-1,-1,1,3,2,0,-1,0
,0,-1,-1,-1,0,-1,-1,-3
,-1,0,-1,2,-2,-1,0,-2
,0,0,0,-1,-5,1,-1,4
,0,2,-3,-3,2,-3,-2,1
,-2,-3,-1,-1,-4,1,-1,-1
,0,-2,-1,-2,2,0,0,0
,0,5,0,1,2,-2,-1,-1
,-2,-1,1,-2,0,1,-1,0
,0,1,0,-1,-1,0,-2,-2
,-2,3,-1,-1,-1,1,-2,-1
,-2,-5,-2,0,1,3,1,-2
,3,0,0,2,-1,-1,-1,2
,0,-1,-2,-2,0,-1,0,-1
,2,-1,-1,0,-1,-2,1,1
,1,-2,-1,0,-1,-1,3,0
,0,0,0,0,-1,-1,-1,0
,1,1,1,0,1,0,-1,0
,-1,-1,1,-3,-1,0,0,-1
,-1,-2,-2,-1,-1,-1,-3,0
,0,-1,0,1,2,0,1,0
,1,-1,0,0,-1,0,0,0
,1,0,-1,-3,-2,-2,-4,0
,1,-1,0,1,0,0,0,-1
,-1,1,1,-1,-1,2,1,-1
,-1,0,0,2,-1,-2,0,-2
,-1,2,0,2,1,0,0,-2
,0,-2,0,-1,0,-1,0,0
,0,-6,-1,-1,-2,-4,-2,1
,0,0,-1,-1,-1,2,1,0
,-3,0,0,1,1,1,0,-2
,1,0,0,-1,-2,-1,1,3
,0,1,-1,-1,0,1,1,-1
,-1,-1,0,-1,0,-2,1,-2
,3,-2,0,-1,-3,-1,-1,1
,-2,-1,-1,-2,1,1,1,0
,-1,1,0,0,0,0,0,-3
,-2,1,-1,1,-2,-1,-1,1
,0,-1,0,0,0,-1,1,0
,0,-1,-3,1,-1,-1,-1,0
,2,0,0,1,-1,0,-1,0
,-1,-1,-1,0,1,-1,1,0
,2,0,-2,-1,0,-1,-1,-1
,2,-1,-1,0,2,0,-2,0
,-2,0,-1,-2,0,-2,1,-2
,-2,-2,1,-1,1,0,0,-1
,0,0,0,1,1,0,0,0
,-1,-5,1,1,1,0,-1,-3
,2,10,0,4,-2,0,0,3
,1,-2,-1,-2,-5,-2,1,-2
,-4,0,-1,-3,2,0,0,2
,0,0,-2,0,7,0,-1,-2
,-1,-3,0,0,-10,-1,-2,-3
,0,-1,0,-2,-1,-1,-2,2
,0,0,0,3,5,0,-1,-1
,0,1,-1,0,-8,1,-2,-3
,-2,-2,-3,-2,2,0,5,6
,0,2,0,-3,-14,0,-3,1
,-1,-4,-3,0,2,-1,0,-2
,0,0,1,0,1,0,-1,1
,0,-2,1,1,3,1,1,-1
,-2,-2,-1,-2,6,1,1,-2
,-1,-2,-1,-1,-14,-1,0,0
,1,2,2,4,3,0,1,0
,0,0,0,-1,1,0,0,1
,0,-1,1,1,2,1,2,-1
,-1,1,0,-1,1,2,0,-1
,-1,0,-1,-2,-3,1,-1,-1
,-1,0,-2,-3,-4,0,-3,-2
,0,1,-1,-1,4,-1,-2,-1
,-1,-5,1,2,-2,-1,0,-1
,2,7,0,-3,-4,-2,-1,3
,-2,-2,0,0,3,2,-1,-4
,0,0,2,1,0,0,0,2
,-2,0,-1,0,-1,-2,2,-2
,-3,-2,-2,-1,-1,-1,0,-3
,1,-1,0,1,2,0,-1,2
,1,0,0,2,0,-2,-1,-1
,-1,2,-1,-3,-1,-1,-2,1
,-2,-2,-1,0,2,-1,0,1
,0,0,0,0,0,1,0,-2
,-1,-2,-1,-1,0,3,1,-3
,1,1,1,0,4,-2,0,1
,-2,-2,-1,-1,-3,1,2,2
,-2,-1,-2,-1,0,-3,-4,-2
,1,0,-1,-2,0,-1,-2,1
,2,0,0,0,1,2,1,-2
,1,2,1,0,0,-1,0,-2
,0,-2,2,2,-3,-3,0,1
,-2,-5,-1,-1,-1,0,-1,-1
,1,8,0,1,0,-1,-1,-1
,-1,-3,0,-3,0,-1,1,-2
,0,0,-1,-1,3,1,0,0
,1,2,-2,2,-3,-3,1,0
,0,-2,-2,-1,-1,0,-1,-1
,1,-1,0,-1,1,-2,-2,0
,-2,1,-1,-1,1,0,0,-2
,-2,0,-1,-1,1,2,1,-1
,0,-1,-1,-3,-1,0,1,0
,-1,-1,-2,-1,-2,0,-2,-3
,1,-2,-1,0,-3,1,1,1
,-1,1,-1,2,-1,-2,0,3
,1,-1,0,0,0,0,-1,-2
,-2,-2,-1,0,1,0,0,-2
,-1,-1,1,-1,-1,-2,0,0
,0,1,0,-1,-2,1,-3,-3
,0,-1,1,-1,-4,-1,-1,-1
,-1,0,0,0,2,-1,-1,0
,-1,-5,-4,-1,-2,0,0,0
,-2,2,-1,1,4,1,1,-2
,-2,-3,-1,-1,-6,-3,-2,-1
,-2,0,0,0,-2,1,0,1
,-1,1,-1,0,-1,0,-1,-2
,-1,-1,-1,-1,1,-1,1,0
,1,-1,-1,1,0,1,0,3
,-1,-2,-1,-2,-2,-1,0,-1
,2,2,0,0,0,0,0,0
,0,1,-1,-2,-1,-1,-1,1
,0,0,1,0,1,-1,2,-2
,0,0,0,0,-3,1,1,0
,-1,1,0,-2,-1,-1,-2,-2
,0,0,-1,1,3,1,-2,0
,0,-4,-1,1,0,0,-1,0
,1,-1,-2,1,1,1,-2,0
,0,0,0,0,0,-2,-1,-1
,3,0,-1,-2,0,1,1,3
,-1,-6,0,-3,-1,0,-1,0
,0,4,1,0,1,-2,0,-1
,-2,-1,-1,-1,0,-1,0,-2
,1,-1,0,0,-2,-1,-1,0
,0,0,-1,0,2,0,0,1
,0,-2,1,0,-1,-1,1,2
,-1,1,0,1,1,-1,-1,-1
,-1,-1,0,2,-2,0,-1,-1
,0,1,0,-1,-1,-1,0,1
,0,-3,-1,0,2,-2,0,-2
,0,-1,-1,0,-3,0,0,1
,-2,-2,-2,-2,-1,-1,1,-3
,-1,1,0,0,-2,-1,0,-2
,-1,-1,-2,-2,0,0,0,-1
,0,0,-1,1,2,0,-1,-2
,1,1,-2,0,-4,0,-3,4
,-1,1,1,-2,-1,0,-1,-1
,-2,-1,0,-1,-1,-1,0,-1
,-2,-3,-2,-1,0,-1,1,-2
,0,7,1,-1,1,-1,-1,-1
,-2,1,-3,0,1,1,0,0
,2,-1,0,-1,-3,0,-2,1
,1,1,0,0,-1,0,0,1
,-1,-4,0,0,-2,-2,0,-1
,-2,-1,-1,0,0,0,-1,1
,-1,1,0,1,-1,2,0,-1
,0,1,1,-4,0,0,0,1
,1,-2,0,1,-1,-1,0,-2
,0,1,0,-3,-3,0,-1,-2
,-1,-3,-3,-1,-1,0,0,1
,0,-1,-1,0,0,0,-2,1
,-2,-1,2,-1,0,-1,1,-2
,1,-3,-1,-1,-1,-2,1,-2
,0,3,1,-1,2,0,2,0
,0,-2,-1,-1,0,-2,-1,-5
,-2,-2,-1,0,1,-1,-1,0
,-1,-1,0,1,0,0,-1,2
,-2,-3,0,0,-2,-1,-2,-2
,-2,1,1,1,1,2,1,3
,1,3,-2,-2,-3,2,1,-1
,0,-3,0,1,2,-1,0,-1
,-1,0,-2,-1,1,-2,-2,-1
,-1,-1,-1,-4,-1,-2,-2,-1
,1,-1,0,1,0,-1,-2,0
,-2,0,0,1,1,-1,0,0
,0,0,0,-2,-1,0,-1,2
,2,2,1,-1,-1,-2,-3,-2
,0,-1,-1,-1,2,0,0,0
,2,0,-1,-1,1,-1,0,-1
,-1,1,-1,-1,-2,1,-2,-2
,-2,-3,-1,1,-1,-1,0,1
,0,-1,-1,0,1,0,1,-1
,0,1,2,0,1,0,-1,2
,-1,-4,-1,-1,1,0,1,-2
,2,1,0,0,1,0,2,-3
,-2,-1,-2,-2,-1,0,3,1
,-2,-3,0,-1,0,-2,-3,-1
,1,0,-2,-1,0,0,0,1
,-1,1,0,-1,0,-1,-1,0
,-1,-2,1,0,-1,-2,0,0
,1,2,-1,-2,-1,-3,-1,-2
,1,1,0,0,-2,0,0,-1
,0,0,-2,-1,-2,-2,0,2
,0,0,-1,1,0,0,-3,2
,-1,-2,-1,-1,0,-1,-1,0
,-1,0,-1,-1,1,-2,1,0
,0,-3,-2,0,-1,0,-1,-1
,-1,0,1,-1,-2,0,1,-5
,1,2,0,-1,-2,0,1,3
,-1,-2,1,-1,0,0,0,0
,0,-1,0,3,0,1,0,1
,1,-1,0,1,-1,-1,-3,-1
,2,0,-1,0,3,3,-1,-3
,-1,1,-2,-1,-5,-2,0,0
,0,1,0,-3,-1,1,2,1
,-1,1,-3,1,0,-1,-2,-2
,-2,0,-1,1,0,1,0,2
,-1,1,0,-1,3,1,0,0
,-1,0,0,-1,0,2,1,-1
,3,-1,0,-1,1,-2,-1,0
,2,4,1,2,2,-1,0,-3
,1,-1,-1,-1,0,0,-1,-1
,-3,-2,-1,0,-1,0,0,-4
,-2,-1,-1,-3,-2,-1,-1,2
,-2,-1,-2,1,-2,1,-1,0
,0,-2,1,0,0,-2,-1,1
,0,2,2,2,0,-1,-1,0
,-2,-2,-1,-1,-1,-1,-1,0
,1,0,1,0,-3,1,0,-3
,-1,0,-1,1,1,0,-1,0
,0,-2,0,0,-2,-1,-1,1
,1,0,1,1,1,0,1,-1
,-2,-2,-1,-1,-2,-3,-1,-1
,1,0,1,-1,-1,-1,-1,0
,-2,1,-1,0,1,0,1,0
,-1,-1,-1,1,0,1,0,0
,-2,-4,-1,-4,-1,-1,0,1
,-1,5,-1,2,1,-1,-1,0
,1,-2,-2,-1,-1,-1,-3,3
,0,1,-1,0,1,2,0,-1
,1,-1,0,1,-1,1,1,-1
,-2,-5,-1,0,-2,0,1,-1
,2,1,1,-1,-1,-1,-1,0
,1,-1,0,-1,-2,-3,-1,0
,1,1,1,-1,-1,-2,-1,0
,0,-1,0,-1,-1,1,0,1
,0,0,1,1,0,-1,0,-1
,-1,0,1,-2,0,0,0,1
,0,-1,-1,1,1,-1,-1,1
,1,0,-1,0,-2,-1,2,-1
,-1,-1,-2,-1,0,-1,0,-1
,1,0,-1,-2,0,-1,0,-2
,-1,0,0,1,1,0,-1,0
,0,2,1,-2,-1,0,0,-1
,-1,-5,0,0,-2,-1,-1,-3
,-1,7,1,1,1,0,0,-1
,0,-1,-1,-1,1,0,1,-2
,2,-3,-1,0,3,0,-2,1
,1,0,-2,-2,-2,0,0,1
,-1,-3,-1,-1,1,-2,-2,-1
,-1,1,-1,-1,-1,-1,1,0
,-2,-2,-1,1,0,0,3,-1
,-2,1,-2,-1,1,-1,0,1
,0,0,0,1,0,2,-1,-1
,1,0,-2,-1,1,-1,0,0
,-1,-2,-1,-1,-1,-2,-2,-3
,-1,-2,0,1,0,0,0,-1
,-1,-2,-1,0,-2,-1,-1,0
,-2,-2,-1,-2,-1,-1,-2,-2
,2,0,0,1,0,0,0,3
,3,-1,0,-1,1,1,-1,0
,1,-1,-1,0,1,-1,0,-2
,-1,0,-1,1,-1,2,1,2
,0,0,0,0,-2,0,-2,-1
,0,0,0,-1,0,1,0,-2
,-1,-1,-2,0,0,0,-1,-2
,-1,0,1,0,-2,0,-1,1
,0,-3,1,-1,-2,-1,-1,0
,1,1,-2,0,0,0,-1,-1
,0,-1,-1,-1,0,-1,-1,-1
,-1,-1,-2,0,0,1,0,-1
,0,0,0,-1,-3,1,-1,0
,-1,-1,-1,-1,0,-1,0,0
,-1,-2,-1,2,1,0,-2,2
,-1,-1,-1,-2,-3,-1,0,-3
,0,-1,-1,0,1,-1,-1,4
,-1,3,0,0,0,-2,-1,-1
,-3,-2,0,-1,0,-1,2,-1
,0,-3,-1,1,0,1,-1,1
,-1,0,-2,0,0,-1,1,-4
,0,-1,-2,-1,0,0,0,1
,1,3,-1,-1,-2,0,-1,0
,-1,-1,1,-2,2,-3,-1,-4
,0,1,-2,1,0,1,1,1
,0,-1,-1,-2,0,0,-1,2
,0,-3,0,-1,-4,-2,0,1
,2,1,-1,-1,-1,-1,1,-2
,-1,-1,1,0,1,0,0,-1
,0,-2,0,0,-1,0,1,-1
,3,0,0,-1,0,2,1,1
,-1,1,-1,0,0,0,0,4
,-1,-1,-1,0,-1,0,0,-3
,-1,-1,-1,1,0,0,-2,-1
,-2,-1,-1,0,-2,-2,-1,-2
,2,-4,1,-3,0,-1,1,2
,1,6,-2,-1,-1,-1,-2,-4
,0,0,1,-1,-2,1,-1,2
,0,0,0,-1,0,-1,-1,1
,-1,-1,0,1,0,-1,-2,1
,-1,-3,-1,-1,-1,-1,1,2
,0,0,-1,0,0,0,1,-3
,2,1,-1,-1,0,0,0,-2
,-3,-1,1,0,1,1,-1,0
,1,0,-2,0,-3,0,-1,0
,1,3,-1,-1,-1,1,0,1
,-4,-2,0,0,0,1,1,-2
,-1,2,-1,0,0,1,2,-4
,1,1,1,0,1,-2,0,-1
,-1,0,0,-1,1,-2,0,-1
,2,-1,-1,-1,-2,-1,-1,-2
,1,2,1,2,2,-1,-1,2
,-3,-2,1,-1,-1,0,-2,-2
,-1,-7,-2,-1,-2,-2,1,0
,-1,3,1,-1,1,0,1,3
,-2,-2,0,0,-3,1,-3,-2
,-1,0,0,-1,0,0,-3,2
,-1,-3,-1,-1,-1,-3,0,-1
,0,-3,-3,-1,-1,-1,-1,1
,0,0,-1,0,-1,-2,-1,-4
,0,-1,-2,0,0,-2,-1,1
,-1,1,-2,2,1,2,0,0
,0,2,-1,0,0,0,0,0
,1,3,0,-1,0,0,0,1
,-1,-3,0,-1,-1,0,1,3
,1,1,-1,-2,-2,0,-2,2
,-2,-1,1,0,0,0,-1,-2
,-3,-4,-2,-1,-1,0,1,-3
,0,-3,-2,0,1,1,1,-3
,0,-1,1,0,0,0,-1,-2
,0,0,0,1,-1,0,2,3
,1,4,-2,0,0,0,0,-4
,-2,-1,1,-1,0,-1,-1,2
,0,1,-2,-2,1,1,1,-3
,-2,-1,-1,0,0,1,-1,-1
,0,-2,-3,1,-1,-2,-1,1
,-1,0,-2,0,0,0,-1,0
,0,0,0,0,0,-2,-2,1
,0,0,0,1,-1,-1,-2,-1
,1,-1,0,-1,-1,0,1,2
,0,2,1,0,2,-1,1,-1
,-1,0,0,-1,-3,0,0,-1
,-1,-2,-2,0,1,0,-1,-2
,1,2,0,-1,1,1,0,2
,-2,0,2,1,-1,0,0,0
,0,-3,-1,-2,0,0,1,-1
,1,9,2,0,-1,-1,0,1
,1,0,-2,-1,0,0,-1,-2
,2,-1,-1,-1,1,-2,-1,0
,0,0,-1,1,0,-1,-2,1
,0,-6,-3,-2,-3,0,0,-3
,-1,0,1,1,0,-1,-1,4
,0,0,-2,-2,0,0,2,-1
,-1,-1,-1,1,1,0,-1,0
,0,-3,0,-1,1,-1,0,0
,2,0,-1,-2,-1,-2,0,-2
,-2,-1,-1,-1,-1,1,-1,-1
,2,2,1,1,-1,0,-2,0
,-1,-2,1,0,0,0,-1,-1
,-1,2,0,0,-1,-1,2,4
,-2,1,1,1,0,0,0,-1
,0,-2,1,0,-1,1,0,-3
,3,5,0,1,0,-2,-2,1
,0,-5,0,1,0,1,-1,-2
,0,1,-1,0,-2,1,0,0
,-1,2,-1,-1,1,-2,-1,0
,-1,-1,0,-2,-1,0,0,1
,-1,-1,-1,0,-1,0,-1,-2
,0,1,1,1,-1,-2,-1,3
,-1,-1,-1,-1,-3,-1,-1,-1
,1,-1,1,-1,-2,0,-2,2
,-1,3,0,-2,0,0,0,-2
,-1,-1,0,0,-1,1,1,-2
,0,-1,-2,0,0,-1,-1,1
,-1,-1,-2,-2,0,-2,-2,-2
,0,0,0,1,-2,-2,0,0
,1,-3,0,0,0,0,0,-1
,0,5,1,-2,0,0,-2,-1
,-3,-3,-1,-1,0,1,0,-3
,-1,-1,0,-2,0,3,-2,0
,0,0,-1,0,-1,-1,1,1
,0,-2,-1,-1,0,1,1,1
,-1,-1,-1,1,-1,-2,1,-2
,2,-1,-1,-2,0,-1,1,-1
,-2,-1,-1,0,1,-1,-1,-1
,-2,0,0,0,-1,0,2,0
,1,0,-1,0,1,0,2,2
,0,-1,-2,0,1,-2,-1,-1
,-1,-1,-2,-1,1,0,-2,-3
,0,-4,0,1,0,-1,-1,0
,-2,1,0,-1,-2,1,0,-2
,2,0,0,1,-1,-1,0,4
,0,1,-1,-2,-1,1,-1,-3
,1,0,-1,1,0,-1,-1,0
,-1,-3,1,0,1,-1,-1,2
,-1,2,1,0,0,1,-2,-2
,-1,-2,-2,-1,-1,-2,1,-1
,-1,-1,-2,0,1,0,1,0
,-1,1,-3,-2,0,0,0,-1
,-2,-2,-1,0,0,-2,0,0
,3,1,1,0,0,-1,-2,2
,-1,0,1,0,1,-1,1,-2
,-1,1,0,0,1,0,-2,-2
,0,-1,0,0,0,1,1,-1
,-1,-2,1,0,1,2,-2,-2
,0,-5,0,0,-1,0,-1,2
,1,-1,0,0,-1,-2,-1,-1
,1,-2,-1,-1,0,0,-2,-2
,-1,2,1,-1,0,-1,-1,1
,-2,-2,1,-1,-1,1,0,-1
,-1,-2,1,-1,-1,1,2,1
,0,-1,-2,0,-1,-2,2,0
,-1,2,-1,-1,0,0,-1,3
,-1,2,1,0,0,-1,-1,-1
,1,0,0,-1,-1,0,-1,-1
,-1,2,0,0,0,0,0,1
,0,-1,-2,0,-1,-1,0,-2
,0,0,0,-1,0,-1,-2,-1
,1,-2,2,-1,1,-1,-2,0
,-1,0,-1,0,-2,-2,1,-1
,0,-1,-1,0,0,0,2,0
,0,0,0,2,0,0,0,0
,1,0,-2,1,1,0,1,0
,-3,0,0,-2,-1,-1,-1,-3
,0,-6,0,-2,0,1,1,1
,-1,8,0,0,-1,0,0,-2
,-1,-1,-2,-2,-1,-1,-2,0
,0,-1,1,0,1,0,1,0
,-1,1,-1,2,0,-1,-1,-2
,-1,-1,-1,0,-1,-1,1,1
,0,-2,0,1,0,0,-1,-1
,-1,0,0,-2,-2,1,-1,1
,0,0,-1,0,0,1,-2,2
,0,-2,-2,0,-1,1,1,0
,0,1,-1,-1,-3,-1,1,0
,0,-3,-2,-3,-2,-1,1,0
,-1,-1,-1,-1,0,0,1,-3
,1,-2,1,0,0,0,-1,-1
,-1,0,0,0,-1,1,0,-1
,0,-1,0,-1,2,-1,-1,1
,0,1,1,0,0,1,1,1
,-1,-2,-2,-2,-4,-3,-1,-2
,-1,-1,0,-2,-1,0,0,0
,-2,-1,-1,0,1,-1,-3,-3
,2,3,0,-1,-1,-1,-1,2
,0,-2,-1,0,1,-1,-1,0
,-1,-1,0,1,-1,-1,0,-3
,-1,0,-1,0,-1,1,0,2
,-2,-3,-1,-1,-1,-1,1,-2
,1,2,-2,-3,0,1,2,0
,1,0,-1,-1,2,-2,0,-1
,-2,1,0,1,1,0,0,-3
,-1,-1,-1,-1,-1,-2,-1,-2
,-1,0,-1,-1,-1,-1,-2,-1
,-1,0,-2,0,-1,-1,-1,-1
,-1,-1,1,0,0,0,2,-2
,1,0,-1,0,-2,0,-1,3
,-2,-1,-1,-1,0,0,0,-16
,-4,-3,-4,-1,-2,-4,-10,0
,8,3,2,2,6,4,13,26
,-1,-2,-2,-2,-1,-1,-1,-6
,-1,-2,0,0,-2,-1,-1,0
,-1,0,1,1,-3,0,-2,-7
,0,0,0,1,-2,7,-5,-11
,0,1,-1,-1,-6,-7,2,6
,2,0,1,1,3,0,-2,-1
,0,-1,-1,-3,-1,1,3,1
,-1,-2,-3,-4,-3,-4,-5,-2
,-1,-6,1,5,1,2,4,0
,-1,0,-6,-3,0,-1,-1,1
,3,1,1,2,2,0,2,2
,-1,0,0,1,-1,-1,-3,-3
,-4,-2,-1,-1,2,0,-2,-6
,0,0,2,2,0,-1,2,3
,1,1,0,1,2,1,0,3
,1,2,-1,-1,0,-1,0,-1
,0,2,0,1,0,9,0,4
,-2,-3,0,-2,0,-10,-1,2
,-2,0,-1,0,-2,-12,1,-1
,-1,-1,2,1,-1,-20,-2,-6
,1,3,0,-1,-6,12,0,0
,1,0,3,8,15,8,-1,-2
,1,2,1,-8,-4,-1,12,1
,-8,-11,-9,0,2,-1,-5,-8
,2,5,-4,-1,1,-9,-7,2
,-3,2,6,2,-3,2,9,2
,22,-7,4,10,2,5,0,3
,-22,-22,23,-18,-1,0,-2,-4
,45,77,-18,12,-3,1,-1,6
,0,12,-13,-3,-2,1,-5,-3
,-11,34,14,-46,0,1,-2,-1
,-8,-42,-9,39,2,1,3,4
,-72,-120,4,45,-7,-9,-7,-24
,103,110,40,-21,-1,9,9,29
,-3,-49,2,28,5,-2,-4,0
,-9,-34,0,-24,-1,2,-2,-5
,-12,-17,3,-15,3,-1,2,0
,-24,-42,-23,15,-5,-5,-3,-5
,-16,-24,-4,-10,-3,3,-4,-6
,16,39,-1,2,-3,2,-2,6
,8,13,2,-1,3,-1,2,1
,-18,-17,-5,-6,-3,-2,-2,-9
,5,14,7,0,0,3,2,2
,-8,-1,-20,0,-1,1,0,-1
,18,17,3,-12,1,-1,1,4
,-37,-85,-11,-25,-1,0,-3,-5
,29,94,46,38,13,5,5,6
,15,-22,-8,-41,1,2,4,5
,37,91,9,-5,4,4,2,10
,-106,-102,-14,-61,-11,-9,-11,-34
,91,76,65,104,19,11,15,46
,-51,-102,-74,-103,-26,-10,-8,-18
,-7,-61,32,58,8,3,0,0
,-80,-84,30,-19,3,-3,-7,-14
,0,-39,-9,35,-16,-9,-7,-2
,18,5,23,35,13,8,6,8
,-33,-8,53,-94,-24,-7,-5,-9
,55,73,-128,8,-22,-9,-1,1
,-86,-103,40,23,8,1,-6,-20
,87,126,97,43,11,8,7,20
,-32,-60,-52,25,14,3,0,-10
,27,41,127,48,16,7,3,12
,-44,-87,-98,-128,-29,-10,-8,-20
,-2,-26,-79,19,7,1,0,1
,-5,-79,46,-11,2,0,2,7
,23,28,92,23,7,7,4,9
,6,47,65,52,5,-1,-4,-7
,-22,-36,-69,-28,-22,-8,-5,-8
,-19,-9,3,-2,12,1,-1,-6
,65,34,-27,-4,-6,7,9,26
,-39,-47,-47,-77,-22,-11,-9,-20
,-17,-2,127,24,18,5,2,3
,24,-26,45,67,2,-2,3,5
,-5,31,89,55,1,-3,-1,0
,21,22,-53,72,23,16,9,13
,-24,-81,-56,1,-8,-5,-3,-8
,48,125,5,35,15,11,10,21
,-35,-29,63,-38,-19,-16,-15,-17
,-22,-80,-108,-69,-12,-5,-3,-7
,9,45,35,-45,-30,-7,-3,0
,-23,-69,-68,-8,1,-3,-5,-10
,11,42,-5,67,12,4,4,8
,-2,-30,-29,75,26,9,2,-2
,-23,-60,-63,-47,-37,-17,-11,-19
,11,56,85,-4,-1,-1,2,-1
,0,-32,-55,18,4,-2,0,7
,8,32,69,-11,-10,-5,2,4
,41,60,-44,81,29,17,13,30
,-40,-83,20,-39,-28,-16,-15,-22
,7,11,28,-19,7,5,6,-1
,-5,19,19,-36,-17,-10,-10,-6
,-6,24,39,-11,3,0,-4,-31
,14,-2,-111,-3,6,7,4,-8
,-18,-21,25,44,-3,-5,11,59
,4,39,55,-48,-10,-5,-3,-3
,13,88,112,21,18,10,3,-2
,3,31,-122,15,4,2,-2,-3
,-9,84,88,-21,-37,-21,-19,-35
,6,5,-22,59,25,10,5,12
,-18,-33,9,97,-2,-6,-4,-7
,40,83,8,15,7,7,8,17
,-3,-97,-128,-5,6,8,3,0
,-12,-97,106,19,5,0,-1,-3
,3,31,5,-21,-9,-8,-2,-1
,-7,-22,92,-98,-27,-9,-9,2
,9,2,-45,-25,-5,-2,6,0
,-8,21,99,30,13,3,-4,-41
,-5,-2,55,13,13,4,14,15
,3,0,-29,-30,-6,-10,-9,76
,31,62,39,-2,5,9,-3,-29
,-27,1,-24,-81,-28,-17,-17,-32
,-1,-14,42,2,8,4,9,18
,-5,20,29,7,-6,-2,5,-14
,32,80,-22,61,30,14,-1,9
,36,42,-37,10,21,18,15,23
,-46,-40,73,-104,-32,-22,-17,-11
,27,94,8,49,20,11,16,-4
,-18,-43,-75,-16,2,3,2,-2
,17,31,-61,37,11,9,9,18
,37,60,-31,96,25,12,6,48
,-58,-13,57,6,-34,-20,-8,-119
,-13,-56,-85,-50,-11,-10,-19,79
,-1,-3,-59,49,-3,-1,16,-87
,54,36,-70,74,36,34,45,116
,-16,6,68,93,12,-1,-45,-72
,-35,-41,-38,9,0,-9,0,-62
,8,-19,-77,-53,-18,12,9,112
,28,41,-72,30,40,18,-7,-91
,-36,-55,8,-30,-22,-7,-18,-39
,-12,-53,-24,-78,-12,-6,-2,-92
,11,22,64,30,6,3,-2,24
,-9,-51,-17,-5,-11,-10,6,5
,7,-5,33,30,12,2,7,43
,-1,-7,22,38,-7,1,-9,-15
,-3,-3,95,-23,-10,-10,0,10
,-3,13,-30,-39,2,7,-4,-10
,55,63,-126,-3,8,2,9,11
,0,-35,-19,38,18,8,14,40
,-5,-17,-15,-31,-9,-6,-1,-17
,-9,-15,-38,18,1,-4,-16,-61
,-40,-59,-113,-98,-31,-16,-38,-31
,20,49,68,41,12,9,50,-9
,42,98,-95,-66,-7,8,37,76
,-29,-37,100,-28,-8,-20,-54,14
,5,10,74,-61,-2,2,32,-43
,11,31,-6,10,20,29,5,4
,-21,-62,61,60,-4,-17,-38,-28
,-6,-30,-6,8,-15,-2,-7,-24
,8,10,-34,8,-2,3,12,25
,18,14,75,-22,4,-1,-7,15
,-5,8,-57,-40,-1,5,9,-8
,-21,-71,58,-24,-15,-10,-8,-7
,18,10,12,56,27,8,7,38
,-11,21,-23,-29,-14,-9,1,-6
,2,38,-11,30,4,-2,-11,-1
,-11,-70,65,38,-8,-6,1,-20
,-7,-16,8,8,5,3,13,21
,-3,16,-7,37,5,1,-2,11
,-27,-60,-39,-67,-26,-17,-20,-29
,9,106,-11,-5,4,-1,-10,-58
,3,5,-15,24,9,13,17,-10
,9,-2,26,14,-3,15,20,88
,16,31,-29,75,25,-39,-38,-61
,27,102,38,16,9,37,11,-25
,-27,-119,127,10,-8,-20,-18,-54
,-15,13,60,-1,-10,-7,-20,-50
,9,6,-22,7,6,21,21,17
,-13,-51,24,-13,-3,-13,1,34
,14,22,-118,-11,13,10,-5,6
,-25,-96,-45,-77,-30,-8,-13,-7
,-13,-16,109,11,-9,-4,5,1
,24,99,69,66,16,1,12,7
,-25,-74,60,-43,-21,0,2,20
,-1,-1,41,40,2,-15,-2,0
,22,82,-53,19,16,11,-1,-19
,-87,-98,-10,-102,-41,-29,-18,-56
,21,83,-38,2,4,7,12,2
,19,62,-3,26,6,0,1,69
,2,-6,4,-24,0,7,18,33
,14,10,-17,46,-1,3,15,33
,1,-27,-79,-16,9,1,6,15
,-8,-8,-74,-38,-10,-6,-19,-65
,11,70,39,34,15,11,4,-6
,5,-86,-53,59,26,14,20,33
,-49,-74,-36,-50,-46,-30,-21,-9
,30,65,-46,39,23,5,6,1
,-31,-90,-92,-45,-19,-4,-5,-4
,10,18,-92,-8,-2,-4,0,-3
,19,68,48,15,15,9,2,14
,-10,-13,-15,-29,1,0,-2,-19
,-52,-74,127,-81,-41,-27,-25,-52
,35,78,6,34,23,25,-5,13
,-13,-68,78,27,-7,-15,41,81
,7,50,48,65,12,1,-27,-76
,30,65,-69,-53,4,13,22,72
,-1,33,-60,-88,-11,4,-1,-11
,6,-62,-43,42,12,11,8,0
,5,-5,-13,-11,7,-8,6,-7
,1,21,-32,-12,-1,6,-8,-21
,-37,-44,20,-77,-24,-15,-13,-15
,25,69,-120,20,16,14,7,15
,-14,-86,-103,-47,-24,-14,-3,-8
,-20,-76,-55,12,2,0,-8,-27
,6,5,33,-26,-13,-12,8,28
,11,42,114,13,5,1,-9,-27
,9,68,3,6,7,6,10,28
,18,21,127,86,11,5,3,9
,-10,-13,-88,3,-6,-8,-1,-15
,10,37,-30,22,13,4,-6,-12
,1,14,59,-20,-18,-3,-7,-6
,11,84,-77,5,-1,-2,5,16
,-7,-16,44,0,-6,-5,0,-2
,-1,59,65,32,3,-3,-1,5
,36,83,-16,32,25,15,-3,-4
,-44,-95,20,-57,-32,-21,-1,-8
,16,58,10,10,-1,2,-3,3
,9,20,-5,17,7,3,-6,3
,11,66,-26,2,4,3,18,21
,-1,-41,-2,44,26,12,0,-20
,16,108,-4,-29,-7,-6,-3,-4
,-42,-100,44,-115,-25,-13,-7,-10
,-5,7,34,9,-2,-5,-6,-14
,18,37,19,55,18,8,3,19
,9,28,-83,-43,-4,0,10,18
,9,-30,39,3,19,13,0,1
,-1,-45,-104,-31,9,6,5,10
,-17,-11,73,81,-6,-10,-7,-13
,-3,-72,100,18,24,6,9,4
,11,46,-60,-27,-40,-16,-10,-4
,-33,-51,34,-72,-26,-17,-9,-8
,48,127,-96,19,20,17,14,18
,-38,-113,-46,-9,-24,-16,-34,-45
,-12,-37,-97,-10,-4,-1,7,-14
,3,-39,46,-29,-11,-1,5,17
,1,33,11,-27,-5,-4,11,38
,38,127,-58,74,12,7,4,11
,-15,19,43,29,2,-3,-16,-28
,-11,12,9,48,2,1,-4,-15
,4,3,-26,-25,-4,0,-2,-10
,-3,-49,16,40,9,0,-1,-1
,15,20,54,55,18,7,8,19
,-27,-65,-7,-26,-17,-13,-4,-6
,11,-13,-2,47,11,7,0,-2
,10,29,-9,12,5,2,8,13
,-4,-9,59,4,-4,-2,-4,-2
,-4,-11,37,18,5,-1,0,9
,-5,-21,0,-39,-3,1,-6,-21
,4,28,43,49,-2,-1,5,8
,-10,-44,26,-21,2,0,-1,5
,2,36,41,-2,3,0,-1,-7
,14,47,-90,-31,2,3,1,3
,-33,-81,-109,-13,-8,-9,-8,-31
,20,62,-98,-16,14,6,-2,8
,18,19,33,2,12,13,-2,10
,-17,19,105,24,-9,-14,-7,17
,25,1,-49,71,30,20,18,16
,-34,-116,25,-21,-18,-7,-17,-35
,-8,47,-90,-7,-14,-10,-7,-17
,7,18,-65,-60,0,1,-5,-25
,-15,-14,-11,-52,-14,-7,-3,6
,17,2,-61,48,19,8,10,18
,4,-8,10,26,2,0,1,-2
,-4,-19,-52,13,-2,0,-2,-4
,-10,23,73,-55,-18,-9,-3,0
,18,110,-82,-20,-3,1,6,9
,-4,-48,34,31,2,5,2,9
,-31,-107,94,74,-12,-10,-7,-14
,4,41,-2,8,8,1,4,5
,7,46,19,7,0,2,-4,-18
,12,28,-63,10,6,4,0,33
,17,64,17,6,11,11,25,-3
,-40,-110,69,31,-12,-14,-37,-21
,-3,45,-42,-1,1,-1,7,9
,5,21,-27,31,5,1,5,-23
,-3,3,-27,-22,0,-3,-14,-26
,12,27,-6,6,3,6,14,59
,-3,-32,-25,-30,-4,1,-8,8
,-11,-35,60,2,1,-3,2,-12
,2,-11,-17,-47,-5,0,-8,-8
,6,23,-63,-5,-1,2,4,-11
,6,13,79,77,5,-1,-1,3
,-1,-23,-5,-40,-10,-3,2,6
,-6,-23,-48,-25,-10,-4,-1,8
,9,14,31,-23,4,2,3,-5
,-2,-41,59,14,6,2,4,5
,-37,-86,-44,-71,-16,-11,-11,-18
,12,30,37,23,5,4,5,13
,16,58,-62,-41,-6,3,3,1
,1,9,-25,5,4,1,1,-3
,8,27,-61,0,2,2,-1,6
,9,75,-44,-53,-5,-1,-4,-12
,-23,-102,106,15,7,3,7,20
,2,42,-102,-38,-12,-5,4,-10
,9,36,-53,35,4,2,0,6
,0,17,68,44,9,3,3,5
,8,26,-39,-23,-7,-3,6,4
,-2,17,-7,0,-5,-4,-6,19
,12,26,116,37,19,11,5,-6
,-3,-29,38,15,5,1,-2,-2
,10,17,48,39,6,4,7,-10
,-15,-45,25,-77,-16,-10,-10,-4
,0,-3,-32,48,7,2,5,10
,-5,-20,9,-20,-2,-2,-2,0
,1,17,3,22,3,-2,-2,-5
,2,-16,-40,-21,-7,-2,1,-2
,-21,-70,-11,-49,-11,-4,-9,-12
,4,-5,-41,-34,-5,-2,2,6
,-5,-3,-82,-10,-3,-2,-4,-13
,9,2,-52,28,14,6,11,25
,6,92,-24,-1,-11,-6,10,38
,-20,-98,61,-28,-2,-1,2,-14
,4,39,-128,-11,-19,-9,-23,-39
,3,-2,77,54,10,5,12,3
,9,44,40,1,6,2,14,-4
,12,69,-36,15,5,2,-1,24
,-4,-13,2,-1,4,-1,-3,-2
,6,25,21,8,-2,-1,6,22
,-3,-29,-6,0,1,0,-6,-16
,16,22,-33,12,10,6,5,-3
,-5,-7,93,27,4,-1,-8,-16
,-1,82,-28,-15,-13,-5,-2,14
,11,25,109,-7,6,4,5,10
,-22,-116,57,23,-12,-4,-8,-10
,-9,-12,102,-31,-7,-6,-4,-19
,-1,10,33,23,1,0,19,15
,26,67,-7,-24,4,6,-14,2
,-11,16,43,60,-2,-6,-6,-21
,-10,15,12,-13,-8,-5,-7,12
,6,0,64,15,3,4,6,-19
,9,-6,-20,3,9,7,13,8
,19,48,-112,36,8,6,8,8
,-31,-86,19,-70,-23,-15,-25,-21
,2,15,-84,-24,8,2,-13,-36
,-1,-2,-31,6,-7,-2,15,60
,-2,16,-3,-1,2,2,-4,-9
,14,34,-70,-20,-1,0,9,3
,0,-27,-72,-14,3,4,-15,-21
,-27,-49,-30,-9,-14,-14,-12,-24
,-3,-14,66,2,-2,-1,5,12
,10,13,19,31,9,5,9,14
,0,0,-54,-5,-5,-2,-2,7
,-3,-26,39,53,7,1,2,-9
,-2,44,38,19,0,-4,-6,-1
,6,11,-64,-31,-1,5,6,-5
,0,3,-4,37,3,0,-1,17
,1,9,2,-6,1,0,5,-11
,-17,-30,-74,-83,-17,-11,-23,-17
,3,-21,-19,29,6,3,7,11
,14,34,9,18,12,5,10,6
,-34,-91,63,-55,-14,-8,-4,-11
,10,6,16,27,11,7,8,4
,-2,5,11,-63,-10,-6,-4,-31
,5,-7,-21,-25,1,4,4,41
,8,24,-47,36,9,2,-7,-15
,-15,-21,-73,-84,-19,-6,9,4
,12,33,84,77,18,9,2,13
,-17,-72,74,-38,-18,-9,-8,-23
,-1,-12,47,-23,-6,-1,-4,1
,8,34,18,35,6,2,0,12
,0,-15,-87,-61,-4,0,3,9
,0,15,26,14,1,0,-4,-9
,10,48,31,13,4,3,2,5
,-7,-27,85,5,0,-4,-7,-13
,-17,-42,-14,-1,-12,-5,1,11
,-1,-13,83,23,3,1,12,-7
,4,19,-49,33,8,3,-8,-9
,10,38,49,-13,9,4,-5,15
,-1,-31,90,21,1,-1,9,16
,-9,-33,28,0,2,-3,-8,-13
,-4,-15,15,35,-2,-3,-4,-12
,1,-42,-114,-34,-3,1,4,-10
,7,65,-15,17,5,2,2,5
,1,31,14,0,-2,0,-4,-5
,-36,-110,-29,-55,-14,-11,-11,-15
,5,19,-34,27,7,5,7,8
,12,52,5,32,5,4,2,4
,-3,-31,33,-13,2,2,-4,3
,3,4,-4,-16,-6,-3,-5,-11
,-6,-34,-1,0,-6,-4,3,9
,0,-3,24,-4,7,1,5,11
,8,34,-39,43,0,1,-4,-6
,6,56,-18,24,0,1,2,3
,1,27,-53,-11,5,2,-2,-14
,-10,-33,-7,5,-8,-5,2,11
,3,9,-21,-21,-1,-3,-1,15
,13,77,-34,-28,-3,0,-9,0
,3,-10,-54,45,1,3,16,2
,-8,-48,-80,-31,0,-2,-14,-2
,1,19,5,-18,2,1,-6,-10
,-2,-13,-15,-62,-15,-4,8,4
,-14,-69,91,39,2,-2,-8,-12
,12,25,21,26,6,6,10,5
,-12,-10,49,-7,-6,-5,-6,-6
,3,-45,69,45,13,7,3,-2
,-2,7,27,-66,-8,-1,-6,-2
,7,27,31,57,8,3,5,10
,-10,-62,-6,-11,-4,-3,-4,-14
,-1,33,-14,-17,-8,-4,-2,3
,2,6,42,0,-3,-2,2,9
,14,66,31,-3,2,2,-1,-5
,8,56,-96,-28,-5,-1,2,-2
,-3,-24,-5,-39,2,1,0,0
,3,-2,28,25,2,-2,7,9
,9,56,7,29,7,1,-9,-6
,-16,-60,32,-24,-10,-5,-2,-7
,-1,-20,-38,5,3,2,4,0
,7,52,9,-4,6,2,-5,16
,-6,-31,26,0,-3,-2,-1,-17
,0,27,-30,-2,-4,-3,10,9
,-6,-26,-2,28,1,0,-6,4
,3,20,30,-13,-5,-1,2,1
,-5,-13,69,-29,-8,-3,-1,-6
,3,-3,-1,21,5,2,-1,0
,2,16,52,6,3,0,1,0
,-6,6,-17,29,2,-2,1,-7
,-7,9,-17,-22,-5,-3,-1,8
,-5,-38,0,4,-3,0,-2,-9
,11,26,-94,4,5,4,0,12
,-10,-31,-78,-9,-5,-3,-4,-8
,-4,-21,-11,10,4,1,-2,-8
,7,19,3,68,14,5,0,-12
,-15,-51,-82,-66,-20,-7,-3,9
,-1,-8,60,15,-4,-1,-12,-4
,4,30,-30,57,3,3,16,1
,2,46,42,17,-2,-2,-11,-23
,-9,-48,65,16,-2,-6,-9,15
,5,19,1,-2,1,1,13,16
,1,-10,-91,-53,-4,-2,-1,-17
,-1,-23,77,-20,3,2,6,7
,4,38,-33,59,6,1,-10,-19
,-9,-36,-62,-26,-6,-2,-3,-11
,-3,-18,70,11,1,-2,0,12
,6,-5,-50,0,-4,2,3,10
,14,66,-19,34,12,5,9,3
,-4,-23,60,-31,-7,-4,-5,-4
,2,15,-27,-2,-2,-1,2,-14
,0,13,-53,-19,-4,-3,-7,18
,2,-2,49,23,5,3,3,-7
,15,80,-51,-12,1,1,-4,-1
,-15,-83,73,35,4,-1,7,-2
,-4,1,36,-24,-1,-2,-4,15
,13,24,5,12,7,6,6,-14
,-13,-53,69,-13,3,1,1,9
,10,48,6,48,2,-1,-9,13
,-11,-49,43,-20,-1,0,10,-6
,5,16,-33,3,2,2,-4,-1
,6,5,-33,16,-2,0,14,10
,-1,10,-21,1,5,4,-4,-3
,12,38,10,-4,2,1,-3,0
,-21,-84,97,-17,-9,-8,5,4
,-1,-3,-93,-13,-3,-2,-7,-14
,-1,1,87,-20,-3,-1,-2,-3
,9,48,-7,9,1,0,2,10
,-1,49,60,61,4,-1,-5,-6
,1,-7,-42,-8,1,-1,1,-11
,2,12,-22,-6,-1,-2,5,17
,1,10,63,30,3,-1,-13,-5
,2,-10,54,43,4,0,6,7
,1,22,1,20,-2,-1,-2,-1
,-2,-3,-76,-31,-5,-3,-4,-5
,16,75,-128,13,1,5,4,1
,-21,-79,-67,-51,-1,-2,-1,-8
,-3,22,5,18,-5,-5,-2,-16
,2,-17,-49,-40,-3,1,0,16
,4,25,47,10,0,1,3,-2
,2,10,10,-62,-5,-1,1,0
,-7,-24,110,7,1,-1,-1,-5
,-4,-3,57,20,-7,-5,-6,1
,-1,-23,-61,-55,-4,1,2,-2
,-2,-35,14,5,0,0,0,-2
,-7,-22,-28,-7,-4,-2,0,3
,0,18,-23,18,7,3,-2,-3
,-9,-21,-46,33,-7,-4,0,-4
,11,-17,-1,3,6,4,2,3
,-7,-10,10,9,-7,-2,-6,-1
,12,-7,-5,64,8,6,10,16
,-17,-32,-63,-78,-14,-5,-6,-12
,10,55,7,12,-2,0,-2,0
,5,-7,18,-20,6,4,-3,3
,7,47,-37,-8,3,2,4,-5
,-10,-56,75,1,-5,-1,2,19
,-8,-14,57,30,2,1,-2,-13
,9,87,-59,-24,-5,-4,-2,14
,-2,-17,34,-3,-4,0,2,-6
,1,27,16,20,7,1,3,5
,-5,-23,41,19,-2,-2,-1,-3
,3,32,5,1,3,0,0,-8
,0,27,-74,-6,-4,-4,-3,6
,-4,-42,12,24,3,0,-1,-6
,9,50,-85,-39,1,2,3,11
,-14,-41,-71,-46,-12,-5,-3,-5
,-18,-54,-84,-27,-5,-3,-1,-12
,7,27,-71,35,10,1,1,-2
,2,36,-67,-44,-12,-2,-1,-2
,5,-35,-61,26,10,5,-3,9
,1,-9,10,-10,1,2,6,-3
,-6,-11,-30,-40,-9,-3,-1,-13
,7,42,-39,-6,0,-1,5,29
,-4,-47,26,-5,3,-1,-8,-14
,3,13,39,9,5,1,3,1
,-17,-70,23,-6,-3,-5,-7,-12
,6,32,-5,29,-1,0,3,-2
,8,18,-23,-7,-2,4,5,9
,-12,-48,70,6,-2,-5,-9,-10
,19,56,53,10,10,5,5,6
,-10,-35,-71,-24,-11,-8,-10,-17
,5,15,46,51,9,3,22,31
,11,48,-102,-32,-2,0,-3,-1
,-7,-42,-35,26,9,3,0,-1
,1,18,45,40,2,-1,-6,-5
,5,42,127,-13,2,2,-2,-5
,0,38,-60,-10,-6,-3,0,-3
,-9,-6,52,-40,-6,-4,-5,-1
,-6,-39,-45,9,-4,0,7,-7
,-3,3,-89,-49,-16,-8,-3,8
,-8,-83,68,2,7,2,6,-8
,12,25,-2,-2,-2,2,-6,7
,4,27,18,34,6,4,6,-22
,-8,-10,-58,-15,-6,-5,-14,0
,0,10,13,-16,-2,-1,4,13
,11,59,-67,-9,-3,-1,6,0
,0,-19,52,-9,5,4,-3,16
,9,26,41,58,8,5,6,-14
,-9,-27,-21,22,2,-2,-12,-11
,2,5,73,98,7,2,6,14
,2,47,-106,-38,-16,-6,-3,9
,-8,-64,0,-36,1,1,-6,-10
,0,-2,41,-54,-1,-1,1,1
,9,19,-24,-15,5,2,3,-1
,-8,-38,-32,76,7,-2,-5,-3
,-10,-35,103,105,-1,-4,-1,0
,9,21,3,73,10,3,1,2
,9,37,-4,-33,-2,-1,0,1
,-15,-72,-3,-25,3,0,-3,2
,7,14,-65,-29,1,4,4,1
,-2,5,1,-6,-4,0,-2,0
,8,68,25,10,5,3,-5,-4
,-18,-67,82,-40,-7,-4,5,9
,5,41,19,-9,1,2,4,2
,6,27,62,11,4,3,-2,5
,-34,-126,25,-74,-29,-12,-7,-23
,3,34,-67,-37,-3,-1,-2,4
,5,30,-55,1,8,3,4,3
,3,20,-28,-38,-3,0,-3,-4
,-13,-59,-38,9,-5,-3,-4,-3
,9,34,86,-1,9,1,4,2
,5,7,-4,-2,-2,2,1,8
,1,9,21,-11,2,-1,-4,-5
,4,5,-10,56,14,6,3,4
,12,67,-53,-99,-19,-5,-5,1
,0,-38,26,112,23,4,1,1
,1,19,-47,8,-13,-2,-1,-4
,20,65,-30,31,21,9,6,12
,-17,-62,-31,-73,-23,-8,-4,-7
,1,17,9,46,3,1,2,-4
,-1,-21,-24,5,-1,-1,1,4
,-14,-85,-101,0,3,1,1,0
,17,43,37,7,15,7,2,-2
,-8,-6,32,-27,-9,-5,-3,-5
,-2,-17,46,-5,1,3,0,-1
,2,36,63,13,-2,-2,-2,1
,-6,-54,54,10,4,-2,-3,-5
,-7,-26,-16,-32,-9,-3,2,-2
,15,65,13,47,11,1,4,5
,-24,-68,18,-76,-25,-12,-7,-8
,-3,0,53,73,-3,0,1,3
,13,35,-76,9,3,3,0,1
,-16,-60,60,-5,-7,-4,-4,5
,-6,-6,-17,29,-12,-6,-1,0
,10,26,25,36,11,5,3,1
,3,68,-4,-20,-10,-5,-7,-5
,0,-2,32,37,2,2,2,8
,4,55,-70,-51,-7,-3,-7,-10
,3,6,33,-32,6,1,1,5
,-3,8,-53,-57,-16,-9,-3,-3
,-9,-22,-8,-22,-6,-3,-4,-11
,5,35,4,19,9,3,4,9
,-1,-37,0,43,6,3,-5,-13
,-4,-30,127,61,7,0,0,6
,5,34,-26,-60,-3,1,3,4
,-7,-61,-11,-34,-7,-3,1,6
,-11,-11,-93,-68,-7,-3,-2,-14
,-9,-33,11,8,0,-1,-9,-7
,12,-22,-24,77,5,3,11,8
,-6,-3,71,31,5,-2,-12,5
,3,9,-31,-17,-1,-1,2,4
,-2,-8,-20,-48,-2,1,2,-2
,28,110,40,66,16,6,-1,-1
,-27,-81,119,-42,-3,-4,-3,-18
,2,31,-58,-29,-5,-1,4,10
,3,27,34,36,5,2,-3,0
,-2,-4,-41,-18,-3,1,0,-2
,20,37,5,16,1,3,2,-1
,-4,-23,78,20,2,0,-2,7
,-4,-2,-41,-28,-3,-2,1,-1
,-3,41,-122,-70,-13,-6,-3,0
,-10,-49,18,-3,-1,-1,-3,-9
,7,46,9,92,12,3,0,0
,9,9,-52,-31,-2,3,7,11
,-20,-52,-61,-87,-16,-11,-6,-19
,14,43,-53,-3,4,2,-5,15
,17,51,52,44,9,5,9,10
,-13,-68,16,46,12,3,0,-14
,-19,-73,8,-83,-21,-8,-6,0
,7,13,14,30,6,3,6,-4
,-4,-40,-46,9,1,0,-7,-5
,2,21,61,29,4,0,3,4
,-16,-27,-55,-57,-16,-8,-1,3
,-1,-40,-13,34,6,6,5,9
,5,47,91,-77,-5,-1,-4,-4
,-19,-67,49,-106,-22,-10,-5,-10
,7,25,26,51,12,3,-1,-2
,10,49,-94,-55,3,2,3,2
,-5,-25,73,16,-5,-2,-2,8
,3,1,-37,17,5,-1,-4,-12
,8,28,-48,-30,-3,3,7,2
,-12,-3,89,14,-8,-5,-11,-20
,2,4,-20,-31,-5,0,17,50
,2,6,-14,-48,3,1,-4,-4
,-2,-30,-2,54,10,1,1,3
,4,43,90,27,1,-1,-5,-12
,-3,-18,-86,17,0,-1,2,-15
,-11,10,-18,-66,-29,-14,-5,-1
,5,48,86,9,9,3,1,1
,7,44,-26,30,5,2,5,6
,19,55,-94,41,3,-1,-4,-5
,-9,2,-116,6,-3,1,3,7
,-4,9,89,91,14,0,-5,-8
,14,49,-83,-24,3,0,3,6
,-7,-33,47,44,6,-1,-4,-3
,18,40,79,42,18,7,7,13
,-2,38,64,22,-6,-4,-7,5
,-4,-36,101,85,15,5,4,1
,7,11,-26,12,0,0,-5,-19
,3,16,-58,-6,-4,-1,0,6
,-17,-75,-75,-54,-8,-2,4,24
,7,27,51,-18,-4,0,0,0
,8,-5,48,43,9,6,-3,-11
,-44,-122,32,-9,-13,-11,-13,-30
,18,47,-62,-24,4,3,3,-3
,9,3,-96,-93,0,4,7,13
,-3,24,-48,3,-2,-5,-1,-8
,0,-35,-7,7,9,4,5,11
,5,4,31,38,1,2,-3,-3
,-5,-12,-91,-9,1,-3,0,-2
,-26,-64,115,-29,-9,-7,-5,-10
,5,-12,47,7,3,1,2,0
,-10,-34,-10,-51,-7,-3,-9,-4
,0,13,-74,9,1,-1,7,3
,6,32,-8,-25,-3,0,1,0
,2,5,-53,15,0,1,-2,0
,-3,-24,-12,-62,-4,-1,-2,-7
,4,14,-17,-17,-1,1,4,-3
,-27,-95,-128,-56,-11,-5,-3,-2
,5,31,41,-4,3,1,5,4
,14,35,49,58,13,3,-2,-4
,-11,-26,0,-55,-15,-8,0,-3
,4,-3,116,18,8,5,1,-4
,0,-13,-40,-14,-4,-5,-4,0
,0,-11,-2,-10,-2,-1,1,-1
,-12,-54,94,-10,-5,-2,-4,0
,11,103,55,-17,-2,3,4,4
,8,-1,33,43,6,1,-7,6
,-6,3,-53,-41,-10,-4,1,-2
,12,51,-7,37,10,4,3,6
,-14,1,-60,-52,-28,-9,-5,-11
,9,40,1,1,1,5,4,9
,-14,-76,57,14,2,-1,-1,-7
,7,16,9,47,6,2,-1,2
,1,32,33,-13,1,0,1,4
,7,7,16,39,15,6,7,4
,-8,2,44,44,5,-1,-10,-21
,-31,-77,7,-106,-31,-13,-7,0
,9,45,-94,11,7,3,2,8
,4,17,87,-66,-4,-1,-1,-6
,8,22,-100,53,7,2,6,12
,17,36,93,52,9,5,0,3
,-16,-58,76,19,-1,-7,-13,-12
,9,50,61,-61,-5,3,9,0
,-2,-11,-5,-69,-9,-1,0,2
,0,3,48,0,-5,0,-1,-6
,-4,-32,-43,3,1,-2,1,8
,0,-18,0,40,5,1,-4,-3
,3,13,14,27,-2,-1,3,-6
,1,1,-62,-10,-3,-2,2,6
,10,4,1,-22,7,4,3,5
,12,33,35,102,18,7,2,1
,-34,-94,-49,-23,-6,-4,-11,-11
,-6,33,-6,-13,5,1,3,14
,6,8,-9,33,5,1,2,-11
,8,57,-77,26,4,1,6,20
,0,-29,-19,-47,-11,-4,-4,-7
,-4,-24,-44,24,-9,-6,-7,-12
,-3,-5,11,4,1,-1,0,1
,-5,-33,-71,-4,-1,-2,-3,-7
,7,32,55,31,0,0,2,3
,-1,16,-1,-14,-1,-1,-3,-7
,3,12,41,-15,-3,2,3,1
,-8,-23,36,-12,3,-1,-6,-6
,2,-14,-68,-4,-5,-1,0,4
,3,3,-9,17,3,3,4,1
,1,16,-24,-20,-3,-1,4,0
,-15,-42,100,-20,-13,-6,-4,-5
,3,-1,88,29,16,5,3,5
,-16,-76,-72,70,-21,-9,-7,-25
,4,-7,40,-17,5,4,6,21
,5,26,-22,-19,-3,-3,-1,5
,7,28,5,19,7,1,-2,-10
,10,59,-29,18,1,2,4,13
,-9,-44,56,55,3,-4,-7,-12
,-2,9,-128,-26,-9,-4,-1,-5
,4,-24,85,-20,-3,0,4,15
,4,32,63,-41,5,1,2,-5
,-6,-14,25,70,2,-2,-16,-5
,9,36,-50,-26,-2,0,3,4
,3,11,63,6,4,0,4,-3
,-6,-16,19,-2,7,-1,-1,-2
,5,2,-28,-6,-1,2,6,6
,2,7,-74,-2,-4,1,-4,-9
,-3,6,31,78,6,1,-1,-1
,4,11,10,-24,-2,0,1,-5
,-4,5,22,-30,-8,-4,2,13
,-2,-33,-36,8,-1,-3,0,-11
,9,66,-119,-62,-12,2,-5,2
,-7,-20,82,67,9,0,2,6
,3,21,-69,-15,3,1,6,-12
,-3,7,56,6,-1,1,5,2
,2,27,-28,43,-2,-1,-9,-2
,-2,-21,-44,-21,-6,0,-3,-11
,1,7,14,2,5,0,-1,5
,3,-10,4,-4,3,1,3,10
,-2,22,13,1,-6,-2,1,2
,10,60,-54,24,11,4,-2,3
,-15,-67,-4,33,3,-2,-2,-4
,2,20,19,3,-2,-1,-3,-4
,-1,-3,-41,-5,2,0,2,0
,-2,-7,-21,9,-3,-1,3,0
,7,14,7,-30,0,2,-4,-9
,1,34,54,59,-3,-1,12,24
,-4,-40,-12,-37,3,2,-2,-4
,14,81,54,-19,-6,0,1,9
,-18,-43,28,-20,-9,-5,-1,-2
,-3,-3,14,2,2,1,-5,-7
,6,10,-34,17,6,0,5,18
,21,51,109,16,11,6,9,2
,-13,-26,0,22,1,-3,-13,-10
,2,2,17,-67,0,2,-10,-1
,-2,-19,25,19,2,-2,4,1
,1,-16,11,3,3,1,-3,1
,15,11,-128,49,8,4,9,1
,-2,8,87,-31,-3,0,-2,3
,-18,-71,-3,-59,-13,-5,-4,-15
,-2,-9,14,15,1,1,-1,6
,17,79,-55,-18,-6,1,0,3
,-8,6,-7,6,-1,-2,6,20
,10,57,6,0,2,1,3,2
,-8,-61,-1,3,0,2,-1,-6
,2,15,24,-10,-3,-2,-7,-10
,1,-4,-2,34,1,-2,-3,-7
,-1,-13,50,24,1,1,7,5
,0,-3,-29,-31,0,-2,-6,-5
,5,-10,-19,-11,-1,2,0,-1
,-18,-58,82,11,-11,-9,-8,-18
,4,9,-40,-13,1,2,4,6
,-5,-21,-79,-29,-4,-3,0,-2
,5,10,35,17,0,2,-11,-6
,-9,-13,-3,-71,-12,-6,6,-2
,2,-14,17,-11,0,0,1,2
,-8,-22,56,40,0,-2,-3,-1
,-5,10,-2,-20,-3,-2,1,10
,8,29,-93,29,3,3,-3,-13
,1,4,35,27,0,-1,0,7
,-4,8,60,15,-1,-2,-2,-1
,-7,-20,-23,-22,-7,-3,4,6
,5,11,9,40,-2,0,-5,-15
,0,-10,30,35,5,1,2,10
,0,-8,-31,-22,-4,-3,-3,-2
,0,13,-20,6,3,1,8,8
,3,8,79,-1,8,3,-5,-10
,-8,-15,-71,-21,-6,-7,-10,-19
,3,15,37,-71,-10,1,7,7
,-4,-52,64,29,8,2,3,6
,3,11,-48,7,-1,-2,-2,2
,6,55,89,-12,0,3,-3,-2
,-10,-29,49,46,3,-2,-5,-9
,4,17,-9,-35,7,3,6,-2
,-10,-50,-66,25,-12,-6,1,5
,-12,-41,-94,-51,0,-3,-6,-11
,5,32,24,22,3,2,9,16
,-1,26,39,-9,-9,-1,-4,-5
,-5,-70,-1,3,5,3,-2,2
,8,38,-67,-14,-2,0,-1,0
,0,21,5,-9,-2,0,-10,-31
,-13,-48,-84,-78,-3,-5,2,4
,10,37,-58,51,6,0,3,12
,5,15,23,53,-10,-1,0,0
,-1,-28,-86,-43,-5,1,3,-1
,-2,4,30,42,1,-5,-10,-9
,4,42,30,-44,3,1,6,-13
,-8,-62,-30,-21,2,-2,-1,9
,7,50,-58,-22,-7,-5,3,9
,-1,-31,-46,14,1,4,11,7
,-10,10,63,-52,-8,-2,-7,-12
,9,28,24,-26,-1,-2,-1,4
,2,8,-11,-15,4,1,1,6
,6,-4,65,29,9,2,0,-2
,-15,-73,-94,-35,-5,-4,-7,-7
,1,15,66,69,7,2,4,-8
,-2,-26,27,46,3,1,-2,3
,7,46,1,-2,-8,-2,-1,4
,7,16,9,9,2,1,3,6
,0,4,-34,14,4,1,-4,-7
,-10,-21,60,21,5,1,-5,-7
,-15,-76,-83,3,-8,-5,-6,-7
,-1,-5,74,5,3,4,11,-2
,6,21,-22,24,2,2,4,11
,3,-9,33,11,0,-1,-14,27
,1,35,-67,-11,-3,0,-2,-8
,10,47,24,-70,0,0,0,-1
,-18,-98,25,-67,-5,-2,1,-8
,1,5,-27,26,-2,-2,2,-3
,12,63,12,8,2,3,1,-2
,-11,-37,-67,22,-3,-4,-5,0
,1,44,-16,-14,5,1,-1,4
,-2,-45,18,8,-3,-2,1,-4
,-5,-29,17,-20,1,-1,1,-2
,10,33,-13,12,3,2,2,2
,4,19,-30,1,2,1,-4,1
,-18,-58,-97,-24,-5,-5,-4,-14
,8,32,50,1,2,0,5,4
,9,27,15,19,4,2,-2,5
,-15,-71,27,59,-1,-5,-1,-8
,5,24,-88,-57,-6,1,3,3
,3,40,14,29,-3,-4,-5,0
,-5,-19,13,29,3,-1,4,10
,-8,-11,-36,-49,-5,-2,0,-3
,10,42,31,30,10,5,0,-8
,-7,-16,43,-18,-5,-2,-2,-6
,-4,-1,-47,-15,0,1,-3,3
,11,58,-12,0,3,2,2,5
,-18,-77,101,28,3,-2,-3,1
,-8,26,-14,-8,-9,-5,-2,-14
,6,31,38,-28,2,0,-15,-3
,2,17,88,22,1,0,4,11
,8,26,-111,38,0,-1,1,7
,6,-17,-18,-8,4,2,0,5
,-9,-36,2,-41,-6,-2,4,-8
,-7,-2,91,14,-2,-5,-3,-2
,-1,-2,-34,6,-3,-2,-5,-4
,2,0,86,-14,1,0,6,1
,-5,-19,-2,10,5,2,-2,-1
,6,27,19,1,4,0,-3,4
,1,-20,-24,-29,-4,-2,4,0
,-10,-41,23,-16,-8,0,-2,-10
,12,34,19,39,7,3,3,3
,-5,1,-47,-13,-6,-2,-2,-8
,4,56,105,7,5,0,0,-1
,4,-1,-28,-10,-1,-1,-2,13
,-5,0,18,5,4,1,3,0
,9,21,-37,-32,-3,1,0,-1
,-1,11,23,-37,-3,-1,0,-3
,2,-30,19,72,6,3,0,4
,-11,-28,8,15,-7,-4,-1,-2
,-1,-4,-22,-54,-10,-3,0,-12
,-5,-5,95,-3,-2,-4,-3,10
,3,24,35,-24,-1,0,1,0
,7,7,-66,5,-1,-1,-1,0
,4,25,-20,18,2,4,2,1
,-12,-50,47,28,2,-1,-1,-7
,-2,-21,-90,-68,0,-2,5,12
,5,31,-9,-67,-5,0,-1,1
,0,-12,-20,0,2,0,1,-7
,2,14,-32,-2,0,2,0,0
,0,12,33,16,2,-1,-2,0
,6,27,52,35,3,0,5,2
,-16,-102,-37,39,2,-1,-5,-9
,6,12,-46,-9,-1,1,1,-6
,1,29,32,79,5,0,7,5
,-8,-18,46,32,0,-4,-19,-5
,-4,-18,-54,-33,-6,-1,4,-1
,5,17,-64,20,6,3,2,2
,1,13,-95,-13,1,2,-1,-5
,0,-2,-15,30,3,0,5,3
,5,39,-1,20,2,1,-2,13
,-5,-5,-18,-16,1,-1,0,-13
,7,41,57,-22,-2,0,0,6
,-11,-72,60,3,1,0,5,4
,0,19,25,2,-1,-2,-6,-16
,1,14,-65,-7,1,1,1,21
,-10,-12,101,-48,-18,-7,-8,-20
,-5,-4,-39,15,-1,0,-2,4
,5,28,24,15,5,2,9,11
,0,-7,101,48,1,2,-5,-11
,4,50,-83,-33,-9,-4,-1,9
,-1,19,-21,-14,-4,0,3,-3
,1,32,7,43,2,0,5,-10
,-1,3,9,-104,-6,-3,-13,3
,6,4,22,34,10,3,5,4
,-3,9,22,0,-8,-2,1,-2
,6,30,-4,2,2,2,-3,5
,-3,-25,-4,-16,-7,-1,3,-2
,-2,-13,-40,2,1,0,-3,-2
,0,9,-76,-64,-5,-3,-5,-7
,0,-7,22,-12,-2,-1,4,0
,4,4,-27,4,-2,-1,2,4
,-8,-65,-60,-12,2,1,-4,-3
,9,30,20,36,-1,4,5,1
,-8,-69,45,38,12,4,-4,1
,-4,7,87,16,1,-1,-3,-7
,2,-3,28,19,1,-2,-3,-5
,8,-1,-47,-35,8,1,6,19
,-9,-11,-64,-5,-7,-3,0,2
,4,-13,-49,6,-1,1,2,-2
,-2,15,61,-12,3,1,0,-2
,0,10,32,28,2,-3,-6,-9
,-7,-87,-47,0,3,2,3,4
,-8,6,-5,-74,-9,-4,-5,-5
,2,30,-16,32,1,-3,3,6
,-3,-7,-44,7,0,1,6,-3
,23,111,-4,-21,-2,-2,-7,8
,-18,-73,-39,10,-4,-2,-2,-16
,-2,-9,22,-18,7,2,-1,3
,4,30,46,37,2,1,9,7
,7,53,88,-21,5,1,-3,3
,-4,-16,30,43,3,3,12,7
,3,22,-3,-15,-1,0,-5,-12
,-7,-35,59,-31,-3,-1,-8,-6
,-7,-15,-1,16,-1,-2,0,-7
,15,63,-26,-1,5,3,4,11
,-6,-62,54,48,-1,1,-2,-7
,-7,-19,-14,10,-2,-1,1,2
