,3,2,2,-2,-1,-8,19,8
,-3,1,1,10,13,-2,-19,0
,-14,-6,-6,-13,-13,0,1,-13
,-2,-2,-2,1,4,8,-18,-9
,-5,-4,-5,-4,-5,-14,21,4
,0,1,0,6,5,2,-57,-15
,-4,-4,-5,0,11,-11,-3,-12
,11,0,-1,-5,-8,18,-2,18
,-9,-1,-1,8,2,-11,15,0
,1,0,2,-4,-4,0,7,-3
,1,3,1,9,4,-4,-1,-2
,0,-2,0,-21,-14,-10,-1,-4
,8,3,2,15,9,0,-13,-1
,12,-1,-2,-11,-12,1,6,11
,-5,-1,0,6,7,-1,-17,-8
,-4,-3,-1,0,-11,-9,-6,-8
,12,3,-5,-8,1,-2,-10,12
,-5,-3,1,8,-5,-6,31,2
,-1,-1,0,-6,-4,8,37,6
,-2,1,0,-2,5,2,2,-9
,-7,-7,-5,-12,-13,-10,-15,-3
,1,1,2,-4,-5,0,-9,-4
,8,-2,-1,8,7,6,43,23
,-17,-6,-3,-5,-7,-22,-31,-26
,1,2,0,0,1,4,-15,-1
,-7,0,-1,-1,-1,0,17,-2
,-2,-2,1,1,3,0,-42,-8
,3,0,-1,0,0,-4,12,5
,2,-1,-4,-2,0,-1,-1,-5
,0,1,0,-5,-5,-3,10,10
,1,0,-3,4,-3,-8,-36,-12
,-1,-6,-3,-9,6,5,-3,4
,-1,-1,2,4,-2,1,-2,-6
,-5,-2,0,-3,-1,-2,4,-4
,-2,2,1,-9,-6,11,-7,-1
,4,2,-1,4,7,1,5,-2
,21,5,-1,4,3,0,12,27
,-26,-11,-3,-6,-3,-18,7,-22
,-1,1,-2,-9,-14,1,-5,-7
,-5,0,0,9,5,-2,-6,-3
,3,-1,0,4,1,0,11,5
,6,-1,-4,-5,8,3,4,5
,2,2,5,2,-2,-5,-31,-8
,7,1,2,5,6,12,1,8
,-4,0,1,-5,-8,-10,-11,-8
,-1,-1,-3,2,-1,0,8,0
,6,-2,-1,1,-1,-8,8,11
,-4,-2,-3,-8,1,-4,23,7
,-9,-3,1,1,2,6,6,-13
,9,1,-2,-3,-8,1,-24,16
,-4,-4,-5,-2,-1,-3,18,-2
,3,0,1,2,-4,-8,-13,5
,-8,-7,-6,-9,1,-20,-1,-4
,6,-1,0,6,1,17,21,10
,-15,-3,-3,-4,1,3,22,-7
,-10,-4,-4,9,2,-5,-47,-22
,0,1,1,-2,-3,1,7,3
,1,1,-2,-13,-14,0,-10,-8
,1,-2,-1,11,14,2,-11,2
,4,1,-2,-7,-6,5,24,2
,1,-2,-3,-13,-9,-4,-24,0
,-8,-4,-1,6,0,-5,14,-5
,-1,1,1,4,8,2,6,2
,-5,-3,-3,-4,-12,1,12,-9
,1,2,-1,8,7,2,-23,-3
,-2,-3,-2,-3,-4,-1,4,0
,-3,-5,-3,-14,-19,-10,38,0
,5,0,2,7,5,-5,-40,-3
,-3,0,-2,10,5,-3,1,-5
,-2,2,5,5,-3,3,-2,-2
,-5,-1,-1,-8,-4,5,6,-2
,2,0,-6,-4,-4,-2,2,7
,-2,-3,-4,-8,-6,4,-16,-8
,0,-1,3,8,7,-2,6,-6
,1,-3,-3,4,0,-14,-26,5
,0,-4,-1,-1,6,6,32,13
,-5,-4,-3,-2,-12,-11,-17,-12
,3,2,-2,-3,-2,4,-8,-3
,0,-3,-6,-4,-1,-7,11,0
,1,2,-2,3,1,27,14,-2
,-5,0,0,0,-4,0,-18,2
,-4,-2,-2,-5,-1,3,0,-4
,-2,2,-1,0,3,10,3,1
,-3,0,-2,1,-1,-6,0,-1
,-2,-1,3,9,12,-2,9,-6
,-3,-4,-2,7,6,2,-15,-2
,-1,-4,0,5,1,18,-5,-2
,1,-1,0,-17,-11,2,21,7
,-3,1,2,2,1,-5,15,5
,1,-2,-3,3,3,-9,-33,-9
,-1,-1,-1,4,6,6,2,-6
,1,0,4,6,-1,-10,1,13
,-18,-5,-5,-4,-7,5,-18,-30
,4,-4,-4,-16,-6,-5,-28,11
,1,0,-2,-6,-8,-5,30,3
,1,-2,0,4,3,0,-20,-2
,4,0,-3,-4,-2,1,17,5
,9,3,1,-1,2,-7,-11,2
,-5,-4,-1,3,-1,-2,3,0
,-4,-6,-6,-7,-1,-5,-5,0
,-4,-2,2,1,-3,4,15,0
,-6,-4,-5,-6,0,2,4,-4
,4,1,-2,-3,0,-4,11,0
,-2,-1,-2,2,3,-3,-4,1
,0,-1,0,-14,-13,4,15,5
,-3,1,2,6,12,4,8,-6
,1,-2,-2,-5,-12,-7,-15,-6
,-2,-3,0,5,-5,-10,8,-4
,6,-1,-4,-12,2,-6,-21,10
,7,3,9,2,-7,34,57,20
,-5,-4,-3,-7,-2,14,-34,-13
,-7,-3,-1,1,-1,-4,21,-12
,12,2,0,-3,-4,3,-7,15
,-16,-6,-5,2,-1,-8,37,-10
,2,2,1,-1,-7,-15,-55,-6
,1,2,2,4,5,11,5,0
,6,-1,-2,1,-1,0,4,2
,-5,-2,-7,-8,-3,-11,-9,-5
,0,-2,1,5,6,-2,17,0
,4,1,1,-9,-9,-10,-9,1
,-7,-3,-1,3,-2,2,25,-6
,1,0,-1,-7,-8,-17,-31,-5
,-8,-3,-4,4,1,3,13,-5
,1,2,-1,-4,6,7,-3,-2
,1,2,-1,2,-1,1,-17,0
,0,0,0,-1,-11,-6,9,0
,3,0,-3,-7,2,0,9,5
,-1,-2,-2,-3,-7,-6,-11,-1
,-1,0,6,-6,-1,-1,-15,-13
,0,-4,-5,0,-5,-5,-22,5
,-6,-2,-1,10,7,-2,-4,7
,3,-2,-2,-8,-9,1,31,-1
,-3,-4,-5,0,6,-1,4,-11
,15,3,2,1,2,-5,-16,16
,-9,-4,2,-2,-6,-8,-16,-7
,-2,0,-4,4,8,10,-15,-3
,0,0,-2,-3,-6,-8,37,10
,-3,2,-1,-5,-2,-5,-28,-26
,0,-2,-6,-6,3,-1,18,11
,-2,-1,0,12,8,-6,-14,-5
,4,2,0,-9,-8,2,9,14
,-3,-1,1,2,4,-7,13,5
,3,-1,-1,-3,0,7,-22,-18
,1,-2,-1,-2,-3,-2,5,10
,-6,-4,-5,11,4,-9,-17,-5
,0,1,1,-4,2,19,38,9
,14,8,7,6,-5,-1,-13,15
,-14,-6,-2,-4,0,-1,8,-24
,-8,-6,-1,8,1,1,-3,-14
,-7,-2,-5,-10,-7,-8,-17,-8
,10,1,1,0,5,2,9,10
,-3,-1,-3,-5,-5,0,-3,-7
,-2,-3,-3,6,4,0,-2,10
,0,0,-2,-4,-6,5,-2,-2
,-6,0,-2,-9,-1,-4,-1,-5
,-1,3,0,-11,-19,-16,-11,3
,-1,-2,-1,6,3,3,0,-4
,-5,-2,-2,-1,5,0,-5,-8
,1,-3,3,5,-6,-4,8,7
,0,-3,-4,-16,5,1,-9,-2
,1,0,0,6,-3,-4,3,-4
,1,-1,2,8,-2,-3,-16,3
,-5,-2,-5,-1,1,-3,-8,-11
,-1,-1,2,4,0,-3,36,9
,3,2,-2,-1,-1,1,-33,-5
,-3,-1,-3,-2,6,-7,8,-14
,15,3,1,-4,-9,3,29,16
,-8,-3,0,6,4,-1,-17,4
,-13,-4,-4,-11,0,4,15,-9
,3,-2,-1,9,3,1,-2,5
,-4,-2,-2,-13,-14,-9,4,-2
,4,3,2,3,0,5,13,6
,3,0,-5,-6,6,-2,-24,-6
,1,-5,1,-10,-8,-4,-1,2
,-8,-3,-4,-6,-4,-1,12,-7
,5,-1,3,15,1,-3,-17,3
,-2,-1,-3,-14,3,12,12,4
,0,1,0,4,-4,-3,-3,-11
,-5,-3,-2,-1,1,-6,-32,-10
,3,2,1,-1,-4,7,6,-4
,7,3,1,-3,-4,-3,-6,19
,-1,-1,-4,3,1,2,10,-2
,-2,-3,-2,5,5,5,-1,-9
,-6,-5,-6,-20,-16,-2,-6,0
,-10,-1,4,5,1,21,15,1
,-7,-7,-8,-11,-2,-12,-24,2
,-14,2,1,13,9,-5,-5,-27
,-3,-3,-3,-1,2,3,-17,-1
,8,1,-3,-5,-7,-9,-4,0
,-4,2,1,5,0,3,14,5
,8,2,4,-2,-4,7,-8,3
,-5,-7,-7,-4,1,-14,-8,-3
,-3,-5,1,5,1,-10,-10,-6
,-2,-3,-3,0,-6,2,-6,2
,4,2,3,-18,-24,-15,27,17
,5,3,6,9,15,4,11,-3
,-1,-1,0,3,-5,9,3,-3
,-1,-3,-6,-5,2,3,6,-9
,11,3,1,6,4,-5,1,21
,-6,-2,-5,-2,-6,2,5,-12
,-4,0,-1,0,-1,-13,-2,-10
,-4,-3,-2,-15,-6,-3,8,0
,-1,-1,-2,6,3,3,-8,-1
,1,2,-3,-2,-2,-10,-3,-2
,2,-1,-1,3,4,-1,5,4
,5,0,-1,-1,-4,-4,-28,2
,3,-4,-2,-2,3,-2,9,-1
,-7,-3,3,3,0,1,-23,-2
,-5,-4,0,-6,-6,-2,22,-5
,1,1,2,8,11,-3,-15,5
,-12,-5,-4,-9,-4,1,-13,-14
,7,3,3,11,4,3,-2,7
,-6,-4,-1,6,2,-9,1,-6
,4,0,-1,-19,-15,2,8,-1
,-1,4,0,6,13,-3,-13,0
,-4,-2,-4,-7,-15,3,2,6
,-4,-3,-3,3,3,-3,-8,-12
,-1,-2,-3,-9,1,-8,-5,2
,3,-1,-4,-2,-1,4,12,-3
,2,-1,-1,0,-4,-5,-19,1
,-2,3,5,6,0,3,23,1
,13,4,3,18,11,30,10,15
,-9,-3,3,3,-1,8,13,3
,-1,-4,-4,-1,6,3,-16,-8
,-4,-1,-1,-9,-4,-4,-13,-7
,3,2,1,-1,1,-11,10,0
,-4,0,-2,-3,-3,2,-5,1
,6,3,3,2,3,12,8,-2
,17,7,4,-2,0,0,9,37
,-33,-13,-10,8,2,-9,-53,-57
,-3,-3,-3,-15,-18,-5,-28,-9
,-1,-3,-4,-6,-2,-12,-4,-3
,6,2,0,4,4,5,4,10
,7,4,5,8,1,0,-7,15
,-3,-5,-7,-9,-5,-1,8,-4
,-2,-1,-1,-1,-3,-2,-5,-11
,-3,2,2,-3,3,-1,-26,2
,1,-2,-1,4,-3,-1,29,4
,-14,-3,-6,2,15,7,-8,-12
,3,2,5,-7,-14,10,13,5
,13,1,0,-1,-2,-4,-10,1
,-6,-3,4,2,-3,-7,3,-7
,-9,-6,-4,0,2,-4,-11,-6
,2,-3,-3,-1,8,0,23,6
,0,-2,-1,0,-5,-4,-10,-4
,-4,0,1,-6,-9,0,6,-2
,14,5,4,5,5,0,-6,13
,-1,3,0,2,3,5,18,1
,-15,-7,-6,-4,-8,-8,-8,-20
,5,-4,-7,-22,-8,-6,0,4
,0,-1,0,7,-8,-8,8,-5
,12,0,-1,-3,-5,-20,-17,16
,-2,-1,-4,-6,-1,-5,19,-4
,1,-2,-4,2,5,2,-9,12
,2,0,2,6,2,-11,-10,-14
,-8,-5,-3,-6,-3,-12,-13,-2
,-4,-7,-7,-5,-11,0,3,-7
,0,5,3,2,2,2,7,9
,0,-3,-2,1,-2,-8,3,-6
,-1,-1,-2,3,6,9,14,6
,-3,-3,-3,-13,-12,-4,-17,-3
,1,0,-1,3,1,3,22,0
,1,0,0,8,11,8,11,12
,-7,0,0,-8,-14,-8,12,-17
,0,-1,-5,-12,-6,5,-32,-2
,-5,-2,2,-1,2,-3,-16,-9
,-1,3,0,3,1,5,7,-4
,19,5,1,2,1,5,27,39
,-2,0,-5,-3,2,-8,-18,-4
,-1,-1,-1,8,1,-2,7,-4
,4,-1,0,-12,-6,1,-4,5
,-4,-2,2,8,5,1,-18,-9
,-5,-5,1,-2,0,9,18,7
,4,-1,-3,-1,3,0,2,1
,-1,-1,-1,-1,-5,2,-1,2
,-1,0,-3,0,2,-5,9,2
,-5,-3,-5,-5,-2,-5,8,-6
,0,1,2,6,7,-3,32,7
,-2,-1,0,-12,-22,-25,-11,-6
,-2,0,-1,2,5,23,0,1
,-2,-1,2,7,3,2,-2,-6
,-1,-4,-6,-8,-5,-4,0,3
,4,0,0,2,5,0,3,6
,-14,-1,0,-3,-6,-7,-7,-14
,-6,3,5,16,2,-2,1,-12
,2,0,-2,-9,-10,0,0,-2
,9,-3,-1,4,3,10,5,16
,-9,-4,-6,-4,-3,-8,-24,-17
,3,2,1,10,16,5,3,3
,-3,-1,1,-20,-22,-1,-1,-8
,1,2,1,14,16,2,35,17
,-7,-3,-1,-5,-10,-5,-16,-16
,2,-3,-3,-8,-8,-10,-11,8
,-2,-2,-1,0,-3,0,-21,-9
,-6,-2,-4,-2,-2,2,0,-8
,6,1,1,0,7,-3,2,6
,-3,-2,-3,-8,-5,4,15,4
,-1,-2,0,5,-2,-3,-5,4
,-9,-3,-3,-3,-2,6,-9,-10
,2,-1,-2,2,-1,-6,-7,0
,-1,-3,-2,-4,-5,-2,2,-3
,0,1,-4,-3,3,-2,-5,0
,-3,0,-1,-5,2,8,1,-5
,-3,-4,-2,9,-5,-4,-15,-10
,-1,2,2,12,10,0,20,3
,3,0,1,-11,-10,-5,-5,-5
,-3,-2,-2,-15,-10,-19,-37,-10
,-9,-1,0,2,4,5,26,-2
,6,2,-1,-2,3,3,-15,1
,0,1,3,17,11,0,14,4
,-5,-3,-8,-5,0,-6,6,-11
,-2,-3,-4,-19,-15,1,-17,2
,7,2,2,8,2,-2,21,9
,-10,-4,-5,-5,2,0,6,-8
,4,-3,-2,-4,-9,4,4,7
,-1,-1,-2,2,10,-3,-3,-2
,1,-2,0,-4,-5,2,-2,8
,-3,-1,1,2,1,-2,-7,-1
,0,-2,-1,10,6,1,37,3
,2,-1,-4,-10,-4,2,-17,-2
,-4,-1,4,-19,-19,-14,-13,-2
,-2,-3,-2,8,10,1,16,-2
,0,-2,-2,-13,-13,2,-22,-2
,3,0,0,6,8,3,12,-3
,9,3,-1,6,1,2,-18,5
,2,-1,1,-12,-7,-4,4,9
,-15,-6,-6,-8,5,-4,-25,-20
,-1,2,0,3,-2,3,-3,-2
,0,0,-1,-4,-6,-2,-11,1
,-1,1,0,7,5,0,0,0
,0,0,-1,5,2,0,-7,7
,-6,-2,0,-5,-1,-5,17,-10
,-1,-2,-4,3,4,-3,14,6
,-2,-4,-5,-18,-18,-10,-57,-5
,-1,-1,4,1,-1,0,-19,5
,-5,-5,-2,-3,-3,-5,-2,-12
,1,-1,1,5,10,9,13,-1
,-5,-2,-1,10,1,3,1,-6
,4,2,0,-1,-8,-18,-6,-2
,0,3,2,4,6,0,16,7
,-5,-2,-3,10,6,-6,-15,-10
,-8,-1,-1,-33,-23,2,-9,-17
,11,-1,-1,-1,2,2,0,14
,-3,-2,-2,-1,-7,-6,2,-6
,10,0,0,-1,8,7,9,12
,1,1,-2,15,8,0,20,-2
,5,8,3,-6,-8,-2,8,7
,-9,-9,-5,-2,-2,22,-50,-3
,-4,-2,-2,-17,-9,-2,-17,-16
,-1,-1,-1,8,7,1,-10,0
,-1,1,1,2,2,7,39,1
,8,5,5,-1,-5,-10,-1,10
,-2,0,-1,0,-1,-3,-2,1
,-4,-6,-5,1,2,0,23,1
,-5,-3,0,1,-5,7,-13,-7
,2,0,-1,2,6,-4,2,1
,-7,-1,-2,3,2,1,-8,-9
,18,3,2,-17,-12,-6,2,20
,12,5,4,33,32,8,20,13
,-13,-7,-8,-51,-50,-10,-9,-15
,1,3,-1,4,3,-2,-22,-5
,0,0,-1,4,0,3,-2,-1
,-1,-2,-5,1,4,-3,-7,5
,7,2,1,11,6,-20,15,2
,-4,-3,-2,-2,1,12,25,-1
,-6,-4,-2,-3,-4,-7,-12,-4
,-8,-5,1,-3,-8,-2,-7,-8
,-3,-3,-3,8,6,-11,13,6
,-3,-3,-2,-13,-15,-11,-20,-13
,-6,0,0,9,12,4,14,-7
,-10,-3,-4,-14,-13,3,-4,-7
,9,2,2,5,1,2,13,11
,3,0,-2,0,-1,-1,-1,3
,1,3,0,0,4,3,-9,8
,-7,-4,0,-7,-2,-5,12,-12
,-7,-3,-2,10,6,-8,-30,-5
,-3,-2,-1,1,3,13,46,8
,5,2,-1,-15,-20,-12,-27,-3
,-8,-3,-2,1,9,11,-6,-17
,3,0,-1,3,-2,-3,12,13
,-14,-3,-1,8,9,2,-10,-19
,3,0,0,2,-5,0,-3,5
,4,0,-2,1,-9,-5,-1,0
,-2,-1,0,1,8,7,11,-6
,3,0,2,3,-1,-6,-7,0
,-8,-6,-6,-2,2,2,-27,-17
,-11,-1,3,1,-3,-7,-23,-13
,5,2,0,12,13,-1,-4,11
,6,-2,-2,-23,-24,-9,12,10
,-3,2,0,9,8,4,10,-6
,5,-1,-1,-14,-11,-9,24,8
,0,1,-2,-2,5,26,-8,-7
,-5,-2,-3,-9,-5,-3,-9,-6
,3,0,1,2,3,2,25,7
,4,-3,-7,2,7,-6,-6,8
,11,3,4,1,-8,0,16,5
,2,0,-5,-5,0,-8,-30,-8
,-7,-5,-4,-6,-4,5,-18,-6
,-6,1,4,9,0,6,3,-5
,-7,-4,-4,-12,3,-9,-16,-9
,3,-1,-4,4,7,2,5,2
,-2,3,5,-7,-5,-11,9,-7
,8,0,-1,-7,-8,-1,-3,17
,-5,-4,-3,-1,-3,2,-1,-3
,-4,-3,-3,2,-3,-10,-13,-1
,-1,-2,-4,-4,5,5,3,1
,7,3,4,1,1,4,12,5
,-11,-4,-2,-10,-4,4,11,-10
,-1,-3,-2,-2,0,-5,3,4
,2,-6,-4,15,8,-7,2,7
,-8,-4,-5,-18,-13,-1,-9,-11
,1,-2,-1,-2,-2,2,-28,-8
,-5,0,-1,-1,-5,0,4,-4
,7,4,3,-11,-6,-10,-1,5
,4,1,-3,-9,6,0,2,3
,-2,0,3,7,-13,-9,-18,-8
,-4,-4,-5,14,12,3,4,1
,0,-1,-3,-38,-25,6,0,0
,0,0,-1,14,9,1,4,4
,11,1,1,-5,1,-3,19,17
,-3,3,3,1,-5,-15,10,2
,-9,1,-2,13,4,23,-4,-18
,0,-3,-1,-2,-5,-4,-12,-5
,-9,-5,-5,-6,-7,-6,15,1
,0,-1,-1,5,1,-1,-22,-16
,0,2,3,12,9,2,-7,0
,6,0,-3,-9,-13,-30,-9,21
,1,1,1,6,8,8,-4,-2
,-19,-5,1,-10,-13,-2,-8,-21
,5,-4,0,13,7,-5,14,10
,-4,-5,-5,-2,-4,5,-12,-5
,6,2,-2,-8,2,-8,-22,8
,7,2,2,5,-2,7,0,4
,-8,-3,-5,-6,-6,-6,4,-5
,-4,-2,1,6,2,2,6,-4
,1,-3,0,3,5,-3,7,4
,3,-1,-3,-3,3,9,-1,0
,-2,-1,-2,1,-4,-3,10,12
,4,-1,-2,-3,5,7,-9,-15
,-7,1,1,-1,-5,-3,6,-2
,5,2,4,12,4,12,14,11
,-3,-1,-3,-5,-7,-13,-11,-2
,-7,-1,-3,4,6,3,-4,-15
,2,-1,3,5,3,3,0,-6
,7,0,-1,-13,-12,-7,16,19
,-7,-4,-3,3,5,5,-6,-12
,7,-1,-1,-6,-3,-1,0,10
,-11,-5,-3,6,1,9,-16,-12
,4,3,4,3,-2,-4,20,4
,2,-1,-3,3,4,-5,-34,-13
,4,1,0,-7,-14,-12,4,2
,-5,1,-2,-9,2,-6,-11,-2
,4,-2,0,-4,-1,6,10,13
,-6,-3,0,10,9,-8,-13,-5
,-7,-4,-5,-11,-11,0,-5,-6
,0,-1,-2,2,-3,-8,14,-4
,0,-1,-1,0,-3,-5,-3,-3
,-3,-1,1,-9,0,-4,8,-4
,-5,-3,-1,-3,-4,3,-46,-7
,3,1,-3,-2,-2,-3,15,3
,-3,-4,0,-7,-10,-7,-38,-10
,-6,-3,-3,0,1,9,23,1
,3,3,1,9,12,0,14,2
,-9,-4,-2,-5,-14,2,25,-16
,1,0,-2,2,5,1,-11,0
,2,1,1,3,-4,-4,-5,14
,-6,1,0,-8,5,0,-3,-8
,0,0,-3,12,9,6,8,2
,-4,-2,-5,-18,-15,-5,17,-1
,5,0,2,1,-9,4,16,4
,-4,-1,-2,0,0,2,-15,-15
,9,2,2,5,0,1,17,18
,-2,-3,-2,-13,-2,0,-41,-4
,8,2,4,19,12,16,33,19
,-9,-5,-6,-7,-8,-9,3,-5
,12,3,0,3,2,-4,5,2
,-6,-5,-6,-10,-5,-18,-3,-14
,3,0,2,-3,-4,-9,-12,6
,7,1,-3,3,3,-1,18,15
,-15,-3,-2,-5,-1,5,19,-7
,-12,-4,0,6,-4,-12,-16,-18
,3,-4,-1,-9,-4,-12,-28,0
,2,-1,-2,2,5,4,8,10
,-5,-4,-1,-6,-2,-3,-28,-6
,5,3,2,10,2,6,12,3
,-3,-2,-4,-12,-5,-7,-1,-6
,-2,-1,-3,2,1,2,3,6
,-4,-1,2,6,2,1,-2,-10
,4,-1,-3,1,7,5,14,9
,1,0,-4,-9,-9,-4,-5,-4
,1,2,6,11,2,4,19,1
,-4,-4,-4,-11,-9,-6,-26,-6
,5,2,3,5,10,5,11,14
,-17,-2,-2,1,-2,-6,-17,-24
,1,-4,-5,-2,-2,-5,-32,-8
,0,3,1,-5,0,4,3,7
,-12,-5,-5,1,-8,2,22,11
,2,-2,-2,-3,2,-9,-6,-8
,1,2,4,-8,-6,10,-13,-4
,-5,-5,-3,1,3,-6,-19,-1
,-4,-1,-1,-6,2,-7,-1,-9
,5,2,5,0,-7,29,19,9
,-3,-3,0,9,8,0,20,4
,-6,0,1,1,2,1,0,-3
,5,2,-2,-3,1,2,-18,-1
,-15,-6,-6,2,5,-6,6,-15
,-5,-2,-2,-1,-2,5,7,-5
,8,1,1,-5,-4,11,2,11
,3,3,3,0,3,0,-10,4
,-6,-2,-3,-4,-4,-7,-5,-7
,-5,-3,-4,-2,-7,-4,-5,-5
,5,-1,-5,-2,-6,-12,-3,1
,-1,-2,0,-2,1,5,0,-8
,9,2,0,4,3,1,0,7
,-8,0,1,-1,0,-5,20,9
,-2,-5,-5,-10,-7,-3,-28,-10
,0,-3,-1,2,3,-1,-22,-7
,-2,-3,-5,-5,-2,-2,-2,6
,9,3,3,2,1,-3,16,12
,-2,-2,-4,4,2,0,-10,-8
,-5,-3,-4,-4,-3,-3,-8,-1
,7,0,-1,-3,-3,1,10,5
,1,3,2,-1,-6,-5,-7,-4
,-3,-2,-5,2,11,-3,20,1
,2,1,3,-15,-24,1,-1,-4
,-5,-2,2,10,8,-5,1,-5
,2,1,-3,-4,5,5,7,5
,-21,-7,-6,-14,-16,-15,-27,-30
,-3,-1,-1,9,13,10,8,0
,4,0,1,-5,-14,-12,7,9
,-2,-2,-2,-5,0,3,-9,-6
,10,-1,-1,1,0,5,6,18
,-4,-2,0,1,2,-7,2,-13
,8,3,4,8,7,4,7,13
,-4,-4,-7,-8,-3,3,-2,-4
,4,5,8,-6,-20,-7,-7,2
,-11,-4,-7,-2,1,-10,-18,-4
,0,-1,0,3,2,8,8,3
,-9,-3,-5,-3,1,-4,3,-12
,7,1,2,16,17,5,6,5
,-3,-2,1,-9,-10,-1,-1,-5
,3,-1,-3,-2,1,-10,-8,1
,-18,-5,-4,0,-4,-2,-14,-13
,4,1,0,3,5,0,4,14
,-10,-2,-2,2,0,2,20,-7
,9,2,-3,-4,-2,4,0,6
,2,-2,0,6,-4,-5,-6,2
,2,3,1,-5,5,2,1,2
,6,1,-2,-20,-21,-6,6,10
,-11,-2,0,17,7,7,5,-7
,0,-3,-2,-3,1,-11,-11,1
,1,-2,-1,5,4,-2,-4,3
,-3,-3,-1,8,4,-2,-13,-12
,-7,-4,0,-16,-7,-9,4,-4
,4,0,-2,8,5,0,-34,-3
,-3,-1,0,-3,-2,-1,-1,-3
,4,-1,-5,4,8,5,25,10
,10,2,-1,7,-2,-4,7,10
,-6,-5,-2,-17,-17,-7,-10,-12
,-22,-9,-7,-5,1,2,-2,-31
,7,2,4,4,0,8,0,7
,-7,-4,-4,-12,-10,1,-8,-7
,10,3,2,-7,3,-2,15,10
,3,-1,1,4,-2,0,2,3
,-3,0,-1,1,4,1,0,-6
,-3,-2,-3,1,7,4,17,3
,-5,1,4,5,-6,0,-5,-10
,6,-1,-1,-4,-10,-5,2,9
,1,2,3,7,5,0,5,2
,-3,-6,-7,3,6,1,-17,-8
,-5,-2,-3,-18,-19,-2,3,2
,4,2,1,6,2,-16,11,6
,8,3,-1,-5,3,13,21,21
,-22,-5,-1,-6,-5,7,-7,-31
,9,-1,3,19,12,4,20,6
,-1,-2,-5,-15,-8,-7,-29,-7
,7,-1,-3,3,0,-4,6,5
,5,1,-1,-6,-4,2,3,4
,-3,-4,-1,4,1,-11,-8,0
,-1,1,1,-4,-4,10,7,2
,-2,-2,-3,0,4,-8,-5,-4
,-3,-1,-1,-4,4,0,0,1
,0,-1,-5,-7,-13,-8,-13,-6
,4,2,4,11,-2,-4,-4,2
,-4,-1,-4,-6,3,-4,-7,-7
,5,3,3,5,-2,7,6,3
,2,4,2,5,8,5,6,0
,-17,-8,-6,-11,-11,-2,6,-9
,-13,-4,-2,6,3,-1,-25,-23
,0,-3,0,-4,-3,-5,-7,2
,8,0,0,6,6,6,-4,9
,4,2,2,0,3,18,4,1
,-3,-3,-2,0,1,-23,31,3
,4,2,4,-3,-5,11,-27,3
,-10,-4,-2,6,2,7,-2,-11
,-6,0,-2,-12,-8,-10,-5,1
,-3,-6,-6,-9,-5,-8,-13,0
,-1,-2,-2,-2,-14,-16,8,-5
,2,-1,-1,-6,-6,-3,-6,-1
,-9,-2,-2,3,5,3,3,-14
,2,1,2,7,8,5,-5,5
,2,-3,-5,-15,-13,-24,-7,3
,2,1,-1,3,3,1,7,6
,0,-2,-2,-1,-8,-4,-29,-11
,-1,3,5,11,4,5,0,1
,5,-5,-6,-13,-8,-5,1,11
,6,3,2,-1,0,-6,6,4
,9,2,0,-1,3,3,7,1
,-2,-1,-5,-4,-6,2,-2,-2
,-2,1,3,8,7,4,-13,-5
,-6,-5,-6,-7,-3,1,20,7
,3,-3,-1,2,-2,-3,-7,6
,1,1,0,-7,-4,15,8,-2
,7,3,1,6,3,-4,-2,-2
,-4,-1,1,-15,-7,2,-1,0
,1,-2,-3,2,7,-1,16,3
,0,0,1,-3,-8,-8,-14,3
,-4,0,-2,5,12,7,4,-6
,-3,-5,-5,3,-2,-4,-12,-11
,7,2,1,-10,-4,22,9,17
,-7,-2,2,-6,9,0,-15,-7
,0,-3,-2,-4,-7,-2,5,3
,-5,-1,2,15,4,-1,4,-6
,6,0,-4,2,14,2,16,6
,1,0,1,-1,-16,-10,-10,-2
,-4,-1,-2,-5,2,2,-12,-11
,-8,-5,-1,0,4,0,-33,-8
,3,0,-2,-4,-13,-11,34,6
,9,4,0,7,3,9,-27,6
,-1,1,-1,2,3,-3,-15,-2
,-8,-1,1,-2,2,-1,-5,-14
,4,-1,-2,2,0,-2,1,11
,-3,-5,-6,-8,-11,-16,16,-9
,-1,-1,-1,4,-1,3,-8,4
,3,1,1,-16,-4,2,7,4
,-9,-4,-4,-10,-13,-7,-11,-15
,6,0,-2,2,3,-3,9,7
,-5,-5,-3,1,3,-11,-1,-4
,1,3,2,21,11,1,10,-2
,-6,-3,-1,-11,-17,-8,4,-1
,-6,-2,-3,-13,-11,9,-17,-18
,-10,-1,-2,1,4,-1,-15,-1
,3,0,-1,7,8,31,23,8
,1,0,-1,4,9,8,-5,1
,1,-1,1,4,5,-3,12,5
,-4,-1,-1,1,2,-2,9,-4
,15,1,-3,-10,-18,-14,5,24
,-10,-4,1,5,5,-1,-18,-10
,-3,-3,-4,-9,-6,7,8,1
,-3,0,0,3,3,-1,0,-7
,-3,-2,-4,-1,-1,-7,2,-7
,8,2,2,-3,-3,-4,-4,0
,-11,-5,-3,2,-1,-7,9,5
,-1,1,-1,-8,0,1,5,-12
,-2,-4,-5,-3,-2,-4,-10,2
,0,-2,0,-10,-7,-4,-7,-3
,-2,-2,-3,-1,4,-3,-11,-1
,-2,-1,-1,-6,-14,2,4,1
,-5,0,2,4,3,-21,14,-8
,0,0,-2,-11,-4,13,0,7
,3,-1,-1,4,0,-2,1,4
,6,0,-1,5,4,3,-8,12
,-5,-4,-2,-5,-4,-16,-11,-15
,-7,-5,-1,7,0,-1,-7,-2
,2,1,0,-2,0,-3,-3,-9
,3,-1,1,4,5,2,6,3
,3,-1,-3,-21,-18,-5,5,7
,-13,-4,-3,2,4,-6,-8,-15
,-1,-2,-4,-4,-6,2,-9,-5
,3,-1,1,0,4,-1,-21,1
,-1,0,-2,-1,0,9,5,1
,6,1,1,4,2,-5,12,5
,2,1,1,5,3,-2,5,3
,-4,-1,-2,-6,-6,-5,-5,-4
,-5,-2,-3,-4,-1,2,-7,-3
,2,-2,1,12,8,-1,11,1
,-5,-4,-1,-7,-9,-3,-26,-7
,2,-1,-3,-4,-5,1,11,2
,14,3,1,-4,5,7,8,8
,-13,-3,-4,13,12,-8,-13,-13
,1,-5,-6,-20,-25,-6,9,0
,0,-1,0,-5,-8,-10,-4,-2
,1,-1,3,-4,-3,-5,0,11
,12,4,1,1,2,20,10,1
,-15,-5,-2,4,7,-3,-23,-19
,-16,-9,-8,2,-1,-11,-3,-16
,7,2,-1,-9,5,8,12,9
,9,3,0,-5,-8,-9,-1,10
,0,1,4,8,4,4,12,3
,-4,-1,-3,-8,-4,7,-11,-3
,-11,-3,-4,6,8,1,5,-12
,0,1,-1,3,0,-2,-5,0
,5,2,1,-1,0,5,-7,6
,2,-1,-1,-7,-6,-5,4,5
,-1,1,3,-2,-8,4,7,7
,-6,-4,-6,-7,2,-6,-13,-12
,-1,-2,0,4,0,2,6,-1
,0,0,-1,5,4,0,-6,5
,-1,-2,-5,7,3,-3,0,-8
,-6,1,4,-7,-10,-1,4,-6
,-9,-2,-2,8,6,-5,10,-4
,9,1,0,-5,3,3,28,10
,-11,-4,-4,-7,-12,3,-40,-18
,5,1,0,4,3,-8,-11,3
,2,-2,-3,-7,-2,4,7,1
,3,-1,-1,1,3,0,1,-3
,-14,-6,0,12,4,-8,1,-5
,0,-2,-2,-7,-8,-12,-23,-6
,3,3,0,-6,-6,21,-8,7
,-3,-1,-2,3,-2,3,6,0
,-7,-3,-1,1,6,-1,-21,-19
,11,0,-2,-1,-2,-2,17,22
,6,1,5,15,9,-10,-1,2
,-9,-5,-2,-7,-5,-3,6,-10
,5,2,2,1,2,4,5,3
,-12,-6,-6,1,1,-4,-27,-6
,-3,-3,-3,-6,-10,-2,4,-1
,2,3,2,-2,2,3,22,3
,-1,-2,-1,6,2,-8,-29,-4
,-6,-3,1,4,4,2,5,-4
,8,4,-2,4,5,-6,7,13
,-2,-3,-1,-8,-12,-8,-4,-3
,0,-2,-2,4,0,0,24,-3
,2,3,0,-5,-2,-3,-4,9
,-1,-1,1,-10,-6,7,21,8
,-10,-1,0,12,1,3,-17,-17
,-5,0,-1,-10,-10,-10,12,0
,3,-3,-2,-5,-1,3,-8,-1
,-9,-4,-2,-5,1,-14,-18,-10
,7,2,-2,6,5,-8,-9,10
,5,1,1,-4,-12,-1,-3,3
,-9,-4,-2,-1,-5,-8,7,-7
,4,-1,-2,-10,-6,-2,-13,-2
,3,0,-1,13,12,1,-2,-6
,-1,-2,1,-12,-12,-3,-5,-1
,-6,-1,-3,-5,2,3,16,0
,2,1,3,24,10,-6,-3,0
,9,-1,2,-5,-9,-3,3,17
,-9,-4,-2,-6,2,-8,-24,-18
,1,0,3,1,-9,2,0,0
,0,0,-1,2,10,25,7,-3
,-4,0,-2,1,-6,-2,15,3
,-5,0,0,1,1,-7,-18,1
,3,2,2,4,7,9,6,-4
,-11,-5,-4,-3,-1,-8,-1,-12
,-3,-5,0,-1,-2,-10,-13,3
,5,2,-1,-8,-5,5,-1,0
,-6,-1,-2,4,1,-2,8,2
,8,0,-1,-5,-3,-3,2,0
,3,0,-1,-2,2,3,8,7
,-1,-1,1,11,9,-1,-6,1
,4,-3,-4,-7,-6,-16,-27,-4
,1,-2,-1,-6,-7,-14,0,3
,-8,-4,-6,-8,-5,-2,-17,-14
,5,-2,-2,-1,-1,6,21,2
,-13,-4,-5,1,-2,-1,-6,-13
,-4,-2,-1,-7,13,1,-5,-2
,-1,0,-4,-18,-15,-1,3,3
,3,0,-1,9,5,-9,-4,6
,8,3,2,-2,-9,14,17,5
,-14,-4,-7,-7,-3,-8,8,-16
,1,-2,0,-5,-2,-2,-5,1
,-1,1,-3,-2,4,10,10,-8
,3,-1,1,4,5,-1,-14,0
,-7,-1,-1,-1,-1,-3,-10,-6
,1,2,6,5,-3,5,9,-2
,-3,-1,-2,-2,0,-6,-42,-4
,2,2,1,-3,-9,-2,-1,-1
,-14,-8,-4,-2,-7,-7,-9,-4
,-3,-2,-4,-9,3,2,12,1
,0,-2,-3,4,4,0,10,0
,1,1,-1,-14,-13,1,10,0
,8,1,1,0,-3,7,-14,3
,-1,-3,-1,1,-6,-7,-8,3
,1,-2,-1,9,13,28,-15,13
,-15,-5,-2,-17,-15,-2,8,-18
,6,1,-1,14,9,1,0,4
,4,3,2,1,-3,7,1,-6
,-1,-2,-2,-17,-10,-15,14,-1
,-4,-1,-2,9,6,-14,-11,-3
,1,0,-3,-13,-16,2,2,2
,-9,-2,0,19,11,-1,-6,-11
,-1,1,2,9,-3,-9,16,3
,-8,-7,-10,-30,-14,-6,-19,-18
,2,0,1,20,7,-9,17,12
,6,2,-2,-9,1,2,-23,4
,-3,-1,-2,-3,-7,-2,0,-5
,-10,-2,1,15,7,3,36,2
,7,-2,-4,-13,-7,1,-1,7
,-6,-2,-3,-4,0,-2,-24,-10
,3,2,1,3,0,-6,-4,2
,9,2,0,8,1,5,-2,3
,6,1,2,-16,-2,4,13,15
,-6,-4,1,1,2,-6,7,-4
,-1,0,-3,-9,-4,4,4,1
,-3,-3,-3,8,7,-18,-13,-4
,-3,2,3,19,7,9,11,-2
,4,0,-5,-31,-17,2,9,6
,-4,-4,-3,-1,-4,2,6,-6
,-4,-2,3,3,8,7,2,-2
,-2,-3,-2,3,-4,-7,-11,-8
,-7,-2,-4,3,8,0,-5,-13
,10,3,3,-1,0,2,26,21
,-9,0,-1,0,1,3,9,-14
,2,2,2,-6,3,8,-24,2
,-14,-2,-3,2,-8,-4,-5,-11
,-5,-5,-2,-4,1,2,7,-6
,9,0,0,7,6,2,-7,8
,-2,-3,-4,-10,-7,-9,7,1
,1,1,5,5,-2,-2,10,2
,-5,-1,0,3,1,2,-11,-7
,4,1,-2,-3,1,-1,-1,7
,5,1,-6,3,4,4,-2,-1
,0,-2,2,-2,-4,-3,7,9
,-3,1,2,-6,-8,-6,-8,-7
,13,3,2,0,1,6,-17,14
,-10,-5,-6,-9,-12,-39,-6,-22
,5,0,1,9,7,2,-1,1
,-4,-3,-6,-6,-4,-2,-11,0
,-3,-3,2,-5,-7,-4,1,-3
,5,0,-1,4,1,-10,-1,11
,0,-1,-4,2,9,-1,-1,-3
,-3,-2,0,-8,-3,-4,7,-6
,6,0,-4,-4,-9,-8,-6,15
,-3,-3,0,0,3,6,19,-4
,-3,-5,-4,6,-5,0,-14,7
,-7,-5,-3,-1,5,3,14,-10
,-4,-2,-3,-4,0,-6,-15,-8
,11,8,7,3,6,10,-9,7
,2,1,-1,-6,-5,4,-6,3
,-10,-3,-3,0,4,-3,8,-14
,-5,-2,0,3,-8,-5,-7,-13
,-6,-2,0,12,8,8,-8,0
,6,-1,-3,-28,-21,-7,0,2
,-3,-1,-1,2,3,-1,12,6
,0,-3,0,-3,-3,8,3,4
,-10,-7,-8,-1,-2,-2,-2,-11
,-6,-3,1,2,-5,-17,-9,-11
,4,0,-2,3,0,2,10,5
,5,4,1,2,10,9,3,9
,-1,-1,0,-4,-18,-3,-23,-3
,-22,-6,-4,6,11,1,-9,-13
,1,0,-3,-11,-12,-11,-7,-1
,4,1,-1,8,10,5,-7,-1
,9,0,0,-8,-3,-4,27,14
,5,2,0,-4,0,1,10,-1
,4,0,3,5,-6,5,-27,-4
,-3,-2,-5,0,12,1,9,-3
,-13,-5,-2,-17,-19,0,2,-4
,6,2,1,8,4,1,15,7
,2,2,4,7,6,8,-7,3
,1,-3,-3,-16,-11,-5,14,-1
,-6,-2,-2,4,5,-11,-28,-11
,3,0,-1,13,12,11,2,11
,-3,-2,-4,-14,-10,-1,18,-1
,3,0,0,-2,-10,-12,-23,4
,-13,-4,-3,2,1,8,-2,-14
,1,2,3,7,3,-6,2,-3
,-3,-3,-2,-11,-3,4,-10,-1
,-5,-1,-1,3,2,-9,8,-2
,8,0,2,-4,-10,6,20,15
,1,0,-2,-8,1,-2,-17,-5
,-5,-6,-3,2,2,-9,-14,-5
,-7,-2,0,6,1,-4,0,-9
,6,2,0,-3,2,1,1,1
,-3,-5,-2,2,-2,-2,5,3
,2,-2,-2,-5,-1,-2,-3,-4
,-3,-1,2,24,13,8,4,-5
,4,0,1,-23,-25,2,16,7
,-2,-3,-4,-3,-4,-5,-7,-15
,-3,0,-3,0,0,-8,-12,-1
,4,-1,-3,-10,-10,-2,7,6
,3,3,3,17,26,33,14,7
,-15,-6,-4,-9,-5,-11,-6,-12
,-6,-2,1,-1,-18,-3,-20,-10
,1,-3,-3,3,4,-5,-10,11
,-4,-4,-4,-12,-12,-17,-15,-10
,1,-1,1,-7,8,4,1,-6
,3,5,3,2,-1,10,3,10
,0,0,2,2,7,-3,6,-2
,-7,-2,-2,-4,-4,-8,-11,-9
,-4,-4,-4,3,0,2,-1,-7
,0,-3,-4,-3,-3,-6,15,9
,-1,2,2,-4,1,2,-3,-15
,1,0,-3,-7,1,-2,-1,7
,13,3,2,4,0,3,7,10
,-7,-1,-3,6,2,2,-2,-9
,2,0,-1,-4,-5,2,6,9
,-11,-6,-1,11,8,-5,-30,-17
,-12,-1,1,-6,-3,5,15,-7
,5,-1,-1,-7,-6,-10,-6,6
,-4,-1,0,-3,-7,4,-1,-5
,0,2,4,6,9,-4,19,2
,3,-1,-3,8,3,-4,-55,-2
,-3,-1,1,-21,-17,-8,-4,-5
,1,0,-3,-5,0,6,18,0
,5,1,-2,5,5,0,-6,7
,-2,0,1,5,1,1,23,0
,1,-1,3,8,10,-7,-21,0
,1,-3,-1,10,1,13,38,10
,-15,-6,-6,-17,-10,-10,-21,-20
,13,4,1,-4,2,-3,14,19
,-4,-1,-1,11,7,10,-10,-4
,-6,-2,1,-4,-4,-11,-21,-11
,1,0,0,4,1,-4,-27,-7
,2,-1,-1,10,3,2,1,1
,1,0,0,-6,-7,1,-6,-4
,-3,-3,-2,-6,0,1,5,11
,4,0,0,6,3,1,13,-3
,-8,-1,-1,-12,-15,4,3,-6
,4,0,-2,-2,0,-4,15,7
,-8,-3,-1,6,0,1,-11,-16
,1,-1,-1,-3,-2,0,-2,11
,-8,-2,-3,-10,-1,-13,-4,-4
,0,0,1,5,10,-13,27,8
,-8,0,-3,-2,-9,-11,-26,-21
,-6,-4,-4,-6,-2,5,-3,-7
,-5,-1,-4,-5,-9,-4,-9,-5
,4,0,-2,2,11,-7,19,12
,-2,0,-1,8,0,1,-9,1
,7,0,-4,-8,-2,-7,19,5
,2,-1,-1,1,-2,3,-5,9
,-8,-4,-4,10,9,3,-9,-22
,8,0,1,-18,-15,-2,1,7
,0,-2,-3,2,-2,7,6,9
,0,-1,0,2,4,3,13,-4
,1,0,-1,2,-1,1,4,9
,0,0,0,-3,-1,3,11,-9
,0,0,5,8,-2,-7,-45,2
,-11,0,-3,-2,1,3,7,-9
,1,0,-2,-2,-7,5,1,-4
,-1,-1,-3,1,5,-8,5,-3
,11,3,-1,-6,2,-26,18,7
,-2,-4,2,-6,-19,4,-5,2
,-10,-6,-5,-8,4,2,-4,-12
,-6,-2,-2,-12,-14,-6,-14,5
,4,1,-2,6,10,2,25,-12
,1,-1,-1,5,11,11,-25,0
,5,3,-3,-10,-18,-9,2,7
,-4,-5,-2,2,11,3,25,-2
,-7,-2,-1,-9,-14,10,-21,-8
,1,-1,-2,0,1,-8,17,3
,-6,0,1,-1,-5,7,-10,0
,2,0,2,17,5,-4,-18,0
,-6,-4,-2,1,-3,0,13,-7
,4,0,-1,-3,0,-2,11,4
,-2,-3,-2,2,4,-2,2,0
,12,4,2,-4,-12,-6,3,19
,-20,-7,-3,-2,6,6,-7,-22
,5,-2,2,10,-1,-4,-3,3
,2,0,-1,12,6,8,-25,0
,-3,-2,-3,-9,-4,3,10,2
,6,1,0,-3,-3,-1,-2,5
,3,3,-1,-3,0,-15,-20,2
,-2,-4,-1,-4,-3,-2,23,-8
,-4,-2,-3,-8,0,4,-20,-7
,7,0,3,25,10,0,-4,14
,-9,-3,-6,-8,-7,-7,-11,-19
,9,1,1,-3,-3,0,2,11
,-3,-5,-5,-6,3,2,-1,2
,-1,0,-3,-9,-8,-5,21,-1
,0,-1,0,-1,-4,-3,11,14
,0,3,3,5,1,0,-6,-12
,-2,-2,-4,1,6,0,-8,1
,2,1,2,-5,-8,14,13,1
,-13,-8,-7,-16,-8,0,-27,-17
,-7,-1,-4,-4,-7,-2,-1,-7
,0,0,0,-9,4,9,10,5
,0,1,0,1,-2,-8,-31,-4
,4,2,-2,16,10,12,27,11
,-8,-5,-6,-23,-12,-8,-17,-7
,-14,-4,-1,5,-6,-8,-4,-24
,11,3,2,-5,-1,0,-12,12
,6,2,2,-1,8,14,26,4
,2,-2,0,4,3,-14,-9,6
,-7,-2,-1,7,2,-4,-13,-9
,-11,-5,-2,1,1,1,5,0
,0,2,1,-6,-8,-3,-4,-3
,-1,-1,0,-10,-7,-1,1,-1
,-1,-2,0,-9,-4,1,-16,-4
,-6,-2,-1,5,5,-7,-4,-13
,-7,-7,-7,-8,-9,-3,11,-1
,10,3,3,11,7,17,-6,15
,-5,-3,-1,-5,-1,-10,-14,-12
,-8,-5,-5,-8,-7,-2,-7,-13
,9,1,-2,3,9,19,0,13
,-4,0,1,7,0,13,26,0
,3,1,-3,-3,-11,-11,-19,-1
,6,0,-2,-1,3,0,0,6
,2,-1,5,15,8,-10,-6,5
,-10,-3,-2,-13,-17,-9,20,-15
,3,-3,-5,-14,0,-1,-8,7
,-7,-1,-1,0,-3,-1,-5,-10
,-4,0,-2,9,0,-5,13,-5
,5,0,0,10,12,-1,-19,1
,1,1,0,1,3,23,26,1
,3,2,0,-9,-9,-3,-9,-3
,1,0,-2,-11,2,-10,-9,4
,-14,-9,-4,8,3,-8,-8,-11
,-1,-3,-1,12,8,-2,8,0
,1,0,1,-4,-11,1,8,11
,6,0,-1,-9,-7,4,5,3
,9,2,1,-4,-5,0,13,1
,8,3,3,1,4,8,3,11
,-19,-7,-4,7,11,-6,-5,-14
,-2,-2,-1,-7,-21,-5,-13,-4
,1,-4,-7,-15,5,-4,-4,7
,-3,-1,2,18,4,-3,29,-3
,5,2,1,-3,-5,-7,-29,1
,-2,-1,-1,-8,-1,-11,16,-3
,-1,0,-3,-2,-2,11,-37,-7
,0,-2,-2,-1,6,-5,8,2
,3,-3,-2,-5,-3,1,8,6
,-14,-2,-2,-4,-2,-9,12,-20
,12,4,2,6,2,-1,3,11
,-1,-2,-1,-7,-6,-7,-26,-2
,0,-2,-2,3,2,-5,-1,-1
,2,1,1,-6,-4,1,-15,-7
,-14,-3,-2,-6,-8,-9,7,-23
,10,1,0,4,-2,0,-16,27
,-7,-5,-7,-5,1,0,22,-11
,14,6,8,21,13,11,-1,18
,-2,0,0,0,-8,-4,-6,2
,0,2,0,-7,-13,-5,-11,-9
,0,-3,-5,-13,4,-3,6,4
,-14,-4,0,4,-3,-7,-21,-17
,5,1,-3,18,9,4,18,4
,-11,-8,-7,-22,-13,-4,-6,-4
,3,2,4,-6,-6,-13,-14,-7
,2,2,-1,-1,5,3,4,4
,5,2,4,1,-3,2,-18,-1
,-8,-4,-4,-3,-5,-9,-2,-9
,-7,-2,-4,4,-1,3,1,-3
,-9,-6,-7,-5,2,-5,11,-14
,-2,-2,0,7,9,2,-9,1
,8,3,2,-20,-16,-2,4,8
,0,-3,1,1,-3,0,-13,-3
,-8,-3,-1,-2,2,1,-7,0
,4,2,2,0,0,7,13,5
,-9,-1,-6,-9,2,-4,18,-10
,-6,0,0,13,10,38,-11,0
,-2,-2,-1,-5,-5,4,1,-9
,-1,-4,-4,-11,-7,-8,-31,-6
,-5,-2,1,12,12,6,12,2
,0,1,-1,-5,-3,-4,13,-1
,7,-1,0,-5,-7,-2,-4,14
,-12,-3,0,2,1,-2,4,-21
,19,6,6,4,1,-1,3,12
,3,-1,-3,3,3,-11,-2,7
,-9,-7,-4,-2,-7,2,-3,-6
,5,1,-1,-2,-3,-7,2,5
,-6,-3,-2,2,7,-4,-3,-2
,16,2,1,6,1,-7,1,2
,9,5,5,3,2,16,-16,6
,-16,-7,-7,-5,-1,-6,28,-2
,-2,-2,-1,-1,-8,-4,-14,-4
,-2,0,2,-1,-2,-3,1,-2
,6,-2,-1,-1,-3,-10,-9,4
,-3,-3,-2,10,10,-2,21,3
,9,4,1,-5,-8,10,6,8
,-1,-1,-2,-14,-6,-7,2,-4
,10,-2,-6,3,3,-2,-24,7
,-4,0,3,0,-1,14,3,0
,-6,-7,-8,0,3,-8,8,-11
,0,1,4,25,19,10,14,-2
,-1,-1,-2,-37,-41,-5,15,4
,7,-2,-8,-19,-9,-8,-12,19
,-7,-1,5,18,9,-2,-10,-18
,-7,-2,-3,-12,1,4,-2,-3
,-15,-4,-3,18,12,-5,4,-15
,4,1,0,-3,-4,-3,-8,0
,0,-1,-2,-7,-8,1,3,-3
,-2,-4,-4,5,3,-2,3,12
,5,3,2,-17,-18,-15,9,-8
,4,4,1,-2,-5,-2,-12,8
,1,0,3,7,7,13,40,1
,-5,-3,-3,1,-2,-4,-31,-7
,0,-2,-6,-2,6,-5,-31,-6
,9,4,1,7,5,4,8,7
,-11,-9,-8,-13,-4,-11,-22,-10
,-6,0,3,4,-8,-4,12,-4
,-4,-2,-1,6,10,-1,-3,1
,2,-2,-4,-3,6,-3,16,-8
,-2,1,1,6,-7,0,-26,-7
,0,-3,-3,-18,-13,-3,24,16
,-8,-2,-1,16,12,0,-8,-9
,0,-1,2,-5,-4,-10,-16,-1
,2,-1,-2,8,-6,-7,5,2
,-1,-1,0,-21,0,-3,-11,-2
,-8,-4,-5,-5,-15,-6,9,-11
,5,1,2,0,1,-2,26,-2
,1,1,0,4,4,-3,-65,-2
,15,2,1,1,1,12,18,23
,-13,-3,2,-5,2,2,15,0
,3,0,-3,3,-6,-1,3,2
,-20,-7,-7,-14,-10,-13,0,-24
,6,1,-2,9,5,3,-10,2
,-3,-1,0,7,6,10,17,-6
,-4,0,0,1,-5,7,-8,2
,3,2,0,-5,0,2,-7,5
,-5,-2,-3,2,-6,-9,-7,-8
,8,4,-1,2,2,3,7,13
,-15,-5,-1,-13,-7,-6,-7,-18
,3,0,0,15,7,1,-14,6
,-5,0,2,1,-7,-4,15,-2
,17,2,1,-9,4,-4,3,17
,5,0,1,4,4,0,10,8
,-7,0,1,1,4,5,-33,-9
,-3,-3,-3,0,-4,-3,35,-14
,2,-1,-3,-4,5,4,-1,7
,-10,-9,-7,-10,-15,-34,-3,-9
,-3,-5,-2,1,0,8,11,-7
,-8,-4,-3,3,0,-9,13,-3
,-3,-1,-1,-2,-1,6,-20,-7
,-1,0,1,1,5,10,-3,-6
,14,4,2,0,-4,-2,26,27
,2,2,0,-1,-1,1,-12,-1
,-8,-4,-4,6,7,-4,12,-6
,1,-1,-2,-11,-10,-5,-25,4
,-2,-5,-2,3,6,2,30,-5
,-1,1,-2,-9,5,7,-19,-6
,4,3,4,8,-10,-4,12,5
,-14,-5,-5,8,8,7,-7,-15
,5,1,-3,-18,-12,-16,-5,1
,1,-2,0,2,-2,-2,-13,13
,-2,-4,-3,9,7,-2,-21,-11
,-7,-2,2,4,-3,7,2,-1
,2,1,0,7,7,2,6,-1
,-5,1,4,7,5,6,5,-2
,-6,-4,-6,-18,-12,-4,-36,-10
,5,0,0,5,2,4,-2,7
,-10,-6,-3,-7,-2,6,6,-8
,5,1,-1,-3,-4,-5,8,10
,3,2,0,-2,-1,-8,6,1
,-7,-1,-1,3,2,9,-35,-6
,4,-3,-4,-9,-8,-2,7,8
,-8,-4,-3,3,0,-3,-23,-17
,0,0,2,3,-6,-1,21,2
,9,2,1,5,7,-2,29,20
,-3,1,-2,-18,-24,-9,-31,-16
,0,-3,-3,-2,-2,2,-2,-1
,-3,0,1,-1,5,7,-7,-8
,10,2,-3,0,8,-4,16,14
,-8,-4,0,0,-3,6,20,-2
,-19,-3,-2,-12,-3,-11,-14,-14
,5,-1,-4,1,-1,5,1,4
,-9,-4,-3,-4,-1,-5,-22,-26
,14,4,3,6,7,6,22,12
,8,0,3,1,-3,2,-7,16
,0,-1,-1,-1,-1,-14,17,3
,-8,-4,-5,-17,-19,-24,-24,-21
,-6,-1,1,8,7,9,6,2
,8,-1,1,8,-13,6,20,2
,-20,-6,-6,-10,8,-10,-38,-20
,5,-2,-2,5,3,-4,-6,-1
,-5,-1,-1,-11,-8,-3,-12,-4
,1,0,1,-10,-2,-1,11,-3
,15,1,-1,7,5,-1,0,15
,-9,-1,-2,-17,-16,8,7,-7
,2,0,2,12,12,-8,-4,4
,-2,-2,-4,-3,0,7,-7,-6
,-1,-4,-1,1,-2,-5,11,6
,-4,-2,0,-1,0,3,-14,-2
,4,1,0,7,3,1,-2,4
,-5,-6,-4,-14,-7,-9,7,-7
,-14,-5,-2,-8,-6,-6,4,-15
,16,3,4,22,7,10,21,21
,-9,-4,-4,-8,-4,-6,-7,-12
,0,-2,-1,-1,4,2,-35,1
,-5,-3,-3,10,9,-4,11,-11
,-2,3,3,-12,-16,-3,12,9
,1,-2,-4,-3,5,0,11,2
,0,0,0,-4,-12,-3,-8,-2
,5,-1,-2,-2,3,-7,4,4
,-1,0,0,6,5,5,-4,3
,3,2,1,-1,1,-1,-2,3
,-7,-4,-5,-3,1,-2,-1,-15
,1,0,1,0,-7,2,-1,-4
,6,1,-2,-5,4,-2,-11,0
,-26,-8,-4,-2,0,0,1,-18
,12,2,-3,8,3,-10,11,14
,9,5,4,-16,-14,-2,-15,4
,-11,-6,-3,7,10,2,-5,-17
,20,3,1,-3,-6,4,-8,20
,-5,-2,0,-6,-3,-2,3,-10
,-1,1,1,2,-3,0,16,5
,-6,-1,-3,0,2,-1,-13,-5
,-1,0,-2,4,-4,27,20,1
,-11,-2,3,12,4,-1,2,-6
,4,2,0,5,6,8,-4,8
,-4,-4,-2,-7,-8,-9,-5,-8
,2,1,1,7,3,-13,-6,-3
,3,-2,-6,-7,-4,-6,2,3
,-4,-1,-3,-8,0,11,5,2
,-3,-1,2,7,7,0,11,-4
,-1,-2,-3,6,3,0,-16,-7
,15,4,1,-15,-13,0,27,11
,-9,-4,-2,6,5,-12,-14,-2
,3,1,0,-11,-9,-1,1,4
,0,-3,-5,0,4,-4,-17,7
,-4,-1,0,5,1,6,0,-7
,9,4,2,-1,-5,-3,17,6
,2,1,-1,-2,-5,0,-16,3
,-5,2,-1,2,0,-8,2,-5
,4,0,0,5,3,2,5,6
,0,-4,-5,-6,-1,7,2,4
,-4,-3,-3,5,-1,1,1,-12
,-5,1,7,7,2,-7,-7,-10
,-12,-4,0,12,8,-8,-21,-11
,-3,-1,-3,-12,-17,2,-17,-4
,-3,-1,-2,-2,6,-3,-1,-1
,2,1,-1,6,6,4,24,7
,1,0,0,-3,-1,-24,-12,2
,-4,-4,-2,-7,2,0,3,4
,-9,-5,-2,-6,-6,-4,23,-12
,-1,0,0,-4,-3,-5,-33,-1
,-6,-3,-3,-3,-2,-5,-13,-14
,9,1,0,2,3,0,-12,5
,3,2,-1,-3,-1,6,4,0
,3,-2,-2,-9,-8,-4,3,3
,10,5,3,3,3,5,21,14
,-13,-5,-3,-7,-5,9,-29,-16
,-4,-2,-1,10,8,10,-13,-2
,-2,-2,0,6,1,-9,3,-6
,-1,-1,-1,-29,-22,-3,1,1
,4,4,1,10,2,-3,10,3
,5,1,-1,3,9,-3,-5,10
,-4,2,1,3,-7,-5,-6,-7
,6,0,-1,-8,8,19,13,-1
,-8,-4,-3,-5,-6,-6,17,12
,-6,-5,-5,4,-1,-3,-14,-10
,2,-1,2,-4,-2,-5,-12,6
,-5,-2,-3,1,1,-10,-8,-10
,10,3,3,5,2,18,23,8
,-1,-1,-2,-10,-8,-2,19,5
,-8,-3,-5,3,4,-5,-6,-12
,11,4,5,-3,-6,0,37,20
,-31,-13,-11,-4,-6,-12,-41,-31
,9,0,1,-12,-11,-4,-17,4
,-1,-3,-1,-6,-2,3,11,-7
,-3,-3,-2,11,13,15,-5,2
,10,4,2,-2,0,-4,28,11
,4,5,4,9,3,-1,13,1
,2,-5,-7,-9,-2,1,-25,0
,-12,-4,-4,-10,-8,-2,-3,-2
,6,4,2,2,-5,-2,-23,-12
,-5,-6,-2,-6,-9,-14,-16,-3
,7,0,2,-19,-3,-2,32,9
,-2,-1,-6,7,5,2,-19,-6
,7,1,2,13,9,-1,13,7
,1,0,-4,-32,-14,9,7,6
,-3,-1,0,9,2,0,2,-1
,-6,-7,-7,-20,-15,2,-6,-5
,-8,-3,1,3,-2,-6,9,-14
,8,3,2,8,12,5,-15,7
,-7,0,0,0,-1,7,27,-4
,1,1,1,7,4,-4,-35,3
,0,0,2,-1,-1,10,0,1
,-4,-4,-3,3,-3,-7,-6,-1
,-1,2,-3,-6,-7,-2,-19,-4
,-7,-1,0,8,9,2,15,-5
,6,1,0,-4,-2,10,6,8
,-6,-3,-1,-1,-6,-2,12,-8
,2,-4,-2,2,-1,-6,-9,13
,-6,-4,-2,6,0,-12,0,-18
,-1,-2,-3,8,4,-4,1,4
,2,1,4,2,13,2,8,-2
,3,-2,-3,0,-8,1,11,1
,4,4,7,5,-1,11,-25,0
,-12,-5,-4,-3,-1,-7,-11,-13
,-1,1,-2,11,10,0,-2,-4
,-2,-1,-5,-20,-13,-6,1,6
,4,-1,2,5,-2,1,-2,6
,1,-1,-3,3,-1,-4,-8,-3
,-1,-3,-2,-10,-5,2,20,2
,-4,-2,0,1,4,-3,6,0
,3,-2,-4,-7,-12,-4,7,-7
,-7,-5,-5,-1,7,-1,-19,0
,4,3,-3,-15,-16,-13,0,5
,-6,-5,-2,-7,-10,-12,34,4
,-1,2,1,18,10,15,4,-9
,-4,-2,0,-10,-13,-11,-23,-14
,6,-1,-2,-1,-5,4,1,7
,-4,-3,-3,8,13,1,-27,-11
,-3,-3,-1,-13,-11,-6,11,3
,2,0,-2,-2,2,-15,14,4
,-6,-1,2,15,2,5,-12,-8
,-1,0,-2,-14,-7,-2,9,1
,-3,-1,-3,-1,12,-9,1,-4
,0,0,1,-4,-13,1,4,1
,0,-1,-1,7,7,0,6,8
,16,4,4,-1,-6,5,-36,0
,-2,-3,-4,-7,-3,-7,3,4
,-10,-2,-2,8,16,-1,0,-3
,-3,-2,-4,-13,-18,-1,40,-1
,-4,-1,1,-4,-4,-1,-14,-4
,-5,-5,-5,6,6,0,22,-7
,9,3,4,-8,-8,4,-7,2
,-3,0,-1,5,5,1,-9,-4
,0,1,-4,-3,4,1,3,5
,4,1,1,-8,-11,-5,-5,6
,-8,-2,-2,9,5,-21,15,-14
,-10,-3,0,-1,-1,35,-12,-10
,4,-2,2,2,-5,-2,-17,1
,0,-3,-1,0,-4,-11,-17,2
,3,0,-3,-11,-4,-1,10,5
,4,5,4,10,10,2,-8,5
,-14,-5,-2,-3,-4,0,8,-12
,-3,0,0,-4,-3,9,-7,-12
,-5,-3,0,3,0,2,-5,3
,-8,-4,-3,-7,0,-10,24,0
,2,2,0,13,11,7,-4,-8
,4,3,1,2,6,-2,7,15
,0,-1,-5,-2,-5,6,-27,-4
,1,-1,0,-13,-8,-7,-6,-7
,-1,-1,-1,-1,-1,-2,16,-4
,5,2,-2,6,-7,-7,8,9
,0,-6,-3,-1,2,9,-6,-11
,3,0,0,7,6,0,8,10
,2,-1,-2,-4,-7,-3,-14,-5
,0,-2,-4,-13,-7,1,-14,2
,3,3,2,6,2,4,19,6
,-2,-1,-3,5,1,-12,-16,-5
,2,-1,1,-12,-6,3,3,7
,0,2,0,2,6,1,-1,-5
,-13,-7,-5,-2,-2,-4,-2,-12
,0,-3,-1,-8,-3,0,-12,-1
,0,3,1,4,6,10,15,3
,3,-1,2,9,5,53,15,7
,8,5,6,8,4,-5,-14,2
,-1,0,-3,9,6,-8,7,0
,3,-3,1,1,-3,-1,5,15
,-14,-5,-4,-14,-12,-17,-3,-11
,3,-2,-2,-11,-3,3,0,-7
,7,2,2,7,1,0,-19,1
,-10,0,-5,-4,-4,-10,-2,-6
,-3,-3,-3,2,11,-3,1,-3
,11,3,3,-7,-12,-5,15,15
,-23,-10,-7,-10,-8,-16,-34,-21
,-2,-2,-3,-5,-7,-2,18,-6
,1,-1,-2,-2,3,-7,-16,-4
,-4,0,-1,-5,-1,1,3,3
,4,2,-1,-2,3,8,5,3
,-15,-2,0,1,8,-8,-9,-16
,9,-1,1,-2,3,0,2,6
,-12,-4,0,-10,-12,1,1,-1
,2,-2,-5,-7,-8,-5,-14,-3
,-13,-7,-6,2,3,-28,-26,-12
,-3,-1,-1,3,1,2,1,-8
,3,1,1,2,3,6,4,8
,-2,-1,-1,-1,1,-3,7,-5
,14,2,4,1,-3,6,18,9
,1,3,-2,-15,-16,-20,-39,0
,-6,-6,-6,1,-2,1,8,-8
,-5,-4,-1,-8,-2,-4,-27,-9
,6,-2,-3,6,3,10,-8,1
,-6,-4,2,-6,-8,-4,8,0
,6,3,2,5,8,6,-4,5
,-1,0,-5,3,6,-3,9,-6
,-1,-2,4,-15,-30,0,11,2
,5,-1,-3,7,6,-6,0,25
,-5,-4,-6,-2,-2,-5,-14,-6
,-3,-4,-3,6,3,-1,7,-4
,12,2,-2,8,8,4,-13,5
,-9,-1,-1,0,2,1,23,-11
,0,-3,-5,-4,-1,1,-8,-3
,12,8,10,4,-9,-1,38,15
,-10,-3,-5,-4,-2,5,-20,-6
,-2,0,0,0,-2,-5,-18,-10
,8,2,-2,-2,1,-8,7,9
,0,-3,-1,0,1,2,-10,-4
,-14,-3,-2,-3,2,16,7,-7
,0,-3,-2,-1,-3,-2,-15,-5
,-14,-3,-1,-4,-12,-1,10,-19
,6,2,5,-6,-6,-1,-5,7
,9,1,0,0,3,-7,-16,12
,-8,-3,-2,17,4,-4,17,3
,2,4,1,-10,-4,6,-23,-5
,-3,-2,-3,4,4,-1,-3,2
,-5,-2,-1,-3,5,4,2,-8
,1,1,0,-7,-4,5,-7,-2
,9,1,1,10,6,-10,7,11
,4,-1,-2,-5,-4,6,23,7
,-1,-2,-1,0,3,-1,5,-3
,-9,-6,-4,-3,-5,-3,2,-6
,-1,-4,0,4,4,1,-2,-1
,-5,0,-1,-11,-14,-1,-16,-6
,3,1,0,9,0,-6,8,-3
,3,-1,-1,-6,-5,-2,-10,-2
,0,1,2,-3,-1,0,-4,-1
,-16,-8,-9,-10,-7,-5,-4,-15
,5,2,2,3,-9,-9,-10,3
,1,0,-1,9,9,3,0,-2
,3,-2,-3,-5,-4,-3,-1,11
,2,0,1,7,2,2,10,4
,-1,-2,-2,-8,-3,-4,-19,-2
,-6,-4,-6,-6,6,5,-9,-16
,0,1,3,4,-5,1,4,4
,2,1,1,-1,-2,-8,1,0
,-7,-1,-5,2,9,4,3,-3
,4,0,4,-2,-9,-13,4,11
,-4,-2,-5,-4,1,1,-8,-9
,-14,-1,-1,0,-1,4,-10,-17
,9,0,1,-3,0,10,16,11
,4,0,-3,-4,-2,-2,5,7
,-9,-5,-4,-2,-5,-25,-6,-12
,-6,1,1,3,-1,-7,0,-9
,-4,1,0,-1,-4,4,-10,-2
,10,-1,-1,8,7,5,-3,20
,3,-1,-1,-13,-9,-10,12,-5
,2,-3,-2,-4,0,-8,-28,-1
,3,-1,2,7,6,1,15,2
,-12,-6,-6,-9,-13,-6,0,-16
,-7,-2,-2,8,5,4,8,-4
,6,1,1,-12,-11,-3,5,6
,5,-1,-1,-2,-2,-3,3,8
,-2,1,1,-7,-3,-5,3,-5
,-5,-3,-3,9,7,12,-1,0
,-1,-1,-3,4,6,0,8,0
,4,-2,-4,-15,0,-8,9,0
,-8,-1,1,-7,-12,-6,-7,-14
,-6,-1,-1,-8,-3,-1,-7,-1
,4,-2,-1,5,3,5,8,7
,-5,-1,-3,2,0,-5,1,-5
,-1,-3,-2,-10,-6,-3,-28,-3
,-3,-2,1,4,3,8,-3,-3
,1,-3,-4,4,2,-7,-10,-2
,-8,-4,-5,-12,-12,-22,7,-9
,-6,-1,2,-3,-1,-3,-22,-15
,3,4,1,5,3,3,10,15
,-4,-2,-5,-4,-7,-1,-34,-14
,6,1,1,11,10,-4,23,8
,-7,-1,-2,-1,5,-8,-14,-11
,1,0,4,-3,-6,31,0,0
,4,3,2,-9,-4,3,13,15
,-4,-4,-4,3,4,-1,-10,-9
,4,1,-2,-1,-2,9,26,8
,1,0,0,-4,1,-8,-8,-6
,6,1,-3,-8,3,-1,17,14
,-1,-2,2,15,5,9,-1,-3
,4,0,-2,-6,-2,0,16,10
,-10,-5,-5,-17,-14,-12,-17,-16
,3,3,5,6,1,2,-6,10
,10,2,0,-6,-4,2,10,10
,-2,0,-3,4,-1,-7,-12,-5
,-19,-7,-6,-4,3,-3,-11,-17
,-6,-4,-2,3,0,-7,3,-3
,-8,-1,1,-8,-18,1,8,-11
,9,1,3,3,7,7,7,16
,13,4,0,4,7,-2,1,7
,-14,-7,-7,-12,-7,-6,-11,-11
,4,2,-1,7,5,0,-11,2
,-8,-2,-2,-5,0,-1,0,-19
,7,1,0,6,5,-7,24,22
,-3,0,3,3,-4,8,-4,0
,-2,-3,-5,-4,2,-2,-14,-2
,-7,-4,-3,1,-14,-2,9,-4
,3,3,2,-3,4,1,-22,-9
,6,-1,-2,10,4,2,5,0
,-12,-1,0,-25,-22,-7,-26,-10
,0,0,-5,-4,3,-23,-10,1
,-4,-6,-4,-1,-7,7,17,-1
,2,-2,-6,-7,-2,-5,13,7
,8,2,5,11,12,-3,7,2
,-4,-2,0,8,1,-2,-5,-1
,-2,-1,-4,-13,-23,-22,-18,-9
,-3,-3,-3,-5,3,1,2,1
,-3,-3,-2,1,5,11,12,-3
,-3,-1,4,11,10,11,5,-11
,3,-2,-2,3,-2,-19,-12,2
,4,2,3,21,12,12,2,4
,-1,-2,-3,-9,-15,-1,8,-2
,3,-1,-1,-5,-4,7,8,6
,5,2,2,-4,4,0,-8,-2
,-9,0,0,8,2,-4,-1,-11
,-5,-2,-5,2,4,-11,-15,-5
,8,2,2,-1,-2,7,13,17
,8,-2,0,12,8,5,-14,7
,0,-1,-2,-22,-19,-7,-7,0
,1,-2,-3,2,5,3,-9,2
,-2,-1,-3,-1,0,3,14,0
,-7,0,2,6,3,3,1,-6
,-7,-2,0,0,-3,-1,3,-7
,1,0,1,-6,-10,-1,13,-3
,11,3,2,7,8,21,8,20
,-3,-3,-3,5,-4,4,-14,-2
,5,1,0,-6,3,0,12,10
,-19,-5,-4,4,2,6,-7,-22
,2,0,-1,-1,2,-1,24,2
,4,1,-2,-11,-7,-1,-26,-5
,-4,-5,0,5,-5,4,3,1
,-3,-1,-2,-1,4,-7,-6,5
,-2,0,1,0,1,5,1,-8
,0,-3,-5,-9,-11,1,-1,6
,4,0,-2,-3,2,-5,10,-16
,-4,-1,0,10,2,-2,-4,2
,-6,-3,-1,6,6,0,-4,-3
,2,-1,-4,-6,-1,1,11,1
,2,0,3,7,1,0,-11,2
,-4,-4,-7,0,6,0,12,-4
,9,3,5,-1,-12,-3,-28,6
,-10,-1,-2,8,1,-6,14,-4
,-2,1,2,-6,-4,-1,-21,-3
,0,1,0,0,7,2,-3,5
,-2,1,-2,3,-3,0,16,-8
,-7,-4,-3,-19,-14,-27,-37,-6
,6,0,-1,0,2,6,2,6
,2,1,-1,3,0,-2,-9,1
,-11,-4,-7,-8,-1,-11,-4,-15
,8,3,3,8,1,-3,19,27
,7,1,-2,4,4,8,-15,-7
,-10,-4,-3,-10,-9,-5,-17,-4
,-10,-4,-4,-4,-6,1,-3,-7
,1,1,3,3,5,9,34,-8
,3,0,1,-3,-2,-8,0,11
,3,1,0,-6,-4,4,5,-1
,-1,-2,2,0,-5,-14,-13,-2
,0,0,0,1,4,17,29,3
,3,1,-1,-5,-4,-6,-6,7
,-3,-1,0,7,0,-10,-3,-11
,-1,-4,-5,-7,0,-7,-13,-2
,3,2,3,20,7,4,-3,1
,5,-1,-2,-14,-8,-5,28,13
,2,1,0,5,6,-3,-42,-12
,-1,0,1,-26,-27,-2,20,10
,1,-3,-5,-9,0,4,-5,-6
,-1,0,3,4,-4,7,10,6
,7,0,-1,5,1,-4,15,9
,-8,-4,-2,4,7,-3,-15,-7
,3,0,1,-2,-2,-1,2,-3
,-18,-7,-4,-7,-6,-24,-22,-19
,3,1,1,-8,-6,6,24,11
,0,3,1,4,0,-6,-17,-10
,-13,-3,-4,-6,-3,-1,-1,-11
,8,2,-2,4,1,-13,-17,7
,-4,-3,1,-2,-4,13,16,-2
,-2,0,-5,-6,2,-4,-19,-3
,-4,-1,1,10,16,5,-9,-2
,-3,0,1,-25,-25,0,-2,-6
,-9,-1,-1,6,6,-5,-6,-8
,3,-2,-2,-11,-17,3,3,5
,-2,-2,3,6,14,1,-15,-17
,-16,-6,-9,7,0,5,3,-16
,16,2,-1,-16,-1,1,-3,34
,-18,-7,1,8,7,-5,-24,-35
,3,-2,-3,-8,-11,-2,5,14
,5,0,4,16,4,0,3,-3
,-7,-2,1,2,0,-1,-5,-4
,7,2,0,1,5,30,40,13
,3,2,1,-10,-7,-11,-7,0
,11,2,1,-2,2,8,10,11
,-4,-7,-5,-3,2,3,-8,-6
,3,-3,-2,9,3,-5,14,6
,-4,-3,-4,-8,0,2,0,-3
,-6,-1,-3,2,6,2,16,-5
,0,2,3,-8,-9,-5,-31,-5
,-5,-2,-3,-1,-3,-2,4,-10
,7,-2,2,5,2,-1,7,14
,2,-1,-1,3,4,-7,7,1
,-5,-4,-4,-8,-8,-5,-13,-10
,-3,-2,-4,-5,4,3,0,3
,6,3,2,10,2,-2,-2,5
,-16,-3,0,3,0,-2,-8,-13
,-3,0,-2,-26,-24,-7,7,-8
,10,4,2,10,9,-3,1,15
,-3,-1,-1,-6,-5,3,12,-1
,11,0,-4,7,6,13,-8,12
,-5,-3,0,8,10,-10,1,-6
,-9,-4,-2,-5,1,-12,-16,-7
,15,5,0,2,-1,10,23,9
,-8,-1,0,-14,-2,-1,-36,-10
,-2,-1,1,35,9,-2,10,-5
,0,-5,-2,-20,-11,-2,-2,0
,-4,-3,0,3,-8,-7,-1,1
,-6,-3,-2,-2,5,0,8,-5
,6,0,-5,-6,-5,3,21,11
,-1,-1,0,1,4,-8,-30,-10
,-5,0,-3,-13,-10,-2,-5,-6
,-4,-4,-4,2,0,-1,-9,0
,-1,3,1,-3,-4,0,22,-6
,22,4,1,8,4,4,1,34
,-8,-4,-1,-8,-4,-8,-5,-6
,-3,-4,-5,-7,-1,-7,-4,-10
,3,0,0,5,2,1,1,0
,-12,-2,-1,-4,-3,4,4,-9
,-12,-6,-6,3,-3,-9,-9,-15
,8,4,3,-2,3,6,-21,7
,3,-7,-1,1,5,-1,34,8
,-4,-3,-4,-14,-18,-22,-26,-7
,0,3,2,3,7,25,9,4
,0,-1,-1,4,2,0,22,4
,-1,-1,-3,7,6,1,-21,2
,-9,-3,-2,8,8,-7,0,-7
,4,0,1,-5,-5,8,-7,1
,0,3,1,-16,-16,1,16,2
,-1,-2,-3,-8,4,3,-6,-1
,-3,-2,-5,16,15,3,25,6
,-5,-1,-3,-15,-17,-14,-23,-15
,-4,-1,-1,10,5,3,11,-1
,-5,0,-2,-6,-8,-10,-36,-13
,1,1,-2,1,1,8,1,-6
,-2,-2,-2,0,0,-7,11,4
,3,2,1,1,-1,-2,-14,-2
,-12,-5,-3,-3,-4,-2,-3,-14
,0,0,0,-7,-6,6,0,4
,5,0,-2,4,5,-1,13,5
,-2,-2,-1,0,0,-2,-19,-9
,-2,2,-2,-4,-4,-4,9,3
,0,3,1,1,-1,-3,-18,-10
,6,0,-2,-3,-2,-5,-2,10
,-13,-3,0,1,1,1,14,-8
,27,2,-2,2,6,4,15,24
,2,-3,-3,-2,-6,11,-7,0
,-6,-1,0,-6,-9,-5,0,-12
,2,-2,-5,-7,-3,-4,-4,-1
,-7,1,4,9,10,3,-11,-5
,1,1,0,0,-13,2,17,1
,-3,-2,-3,-5,6,4,-9,-8
,-3,-6,-5,0,-3,-2,-2,4
,-5,-1,0,-6,-4,-13,-19,-4
,4,1,-1,-1,12,46,2,9
,-7,1,2,4,-2,-4,-9,-10
,5,0,0,0,0,-5,2,3
,-1,-1,-2,-7,-4,0,19,-7
,-16,-6,-1,0,2,-13,-8,-5
,-10,-5,-4,4,5,-8,-24,-20
,7,0,-1,-9,-9,4,5,10
,14,3,6,3,-5,-2,-27,14
,-8,-5,-2,-4,-6,-16,8,-23
,-4,-2,-1,-4,6,0,-3,-1
,-3,-3,-4,7,9,-10,-4,-2
,-8,-1,-2,-7,-16,-2,-14,-10
,1,-2,-2,-3,-7,-9,16,8
,4,-6,-4,-10,-6,-2,-2,8
,-2,0,2,13,9,3,3,-8
,1,-1,-3,-10,-8,-2,-5,0
,8,1,-1,-7,-1,-6,-13,-3
,6,1,1,15,12,-1,6,13
,-27,-3,-5,-22,-24,-10,10,-30
,-11,-8,-4,-2,-6,-8,-10,-2
,3,1,-1,4,5,-6,-16,-2
,9,4,2,4,4,2,6,8
,7,4,2,-9,-3,-2,18,11
,-7,-2,-3,4,4,8,19,-14
,0,-1,1,1,-4,-3,-13,-5
,0,-1,-3,-8,-3,2,-3,5
,-5,-4,-1,9,9,4,-6,0
,-3,-1,0,-11,-10,-3,8,-1
,17,4,0,7,14,30,5,19
,1,1,-1,11,5,-1,5,-7
,-7,-4,-4,-13,-19,2,5,-6
,7,2,-1,-2,2,-1,12,10
,-7,-1,1,-7,-5,-23,-9,-9
,-6,-4,-4,1,-1,-1,1,3
,5,0,4,-8,7,3,-23,-2
,2,1,-1,6,4,7,2,2
,2,0,-3,-4,-7,-8,6,14
,1,-1,2,0,-3,0,17,-4
,-2,-5,-6,-1,1,-16,-22,-4
,-4,-2,1,-4,-1,0,-20,-7
,-6,-5,-6,-11,-1,0,11,0
,-3,1,2,7,-1,1,-1,0
,-1,2,0,9,-4,1,5,-3
,5,-2,-5,-10,-2,-12,-10,4
,-17,-3,-1,-1,-3,-5,14,-12
,4,-2,-4,-9,-4,-5,-3,1
,4,0,3,16,9,1,-10,0
,-5,-1,-2,-9,-6,6,0,-6
,2,0,1,3,-3,-3,7,-4
,1,-1,-2,-2,-4,-5,-1,7
,3,2,2,-7,-3,5,5,1
,-2,-3,-1,19,11,-1,-17,-6
,-2,-2,-2,2,-4,-6,7,-6
,-3,-3,-6,-12,-6,2,-21,-5
,-1,-1,-1,-1,-7,1,6,2
,-4,-2,-1,4,3,-3,3,-3
,4,2,2,0,-5,-2,-8,0
,0,-3,-2,-6,-2,-3,11,4
,-15,-4,-5,5,5,1,-30,-12
,1,0,0,-2,-4,0,22,2
,7,4,1,10,11,1,-19,-5
,-4,-1,1,-12,-8,-4,21,2
,20,6,3,-6,-4,14,6,14
,2,1,2,14,10,23,-12,8
,-1,-5,-5,-22,-13,-4,-2,-2
,-3,-1,1,8,4,-8,-16,-7
,-8,-5,-4,8,7,4,10,0
,6,0,0,0,-8,0,11,14
,5,2,1,9,7,-2,-5,3
,-4,-4,-3,1,-4,4,10,-2
,-13,-5,-4,-6,-2,-12,-10,-16
,-8,-3,-3,3,4,-10,-4,-10
,-3,-1,0,-4,-9,-3,11,0
,4,1,2,-7,-8,-9,-17,-2
,6,0,0,10,0,-5,9,1
,-1,1,1,-15,-7,14,11,0
,-4,-3,-3,0,3,-1,-12,-1
,-3,0,-1,-5,-4,-2,-6,-11
,-6,-2,-3,-3,0,-1,-5,-7
,14,5,2,7,6,-1,14,16
,-2,0,-3,-20,-15,-13,-9,-12
,3,1,-2,9,11,9,-4,9
,-13,-4,0,6,2,-12,-4,-6
,-7,-4,-7,-14,-7,-2,5,-6
,7,-1,2,10,5,4,7,16
,-3,-1,-1,3,3,4,9,-12
,-7,1,-1,-9,-1,-14,-20,-7
,11,-2,0,6,1,4,10,19
,-2,0,-1,-16,-15,0,-4,0
,-3,-3,-5,1,-4,-7,-7,-4
,14,3,-3,-11,1,2,9,13
,-7,-3,-3,1,3,-2,-12,-12
,-8,-4,-2,5,8,-5,4,-1
,0,3,5,1,-7,-7,14,11
,3,-2,2,-1,-3,0,15,-4
,-23,-6,-10,-20,-14,-3,-26,-25
,2,-1,5,11,0,5,-3,5
,-8,-4,0,-5,-3,1,3,-7
,9,2,-1,-1,2,6,23,16
,1,1,2,2,0,-8,5,-5
,-2,1,2,10,12,6,-4,-3
,-17,-7,-5,10,9,-4,-3,-19
,25,10,10,-16,-25,-10,-12,29
,-35,-16,-8,-8,-5,-13,-7,-24
,-9,-4,-4,7,4,1,-12,-16
,1,1,0,-12,1,-2,-10,2
,-2,-2,-2,9,9,7,-2,-6
,12,6,4,2,0,-4,-5,13
,-5,-3,0,-6,-6,-11,23,1
,0,-1,-1,-1,3,6,4,-6
,0,-2,0,8,6,-4,-17,2
,12,3,6,7,-6,16,24,12
,2,-1,-2,-3,5,1,-26,-10
,-21,-5,-5,-2,-5,-3,-14,-17
,3,-2,-3,0,4,6,5,6
,0,1,1,-5,-1,-6,-7,-2
,9,3,1,1,4,34,26,13
,16,2,0,1,-2,1,0,17
,-19,-5,-3,6,-5,-5,4,-26
,9,0,-5,0,11,0,9,3
,4,4,3,-19,-20,-6,-18,6
,-8,-1,-4,-3,-1,-1,15,-5
,-7,-5,-1,-10,-6,2,11,-6
,4,3,-1,2,6,-8,0,-1
,-1,1,-1,11,3,-24,-37,-3
,6,-2,1,-2,-4,4,8,-4
,-1,1,-3,-5,-3,-10,-2,6
,10,2,2,4,7,12,10,13
,-5,-1,-1,-5,-10,-9,-18,-21
,-9,-4,-5,-1,-1,-4,5,-5
,-1,-2,-3,2,0,-1,-10,2
,-1,1,2,-1,-3,-10,-22,-8
,1,-2,-4,3,1,-6,34,12
,8,3,0,1,-1,5,-6,8
,-1,0,1,14,12,7,-1,-3
,-1,-1,0,-13,-16,-12,-4,-2
,1,0,0,4,9,5,20,8
,-6,-4,-2,-3,0,0,3,-9
,-1,-1,-3,-1,1,9,8,3
,3,-3,-4,-6,-7,-5,-25,-1
,-3,-2,0,4,11,-3,-11,-4
,-8,-4,-2,-8,-12,-12,-6,-5
,6,4,3,9,5,10,-15,-1
,-8,-3,-3,-1,2,-3,7,-9
,-7,-3,-1,2,1,4,-12,-9
,10,0,-1,-1,-1,-1,-1,21
,-5,-6,-5,-12,-10,-11,-1,-5
,-10,-3,1,5,7,-3,12,-21
,2,-5,-3,-8,-10,-4,-16,13
,-9,1,-2,2,9,-5,-17,-15
,4,-2,-1,-11,-13,-2,-6,4
,2,-1,-1,0,0,7,12,10
,1,1,-1,3,6,8,28,-1
,1,-1,0,-14,-18,0,-4,-8
,0,1,-2,3,5,-13,1,-2
,-3,1,0,9,2,3,-5,-7
,-5,-5,-5,-2,-6,-6,-1,-1
,4,0,1,1,8,-4,13,7
,-5,-2,-3,3,10,-2,2,-4
,-1,-2,-1,-20,-31,-3,-5,3
,-16,-3,-4,-3,-8,-8,-10,-15
,15,3,0,3,12,3,9,20
,-16,-4,-2,5,5,3,-31,-28
,-1,-5,-5,2,3,0,-20,-4
,-2,0,-1,1,2,-1,4,9
,-2,0,4,5,-7,2,-4,-3
,13,0,1,-6,-4,-2,17,17
,-1,2,0,4,11,1,-1,0
,-7,-3,-1,-9,-13,-8,-17,-20
,9,5,5,12,13,39,14,23
,1,-3,-4,-12,-10,1,1,0
,-4,-3,0,8,9,-1,0,-1
,2,0,1,9,6,5,11,-2
,-8,-3,-4,-11,-10,-15,-22,-15
,-3,1,0,-2,7,-4,0,-7
,-1,-1,-2,-8,-12,13,8,12
,0,-1,-5,0,11,-5,18,-2
,-4,0,-4,-19,-25,-3,-28,-13
,-10,-4,-3,-6,-6,-6,-8,-10
,4,1,1,-1,4,-10,1,0
,3,-2,1,3,3,-2,13,8
,0,-2,-3,3,5,-6,15,-2
,4,0,-1,-6,-4,2,6,18
,6,2,-1,0,-2,0,-4,5
,-5,-4,-3,-10,-10,3,-4,-2
,-1,1,-1,0,3,-9,20,-10
,8,0,0,7,1,7,-3,7
,-7,3,2,6,8,4,2,-4
,3,-3,0,-2,-6,-7,-1,0
,1,1,0,2,6,26,-10,-3
,8,3,3,5,1,-1,22,13
,-9,-6,-4,-6,-5,-9,-2,-13
,6,0,-1,9,11,-3,0,2
,-9,-4,-1,-12,-20,-10,0,-10
,5,2,1,-3,-9,4,-4,-1
,6,0,2,5,1,-2,0,12
,-13,-3,-3,1,5,5,4,-13
,2,-2,-1,1,0,-13,-29,-3
,-3,-1,1,5,-3,3,-15,-3
,1,-2,-3,-4,3,-10,0,-5
,4,5,4,3,-1,-17,-24,7
,-3,-2,-1,-9,-10,-4,-14,-11
,3,-3,-1,-3,1,-2,15,19
,-6,-6,-5,10,2,0,-31,-12
,7,1,0,-23,-14,3,41,4
,-2,-1,-3,2,6,7,-3,4
,-15,-4,-3,-6,-3,-8,-3,-14
,-1,0,0,3,1,-3,-15,-12
,-4,-5,-3,-8,-9,-2,-10,-1
,0,-3,-2,3,17,-1,0,8
,-3,-2,-1,-3,-13,-7,5,-6
,0,0,0,-5,-1,-1,4,3
,-2,0,-2,-4,3,5,-3,-7
,2,-1,-1,8,0,2,0,5
,-2,0,0,18,15,-3,-10,-3
,2,-1,-2,-20,-26,-8,6,3
,4,3,2,0,5,34,11,3
,-1,-4,0,12,3,-9,8,2
,1,-1,1,-7,5,4,-4,-13
,12,3,1,12,2,-1,-7,35
,-11,-2,-3,-15,-7,-14,-4,-18
,-9,-7,-6,5,-4,-7,-33,-12
,-4,-1,2,4,1,-2,-4,-8
,1,-1,-3,-1,16,14,44,3
,5,0,3,1,-7,11,-28,5
,0,2,-1,0,1,-10,5,-1
,-8,-4,-5,-10,-10,-2,-10,-9
,-2,1,1,7,3,4,10,-6
,5,-4,-5,2,3,-4,13,13
,9,6,4,-5,-4,3,27,12
,-6,-6,-5,-3,-4,1,-1,-6
,-4,-3,-3,-6,-6,-10,-1,-3
,-3,0,-2,12,6,1,-11,-5
,1,2,5,-2,-9,-7,2,7
,0,-3,-5,-10,3,3,4,-1
,-3,-1,1,8,3,2,-7,-2
,-13,-3,-2,-6,-7,-12,-10,-18
,20,1,-1,-9,2,2,41,28
,-9,-1,0,-2,-4,7,-12,-15
,-2,-2,-6,-5,4,-7,-29,-6
,-2,-3,2,16,2,-3,-3,-3
,1,-1,-1,-25,-13,-5,3,0
,6,-1,3,-1,2,1,6,12
,-14,-6,-4,-2,-4,-16,-2,-17
,13,6,2,-3,-1,1,10,17
,-3,-4,-2,10,5,-10,-9,-5
,-4,1,-1,-3,-5,0,-8,-5
,-8,-1,-2,-7,-5,-3,-9,-18
,-6,-5,-1,2,4,-2,9,-3
,1,2,-1,-10,-12,-3,-31,-11
,11,0,0,2,-1,1,28,20
,1,-1,-4,-3,-2,3,-4,1
,-3,-3,-6,-2,0,2,7,-5
,-6,2,0,1,15,19,3,-8
,2,3,2,10,1,-2,3,12
,1,0,1,-5,-4,3,11,-3
,2,2,-2,-5,-9,-5,1,5
,-1,-2,-3,4,-4,-4,-5,-1
,-5,-2,-3,-17,-13,-2,-15,-10
,0,-3,-2,13,3,8,6,4
,3,0,-2,-1,-2,-9,-2,5
,-10,-5,-2,8,6,-2,-2,-11
,-18,-8,-2,-1,9,-7,-18,-20
,5,-1,0,4,-2,0,9,0
,3,2,-2,-17,-20,-1,-2,3
,-9,-2,-2,5,7,-4,-4,-6
,1,0,-2,-4,-5,-2,3,2
,-4,1,2,9,-3,-4,6,-1
,3,0,1,-2,2,3,18,16
,2,0,1,4,4,-1,-10,-6
,0,-3,-6,0,1,5,-13,0
,-4,-3,1,-7,-13,1,-16,-13
,-3,-1,0,3,4,-3,8,-2
,1,0,-1,-11,-10,-6,-5,3
,8,5,2,5,3,2,-3,7
,1,-1,-1,-5,-1,-2,5,0
,-4,0,-3,1,5,1,-19,-5
,1,-1,-2,-3,-5,3,11,-3
,-20,-4,-3,9,6,-11,-2,-18
,2,3,2,-26,-14,14,5,-3
,5,-3,-1,-1,-1,-8,-45,0
,-2,0,1,13,9,3,8,-1
,5,1,-1,-6,-13,-3,-1,1
,8,1,1,6,8,-2,15,11
,-3,1,2,8,7,7,0,-6
,0,-1,0,2,-5,-3,7,10
,-1,-4,-4,-6,-5,-9,-2,-5
,-1,0,-2,1,4,3,-4,-6
,-2,-2,0,-9,-1,-7,-9,-8
,4,-1,-4,0,2,1,2,9
,2,-1,2,-15,-17,-13,4,4
,-1,-1,-4,-13,1,9,-8,9
,-2,1,-3,3,-1,-9,6,-11
,-2,2,0,4,7,31,20,-2
,0,-4,-4,14,14,0,-2,8
,-2,0,0,-16,-20,-10,-2,3
,-10,-5,-3,-3,-3,2,-14,-20
,-2,-2,0,-4,-6,-10,-14,0
,-1,-2,-5,0,1,4,15,-5
,1,-1,-3,7,10,4,6,2
,8,3,4,12,-7,-4,-2,21
,-5,-7,-4,-19,-14,-6,-29,-23
,-3,-1,1,1,3,-1,-20,0
,-5,-1,-1,0,0,-9,-9,-6
,-8,-6,-4,-13,-9,3,-6,-5
,5,2,3,16,5,-9,2,12
,6,-2,-1,-4,0,3,-3,-7
,-3,-3,1,8,2,2,-7,1
,-11,-1,3,-5,-3,-5,9,-5
,-8,-3,-10,-17,-5,-12,-2,-11
,-4,0,-3,-10,-4,10,12,4
,-1,-1,-1,10,6,3,-14,-2
,3,-1,-2,2,0,4,-13,1
,-3,-2,-3,-6,4,6,7,5
,6,3,-1,6,2,3,1,0
,-9,-2,2,-1,-3,-9,-9,-13
,6,1,-2,1,2,-6,13,12
,-5,-2,-1,-6,-16,0,-1,1
,-1,0,0,-1,-1,-2,4,-5
,6,-2,-3,-4,1,-1,-12,9
,-2,1,-1,1,-3,-4,21,-3
,-1,0,2,2,-2,-7,-24,-4
,3,2,0,-3,0,4,13,8
,-19,-7,-8,-5,0,-7,-4,-13
,0,-1,-2,-5,-7,3,10,1
,-5,-1,0,11,6,-2,9,-5
,3,2,3,-4,-1,0,-4,2
,5,0,-1,-4,-2,5,9,9
,4,-1,-2,7,12,0,-8,-5
,-5,0,2,11,-5,-13,-6,-4
,-2,-3,0,-12,-12,-6,16,3
,0,3,0,-18,-3,3,-7,-1
,-1,-1,-2,-1,-2,3,-2,1
,3,-1,-3,-5,3,-5,-4,0
,-7,-3,-2,3,1,0,-3,-9
,3,-1,-3,0,-8,-6,5,5
,0,-3,-2,-2,4,7,1,-2
,2,0,0,-1,3,-1,-4,4
,-4,-1,-2,0,-2,-1,-2,-3
,3,0,0,4,1,0,-4,1
,-5,-3,-3,-2,-2,-4,-6,-5
,5,1,0,2,0,3,9,6
,-5,-3,-2,0,-3,-7,-19,-11
,-1,-2,-2,3,-1,-5,11,1
,-3,1,1,7,5,-3,-5,-7
,2,-1,-2,-11,-7,-1,3,1
,9,4,2,-6,-12,5,-7,7
,-9,-3,-2,2,1,-6,-12,-8
,1,-1,1,0,-1,-5,9,1
,0,0,0,5,5,6,-2,0
,0,0,-1,1,4,-2,-2,1
,0,1,0,6,2,-1,3,2
,0,0,-1,-7,-4,-2,1,1
,-2,-3,-1,-8,-5,-5,-4,-5
,-1,-1,-1,1,2,-3,-2,0
,0,-1,-4,-9,-2,0,2,-2
,-2,-2,-2,-2,-2,1,-4,0
,-4,-1,0,6,4,4,5,-4
,-7,-2,-3,-8,-7,-2,0,-6
,10,3,4,3,-1,-1,-5,12
,-4,-2,-3,0,0,-2,-4,-4
,-1,2,-1,10,6,-3,-12,-2
,4,1,1,-16,-22,0,13,6
,-2,-1,-1,6,6,1,-1,-6
,4,-1,-3,-22,-12,1,1,7
,-14,-2,0,4,0,4,-21,-25
,-2,-3,-5,3,9,-6,-11,4
,-3,-2,-5,5,1,0,-4,-4
,-1,-2,0,-9,-6,-3,-3,-5
,10,2,-1,-7,-1,-8,8,15
,7,5,5,19,7,9,20,-1
,-17,-5,1,1,4,-6,-9,-2
,-1,-5,-5,3,-4,-3,-9,2
,-13,-6,-2,2,0,1,1,-13
,1,-2,-3,-5,4,-8,2,3
,2,-1,0,-3,-1,2,3,-3
,1,3,0,8,1,-1,0,-1
,4,0,-1,-3,0,3,12,8
,-3,-4,-4,2,1,0,-2,0
,-1,-1,0,-2,-5,-4,-15,-11
,-1,0,0,1,3,6,3,1
,1,-1,-3,-10,-11,-6,-3,0
,-3,-2,0,6,6,-2,-6,-5
,1,0,1,-12,-13,-4,4,4
,-1,3,0,5,3,2,4,1
,0,-2,-4,-2,3,3,3,1
,0,1,0,-1,-3,-4,-9,-1
,-1,0,0,2,-2,0,4,-2
,-2,-2,-2,1,0,0,-6,-6
,-1,0,0,-5,0,0,4,1
,-3,-3,-1,-1,-1,0,-4,-3
,0,-2,-2,-1,0,0,3,-2
,-1,0,-1,-1,-1,-1,-1,-2
,0,-1,-3,-5,-1,-1,0,2
,0,-4,1,1,-1,-2,-2,-2
,0,1,1,-1,-2,-3,-1,-4
,1,-3,0,-3,-7,-4,-3,-1
,-1,0,1,-3,-3,1,3,2
,-3,1,-1,0,0,0,-3,-3
,-1,-2,-2,0,1,2,1,1
,-3,-1,1,0,2,-3,-2,0
,-1,-2,2,4,-1,1,3,-1
,-2,-2,-2,-7,-2,-3,-3,-3
,-2,-2,-2,-4,2,-1,-1,-1
,1,-3,-3,3,-1,4,0,0
,0,-1,-2,3,3,1,1,-1
,0,1,-1,-5,-10,1,-2,0
,0,-1,-5,-6,-4,1,0,2
,-2,1,2,6,3,-1,-2,-1
,-1,1,0,-5,1,0,-1,0
,0,-1,-4,3,2,0,-1,-1
,1,0,0,0,-3,-2,-1,-1
,-2,0,-1,-1,1,-1,-1,-2
,0,-1,-3,-3,-5,-5,-2,-3
,1,-2,-1,0,2,1,0,-1
,-1,-1,0,-2,0,0,1,-2
,-2,-2,0,-4,3,0,0,-1
,-2,-2,-3,-2,-4,-2,-2,-1
,-1,1,0,-1,0,-3,-4,-2
,-3,-3,-1,2,-2,-4,-2,-1
,-2,-2,-1,-3,-2,-2,-2,-3
,0,-1,-2,-2,-3,-2,-1,4
,-1,-2,-2,0,0,2,1,0
,-1,-3,-2,-1,-2,-1,0,-1
,-1,1,0,-1,0,7,-1,0
,-2,-3,-4,1,-2,-4,-7,-6
,-3,-1,-1,0,2,-3,-2,-2
,-1,2,0,0,-1,1,0,3
,0,-2,-2,-6,-2,-2,1,1
,0,-1,0,-1,-2,-2,-2,-1
,-2,-2,-3,-7,0,-1,-3,-2
,-1,-1,-1,0,1,1,1,-7
,0,-3,-2,2,0,-6,1,6
,0,-1,0,-3,-1,1,-12,-3
,-1,-3,-1,-3,-4,-4,-3,-3
,-2,1,2,3,0,2,0,2
,-3,-3,-3,0,2,0,3,-9
,1,0,-2,-1,-1,0,4,5
,-1,-1,-2,-1,0,4,2,0
,0,-2,-3,-7,-1,-1,-2,0
,-1,1,1,2,-8,-7,-8,0
,-3,-2,2,0,-3,-2,-1,-2
,-2,0,-1,-1,0,0,1,-1
,1,-1,-3,0,-1,3,0,1
,-2,0,-2,-5,-1,-2,-2,-3
,0,-1,-2,-6,-6,-4,-2,-2
,1,0,2,3,2,-1,0,1
,-2,-4,-3,-1,-2,-2,-2,-2
,-1,0,1,13,10,0,-3,-1
,-1,-1,-1,-16,-15,2,2,-1
,0,0,-2,-1,-1,-2,-4,2
,-2,-1,-1,-2,-2,-2,0,-3
,-1,-1,-2,-1,-2,-1,0,-1
,0,0,0,10,8,1,4,1
,-1,-1,-3,-3,-4,-5,-4,-1
,-1,-1,-2,-1,-1,0,-2,-1
,-2,-3,-1,-4,-2,-1,-1,-1
,-1,-1,-1,2,3,-4,0,-1
,0,-1,-1,-2,-4,1,-2,-1
,-3,-3,0,6,4,2,-2,-3
,1,1,-1,-11,-7,-8,0,0
,-2,-2,0,6,1,-1,-1,0
,-4,0,-1,3,-2,-4,-3,-5
,1,1,-2,-2,-1,-1,-2,6
,-2,-2,-1,0,-2,4,-4,-3
,-1,0,-2,-3,0,-2,0,0
,1,0,-2,4,-1,1,2,-1
,0,1,-2,1,-3,-3,-1,-3
,-2,-2,-2,-7,0,-2,-2,-1
,-2,-2,-3,-5,-4,-1,-2,-1
,-1,-1,1,10,6,3,1,-1
,1,-1,-1,-11,-11,-5,-2,-1
,-1,-3,1,0,1,1,-2,-1
,0,-1,-1,0,0,-2,-1,-6
,0,-2,-2,-2,-2,-2,0,3
,-3,-1,-2,0,-1,-3,0,5
,-1,-1,-2,-1,-2,-1,0,1
,-3,1,1,0,-1,2,-2,0
,2,-1,-1,-4,-7,-2,0,-5
,-2,-2,-2,1,5,-4,-3,-4
,-2,-1,-2,-9,1,1,1,-2
,0,-1,0,3,1,-4,-1,-1
,-1,-2,-3,-3,-4,-7,-3,-2
,0,0,0,-2,-6,-7,-2,-1
,0,-1,0,2,-4,0,-2,-1
,-1,-1,-3,-2,1,7,1,1
,0,-1,0,0,-1,-13,-1,2
,-3,-2,-1,-3,1,4,-2,-4
,-1,-1,-2,0,0,-1,-1,-1
,-1,-1,-1,1,-2,5,-2,2
,-4,0,-2,-2,2,11,-1,-9
,1,-2,0,1,11,-19,4,8
,-3,-1,-2,-4,-10,-7,-5,-6
,0,0,0,-2,-4,-3,3,2
,0,-2,-4,-4,-3,-9,-5,0
,-3,-3,-2,2,-10,7,-1,-6
,0,0,-2,1,13,5,3,3
,-4,-1,-1,-1,-2,-10,-1,-3
,0,0,1,-1,2,4,-3,-1
,1,2,1,0,-1,16,4,-3
,-3,0,-1,1,-2,-1,1,3
,-1,-2,-3,-2,4,8,2,-3
,-2,-2,-1,2,4,-4,1,-3
,0,-1,-2,-2,-9,-13,-1,3
,0,-3,-2,-5,-4,10,-3,-2
,0,0,-3,-3,13,5,-2,-1
,1,0,4,11,12,13,3,0
,-1,-1,0,1,-16,-5,-3,-8
,-3,-5,-8,-8,-6,-20,-7,3
,1,-1,0,2,3,-7,-1,2
,-2,-1,-3,-12,0,7,-3,-1
,2,3,1,4,10,12,3,0
,1,1,2,1,-5,-3,-1,-2
,-9,-3,-3,-4,-3,-9,-6,-5
,2,-1,-2,0,-5,-5,-1,1
,6,0,-3,-3,8,1,-3,1
,-1,-1,0,-1,0,-1,2,-3
,0,0,-1,1,-3,3,1,1
,-7,-2,-1,-4,-7,-4,-1,-2
,-6,-3,-1,-3,-3,-3,-4,-5
,1,-2,-3,-2,-4,6,2,1
,-2,0,0,-1,-3,-3,-1,-3
,0,-2,-2,-5,-2,-4,-2,1
,1,-1,-1,-2,-1,-2,-2,-1
,-2,0,1,2,5,1,0,-3
,-1,-3,0,-3,-15,-6,-2,2
,-1,1,0,-4,5,-1,2,-2
,1,0,-1,1,-6,2,1,0
,-2,-1,-2,-6,2,8,-1,-3
,0,0,-1,-3,5,-8,-3,-3
,-1,-2,-2,1,-10,-5,-1,3
,-5,-1,-3,-7,0,13,-1,-2
,0,1,-2,8,-6,-10,-2,-3
,0,0,1,0,-9,-4,-3,-1
,-1,0,-2,-8,0,1,-2,0
,1,-2,-2,2,8,-10,-2,9
,-2,0,0,-4,-14,5,2,-12
,-4,-2,-3,3,1,-3,-2,1
,2,1,-1,4,-1,-3,0,-1
,7,-1,-3,-3,2,0,-4,2
,1,0,0,0,12,0,-1,2
,-2,-1,-1,0,-3,3,-2,-2
,-3,-2,0,1,-2,-3,-1,0
,-5,-3,0,-2,4,-3,-3,-5
,-1,-1,0,3,-3,-3,0,3
,0,-1,-1,0,9,5,1,-6
,0,0,-1,0,0,-4,-1,4
,-2,1,0,8,6,12,2,4
,-1,0,-1,-6,-16,-8,-1,0
,-3,-5,-8,-21,-27,-26,-9,-8
,-2,-3,-4,-5,28,1,-7,-6
,-5,-3,-1,1,3,-5,0,-6
,-1,2,1,5,10,6,2,1
,2,1,2,4,3,7,2,1
,-2,-3,0,1,-8,0,0,-3
,-4,0,-1,-8,-8,-9,-2,-4
,0,-1,1,3,7,3,-1,6
,-3,-4,-2,1,0,8,3,-5
,7,1,-1,-2,-18,-4,0,-3
,-5,-2,-2,-3,7,-4,-2,9
,6,-2,-3,-1,-8,-5,-3,-5
,-2,-2,0,-1,8,4,0,5
,-2,0,1,2,-4,1,0,1
,0,1,1,-1,-1,5,0,-8
,-1,-1,0,1,9,-3,-2,0
,1,-3,-4,-5,4,-6,-2,1
,-9,-12,0,1,-5,13,0,-3
,5,12,-1,3,-12,-4,4,0
,-9,-9,-13,-27,-28,-22,-15,-7
,4,1,1,6,20,11,0,0
,1,6,-1,1,-9,-5,-2,1
,-2,-6,-1,2,-7,0,-1,-4
,2,1,0,4,11,9,7,4
,-4,-3,-3,-5,-11,-3,-1,-4
,-2,-5,0,-2,0,0,0,-4
,-1,2,1,1,6,2,-1,0
,-1,-2,1,-2,-4,-4,-3,-5
,-2,-1,0,2,-6,-6,-2,-1
,2,2,-2,0,5,1,-2,4
,-5,-13,-3,-2,-14,-4,-3,-3
,3,6,1,2,32,2,0,10
,-7,3,1,2,-24,0,1,-8
,5,0,-1,-11,9,-5,-1,2
,5,6,0,9,24,10,-1,-4
,-6,-8,-3,-12,32,-20,-4,4
,0,-3,-2,2,3,6,-1,3
,-6,3,1,-4,-8,-7,-2,-1
,-7,-5,-2,-8,-16,-6,-3,-5
,-1,-13,8,29,20,40,15,-5
,5,5,-8,-33,-57,-73,-15,4
,-6,19,-7,-8,-60,-13,-11,-17
,6,-2,-1,0,24,11,3,6
,-3,1,-1,3,-1,14,-1,-3
,-4,-11,3,13,12,18,4,-4
,-18,-17,-6,-7,-18,-24,-10,1
,22,13,0,-6,-6,-11,-4,-1
,-7,-1,-3,2,-4,-2,-3,-7
,13,1,4,12,32,35,9,2
,4,-1,-3,-7,1,-22,-1,7
,-18,-3,-2,-6,-19,-5,-3,-5
,0,-1,-2,-2,-11,-12,-2,0
,0,2,2,4,14,13,3,2
,-1,1,4,10,9,17,3,-1
,-4,-16,-8,-15,-24,-1,-4,-3
,1,10,1,-2,-36,-11,0,1
,1,12,0,-4,31,-2,-3,-1
,1,-3,1,18,23,10,3,-1
,-5,-3,-4,-4,-5,-5,0,1
,1,-4,-3,-3,-13,-1,-4,-1
,-6,-3,-1,3,17,6,-1,2
,3,0,0,-2,-6,3,2,2
,-3,-1,0,3,15,5,4,1
,-5,1,0,-6,-17,-24,-6,-3
,-2,-5,1,6,15,5,0,0
,0,3,3,4,10,13,1,-6
,-5,0,-4,-9,-72,-24,-7,2
,5,0,-3,-7,29,-1,-3,-4
,-1,-6,-3,-3,4,-2,-4,-2
,3,-9,3,6,20,16,4,2
,-13,7,7,19,26,15,7,-2
,10,23,-5,-9,-37,-10,-6,3
,-5,-9,-5,-15,-3,-13,-5,-5
,9,13,-3,2,2,5,-1,-2
,-21,-22,-5,-14,-27,-8,-7,-3
,-4,-7,4,17,-5,5,4,3
,-4,2,0,5,10,5,2,1
,2,-2,5,6,-4,2,4,-1
,-25,-2,-6,-29,-27,-15,-12,-14
,16,-9,-5,1,47,7,-7,-7
,-8,1,0,6,-45,-3,1,-1
,6,-2,0,-1,-2,-4,2,2
,4,5,2,9,41,8,5,3
,7,-2,1,-11,-26,-9,-3,-3
,1,-4,-9,-9,31,-5,-6,-4
,-6,1,3,2,4,2,-1,-1
,-6,1,-1,8,11,-1,-1,-1
,12,-2,-2,-4,-11,5,3,1
,0,0,2,7,-48,5,8,13
,-7,-2,-5,-2,25,-2,-2,-15
,7,-1,-1,-13,0,-8,-8,-4
,-12,0,1,1,-2,9,5,11
,6,0,-6,-6,14,-5,-6,-1
,24,-2,-4,-8,-10,0,2,6
,16,2,8,13,11,-2,1,1
,-27,-4,-2,-3,-18,-6,-1,-23
,25,0,-4,-9,-4,-1,-6,3
,-52,-4,2,-3,-6,-4,-2,-2
,32,5,-1,4,7,3,1,2
,11,0,-3,4,13,-1,2,7
,-27,-2,7,-6,-12,-4,1,-2
,11,-3,-6,5,2,-3,-1,-2
,-4,2,5,6,-5,-4,-3,-1
,-11,-6,-5,-17,-41,3,1,-4
,-22,-8,-14,26,57,-2,-12,-26
,18,4,15,-10,-8,-8,-4,6
,-10,-3,-1,-1,1,5,2,4
,6,2,8,4,-33,-2,-1,-1
,-13,2,5,-9,-17,3,7,-1
,20,-2,-8,6,15,-4,-6,9
,-15,-5,-6,6,4,-5,-2,-12
,-8,-6,-1,-1,21,-2,-5,-8
,2,2,3,5,-6,10,3,-18
,-1,-3,-5,5,21,0,3,35
,8,4,5,-4,-9,-12,-1,0
,3,-1,-7,-10,2,-6,-8,9
,-27,-4,-9,-5,-6,-5,-4,-24
,6,-2,1,-3,-27,0,2,6
,-5,4,8,14,18,5,4,-13
,12,7,13,33,14,13,15,18
,44,10,6,-36,-8,-7,-6,40
,-57,-23,-14,1,-14,3,-14,-68
,11,-6,-7,-3,14,-7,-12,11
,-24,-3,-5,1,13,1,-2,-25
,27,10,10,-20,-10,21,14,22
,-1,5,3,13,0,-35,-2,4
,-12,-5,-6,-11,-8,26,-1,-8
,9,-6,-8,-10,0,-25,-2,-2
,-1,-3,0,15,2,39,2,1
,0,1,-2,-3,9,-27,7,9
,5,4,9,-24,-20,-5,1,-3
,4,1,-1,2,3,32,-2,8
,-5,-2,2,17,-3,-103,7,7
,-11,0,-5,-26,-7,43,-11,-15
,5,-2,-7,29,9,14,0,7
,-12,2,2,-27,-8,-43,3,1
,4,-3,-9,19,11,48,-3,-4
,15,3,5,-35,-17,7,14,7
,-17,-8,-11,-4,-4,-26,-11,-15
,-3,-3,1,8,2,37,-8,-3
,0,-3,-6,-1,1,-2,0,-14
,-7,1,1,9,-1,-10,2,7
,17,7,4,6,8,28,15,24
,-5,-3,-2,-10,-3,-15,-3,-5
,-31,-20,-10,-3,-13,-8,-17,-22
,9,0,-3,0,-3,0,-13,-4
,-7,-11,0,-4,0,-8,4,2
,13,12,1,13,10,-2,5,5
,12,9,1,-3,-11,-10,-1,8
,-3,2,-2,1,3,8,0,0
,-6,-25,-8,-13,-1,-8,-2,-2
,9,17,6,1,3,3,2,4
,-25,13,2,-2,-12,7,-7,-4
,10,-15,-9,2,-2,0,1,-1
,7,4,2,3,1,1,2,7
,-9,-21,-9,-7,-1,-1,-7,-5
,-3,2,1,-4,-7,-2,-2,-1
,-2,5,0,4,13,4,2,3
,-5,4,4,-1,2,-3,-2,-4
,-7,-34,-6,-12,-29,-26,-8,-4
,-9,30,-1,-1,6,2,-3,-4
,15,-18,3,3,-2,1,3,3
,5,21,-4,-1,-5,7,-5,-2
,18,-10,8,12,10,14,5,5
,5,-14,-1,-1,-2,5,3,5
,-7,-10,-11,1,12,5,-3,-5
,-12,0,6,-7,9,-25,0,-2
,-8,11,-3,-12,-27,-1,-7,-2
,9,-9,1,5,9,-7,-5,-1
,-7,6,2,4,-8,1,1,2
,-3,-6,-6,2,5,6,2,-5
,1,24,-2,-1,-42,-4,4,-2
,4,-1,0,-11,-34,-11,-8,-2
,-4,31,-3,-7,29,-14,-10,-13
,3,12,-16,-14,-27,-1,-6,3
,4,-43,-7,2,23,15,9,-9
,-25,-22,5,7,8,12,6,9
,4,0,14,9,-8,-6,-4,0
,2,6,3,1,-6,-10,-4,3
,-15,45,-3,-2,16,0,-4,-5
,16,-16,-11,1,4,0,1,0
,-10,-9,4,2,-5,-1,-2,-5
,-7,-23,0,1,3,-2,-1,-2
,-13,-5,4,-1,11,0,-3,7
,-19,-18,0,-5,-17,-7,0,-14
,54,44,-10,-5,12,3,1,26
,-5,-24,-1,3,-14,6,7,-2
,-3,-5,1,-4,4,-1,-3,1
,1,-5,4,4,8,3,2,3
,-20,-7,4,-5,-10,10,8,-2
,34,57,6,12,30,-7,-2,-9
,9,-20,-4,-6,-5,0,-2,-3
,19,16,4,0,6,8,9,4
,-23,-51,-8,-2,-17,-1,-2,-10
,-6,5,7,10,9,12,6,1
,21,-23,5,7,1,-13,-8,39
,0,-27,-1,-5,7,-6,-5,-17
,-20,16,-4,-6,-33,-15,-4,-3
,25,54,2,-1,34,9,-4,-11
,35,25,0,11,28,18,12,-2
,-43,-28,-4,-12,-44,-21,-6,26
,-30,-71,-2,-7,10,-7,-12,-39
,-5,-75,-5,-1,-15,-11,-8,-18
,-7,61,-10,0,9,0,13,14
,-29,28,-1,5,9,28,6,-1
,15,14,-16,-8,-10,-9,1,-28
,-51,-12,9,-13,-11,4,-6,-18
,0,-65,6,10,10,-1,-4,12
,-15,23,-18,-4,-7,-14,-8,-8
,-20,-16,12,13,15,20,13,21
,15,-32,-13,-8,-14,-7,-15,-7
,-20,83,-11,-17,-19,-16,-15,-18
,14,5,2,-1,2,-3,7,15
,12,-6,0,4,4,-1,-1,15
,-34,-25,-8,-2,1,7,3,-7
,-36,-48,-1,1,-8,0,8,4
,26,45,7,1,8,-7,-12,-26
,9,-22,9,5,4,11,14,16
,26,36,6,9,5,10,10,3
,13,17,-10,-6,-6,0,-6,5
,12,-35,1,8,7,4,2,4
,-49,-31,-6,-3,-8,-13,-11,28
,14,9,-4,-2,-12,1,-10,-1
,-3,-54,-5,0,1,0,-10,-33
,93,89,31,13,12,12,12,20
,-66,-41,2,5,6,11,13,12
,13,9,-10,-5,-9,-16,12,-15
,-5,-76,6,4,6,13,-21,23
,-20,68,-7,-8,-8,5,-10,1
,68,68,4,-5,-6,-22,16,-2
,-31,-53,-11,-4,-3,-9,-7,18
,6,-21,4,3,-7,0,8,-24
,-46,-38,-8,6,-2,-2,5,-7
,97,45,18,-13,40,14,-1,11
,-44,-55,0,2,-22,6,6,62
,31,5,0,-3,3,-14,2,-24
,-20,36,4,-5,-16,-28,-12,0
,-25,-76,-15,4,-14,-7,-5,-14
,1,84,18,4,-12,-4,-16,-31
,-87,-59,-18,-9,8,7,-5,-24
,-24,2,-10,-13,4,1,-14,-10
,-6,-52,2,4,-6,6,20,-7
,2,-27,0,-8,5,-20,14,-16
,-6,-105,-25,-7,-27,-5,-45,-15
,-5,49,-5,-2,7,-9,8,-53
,86,11,21,0,-10,-103,-27,14
,-99,-128,-44,-9,-1,72,8,-30
,96,127,54,19,8,-12,59,103
,-13,-110,0,1,6,-53,-39,-22
,-91,-76,-28,-13,-12,60,-20,-24
,-9,-30,2,6,8,-12,3,-15
,10,-112,-26,-19,-20,-32,-3,57
,31,89,34,6,11,36,21,3
,-10,2,0,10,-7,-1,4,15
,54,4,6,-8,9,2,17,9
,-55,-23,-6,4,9,32,-20,-10
,43,-41,-9,-5,-1,24,5,-25
,-71,-20,-26,-11,-43,-91,-48,-38
,30,-11,-11,-14,45,23,-6,26
,62,117,26,2,-2,27,51,-115
,-24,-114,-12,-4,-13,-53,-7,33
,-64,-51,-27,10,31,59,-6,-37
,42,92,11,-16,-47,-6,-3,13
,-66,-93,-25,-10,-8,1,24,-42
,106,43,38,7,-5,-26,3,30
,-14,-84,-11,-8,0,67,25,-9
,-46,-100,4,19,4,5,-27,-64
,-68,-27,-11,4,22,12,-5,-43
,-54,-95,-14,-3,-20,-23,30,1
,65,57,4,-4,10,43,-10,-5
,-27,-18,-2,2,-3,-57,5,67
,6,-19,11,0,2,98,8,-22
,-15,30,-16,-1,7,-38,-16,5
,31,-29,1,0,-7,-19,-30,-40
,63,27,22,-7,-9,-31,42,-24
,67,-38,-27,-17,-2,-38,-33,23
,53,-120,-12,-8,-21,69,-23,66
,54,4,14,2,8,-51,27,-43
,-49,-76,-18,23,-11,-4,1,26
,97,120,59,13,89,43,5,64
,-113,-128,-27,-31,6,8,-6,-80
,40,82,5,-4,-11,-12,10,25
,47,-60,7,2,-6,60,-12,2
,7,-83,-13,8,-7,-128,-11,16
,29,66,3,8,2,47,-8,80
,-84,-57,12,5,2,1,5,-11
,-39,82,-8,-20,-42,-56,-24,-20
,-114,-128,-18,-6,-37,-13,2,-1
,44,98,13,5,11,103,28,-9
,-107,-89,-17,-4,-22,-116,-22,-20
,18,23,-2,11,34,44,-3,-6
,43,33,27,-13,-103,-98,-25,0
,39,-115,-33,-12,13,-36,-24,-21
,-11,127,22,6,-4,-5,2,44
,-16,-21,1,5,26,23,12,-3
,-16,-31,-1,10,27,-5,10,-15
,-91,-118,-11,16,4,-20,2,-14
,107,-7,31,9,21,58,22,89
,50,109,25,-1,-17,-36,8,43
,23,38,4,-1,-3,19,1,23
,-32,-69,-4,-1,-3,11,1,-45
,-56,-102,-25,-5,5,2,-25,-26
,-14,-25,9,8,11,19,6,-12
,47,-56,-6,-1,-7,-14,-4,18
,15,78,10,-7,-5,2,21,53
,81,-96,-8,-6,13,-64,-3,2
,-4,-111,-9,-9,-24,60,-34,12
,5,70,-1,-8,-6,-80,8,-54
,-37,-40,-3,2,23,27,-9,-46
,-21,-47,-11,-8,-16,29,-4,12
,60,75,24,0,11,-8,7,31
,-59,-26,-12,4,11,19,10,7
,-6,16,6,2,-7,9,-34,6
,-8,-27,-7,-4,2,42,21,-22
,21,-40,7,8,12,16,32,21
,-11,31,7,3,2,-7,-7,14
,56,-61,1,2,-6,-52,18,57
,61,82,18,3,1,114,-2,-6
,-65,-75,-15,-10,-11,-82,-28,-40
,-29,-18,-2,6,30,34,-7,43
,-60,-74,3,7,8,26,9,-56
,-13,67,-15,-23,-38,-68,-18,8
,-11,-21,-10,-6,-10,-28,7,-1
,-49,-81,-4,-4,4,32,-45,-21
,76,57,14,7,7,-9,15,14
,0,-28,-8,-4,-2,9,10,21
,21,45,2,-8,-2,-24,-6,-33
,21,-55,-25,-13,-20,0,-4,30
,-12,-69,-7,-4,6,7,41,39
,-44,69,7,4,-4,23,-48,-70
,46,44,1,0,-20,-33,-8,36
,-77,-66,-19,-6,21,-19,6,-32
,-26,127,5,-6,-8,0,8,-4
,8,-2,12,10,1,-5,15,17
,-71,-122,-29,-5,12,-30,-5,-51
,-23,12,10,5,-18,55,13,-25
,-36,-36,-12,-11,-11,-28,-18,-31
,-73,-73,-6,9,31,20,7,-5
,-80,-72,-13,-11,-18,-45,-4,-28
,17,49,11,6,-9,12,6,95
,-59,-8,4,6,14,-3,-5,-50
,15,116,16,10,-13,25,3,35
,-24,-89,-14,-16,-28,2,-23,1
,-51,49,4,-5,23,-8,-2,-3
,89,-123,-14,1,-18,44,-7,-36
,83,4,1,1,17,-47,0,-34
,-14,6,-4,7,3,54,-15,8
,-79,-120,-12,2,42,30,-2,-30
,98,119,25,5,-19,-62,-17,23
,-128,-87,-26,-24,-36,-7,2,-67
,127,38,17,13,22,0,-6,33
,-70,-28,-4,-1,0,-17,4,-57
,-125,-84,-10,1,15,95,-31,-41
,-87,55,6,5,-4,-20,-9,97
,-71,-23,-4,-11,-18,-42,-6,-55
,1,-5,4,2,0,12,12,-22
,90,10,-5,-6,-26,-34,37,95
,-101,-35,-9,0,2,11,-6,-14
,-47,-40,-6,0,8,22,-26,1
,89,-26,-3,-7,-25,-19,2,-33
,33,61,-1,-5,2,14,-7,22
,36,-103,-11,-3,5,29,7,-15
,25,79,5,-1,17,10,17,-1
,80,47,-9,-17,-30,-24,-19,62
,29,23,10,9,13,-39,42,24
,50,24,6,1,-15,-6,-49,5
,35,-85,1,13,36,35,22,-16
,56,110,25,9,34,11,-8,-26
,23,11,-9,-14,-48,-56,-10,12
,14,-34,-6,-13,-5,6,31,70
,-106,6,3,5,-1,-12,-5,-57
,-8,-14,-4,10,13,-4,0,-9
,-24,-60,-1,5,11,-3,-17,-3
,33,57,13,-4,-7,-54,5,-16
,-13,-21,-8,-4,8,21,-10,27
,-92,-33,-8,4,-8,33,6,-7
,-54,94,15,1,1,22,-1,-66
,-44,-75,-14,-9,-4,-29,10,5
,-33,-30,-4,7,23,18,0,24
,-29,93,32,19,-39,-1,15,-9
,31,15,-5,-3,26,43,1,12
,36,-48,-14,-16,-26,-24,-19,-28
,72,81,6,-3,1,-24,6,20
,29,-21,-9,-9,-24,62,9,11
,-1,-89,-4,4,3,-58,-31,4
,16,34,-1,1,7,-31,-20,-51
,-124,-17,1,-1,-9,9,6,37
,-10,-28,-12,-13,-4,-53,-16,37
,50,29,1,2,8,12,16,10
,17,-43,-6,-5,-9,29,18,14
,-22,-43,-7,-8,-18,-51,-27,-44
,20,23,-5,0,5,24,-3,-9
,-91,-82,11,9,11,16,9,-11
,-53,31,-2,3,-9,-7,13,9
,121,76,22,4,8,11,18,33
,19,-14,9,4,7,42,1,6
,-66,-51,-15,-7,-13,-12,-6,-24
,-41,-37,-6,4,8,-7,-5,14
,-9,-24,-6,1,-14,52,21,-19
,-48,10,-10,-20,-70,-105,-42,-38
,39,-21,-6,-5,4,13,12,39
,47,6,12,9,11,-12,1,-17
,-13,-4,0,-1,-8,6,16,8
,30,62,3,10,14,50,13,22
,-44,38,11,-2,-13,-10,4,5
,67,51,10,5,9,33,5,-7
,-29,-4,2,4,5,-12,-11,-1
,-15,-120,-11,-1,15,51,15,-20
,15,86,4,3,19,-16,-13,-17
,-45,6,-4,2,15,3,14,-7
,-68,-101,-16,-10,-19,-14,-15,-13
,94,88,8,3,7,13,4,-21
,-33,-65,-8,-7,6,1,9,2
,40,74,12,5,1,14,-7,10
,-24,4,-4,0,15,-9,1,11
,67,-68,-10,-8,-23,-25,-34,13
,-24,-24,-7,-6,-11,10,1,-9
,20,2,-7,-2,15,1,14,-5
,-3,36,4,0,4,9,1,6
,-48,0,-3,2,8,-32,14,-5
,-21,-80,-5,-6,-21,1,-32,21
,81,61,17,5,13,-1,7,32
,30,1,-4,-5,-30,-7,-3,5
,-83,-21,8,6,31,2,3,-4
,45,49,-10,-11,-40,-43,0,-8
,-46,-78,-5,-3,-13,20,-4,-45
,-11,31,1,2,12,-37,-3,7
,57,23,-2,-3,7,-10,-8,-28
,-47,-32,-5,1,0,-38,-9,0
,85,34,3,4,21,45,1,28
,35,22,0,-7,-22,13,22,6
,-87,-73,-8,-5,-12,-5,-25,-12
,5,-27,-7,-3,12,-12,-29,-18
,-73,38,-6,-4,-7,-1,7,-17
,-23,1,0,3,12,10,5,4
,-18,-6,-1,-5,-16,9,6,27
,-1,3,-3,-2,-13,-14,15,-22
,-19,-50,-7,-1,-1,-13,-26,10
,-82,-37,-10,-6,-4,-18,-19,-21
,21,44,8,14,29,-3,22,22
,-40,29,0,-5,-11,5,-5,0
,-67,-85,-18,-22,-52,11,2,-21
,21,19,-6,-3,-3,-46,-16,-3
,88,46,0,-2,5,49,15,12
,-41,-30,2,12,16,23,-22,-23
,-19,5,6,8,10,-49,4,16
,101,-6,2,-4,11,44,0,10
,-79,-17,-4,-7,-31,-23,-14,-9
,54,53,5,0,18,39,17,51
,-1,-27,1,-1,2,-86,1,-10
,-64,-37,-10,-11,-16,23,-16,-20
,59,-8,-7,-8,-8,-38,-6,6
,5,-49,-4,1,-1,7,0,8
,-1,50,7,5,19,40,-5,-2
,-11,-1,1,6,-3,-31,-7,5
,-59,-48,-3,-3,0,-14,11,-11
,38,25,4,1,7,3,-4,1
,62,43,0,0,1,35,18,31
,16,-1,2,-1,-5,47,-1,1
,-89,-31,-1,2,20,-3,-11,-7
,15,-4,-3,-3,4,-36,9,6
,-61,-63,-8,-6,-7,20,0,-5
,54,31,5,0,-5,-51,6,-1
,45,15,7,5,5,6,0,9
,-69,52,3,-2,11,29,11,-8
,-39,-38,-8,1,-4,-6,2,-16
,-31,7,3,1,13,-3,2,15
,47,-53,-5,-4,-11,25,0,9
,-18,44,0,3,6,-82,-9,-22
,7,-15,-3,-3,-5,55,-9,6
,-32,2,-3,-2,-16,-70,39,-6
,-16,18,4,3,9,95,-25,-16
,-21,-1,-2,-9,-31,-41,-16,-8
,0,-23,1,1,13,-3,7,19
,-1,-1,-2,-3,-9,2,-18,-10
,-47,2,-5,-1,4,-47,9,6
,18,-2,-7,-2,-8,20,22,-16
,6,28,-2,-4,-9,5,-4,-8
,30,-10,2,1,12,-6,-16,5
,-14,-54,-10,-4,1,11,16,-1
,13,23,3,-1,2,51,-11,-8
,-52,11,-4,1,1,-10,3,12
,92,10,-1,0,-5,12,7,23
,-66,-17,-1,-1,11,-36,-8,-22
,-45,-54,-4,2,7,27,1,-5
,50,27,5,-3,1,-15,-1,5
,-39,-13,-6,-7,-19,11,-5,-11
,-9,-39,0,5,2,-27,-3,2
,15,25,0,-8,-1,3,5,13
,81,21,-1,2,-4,-26,-11,-4
,-71,-30,-3,4,23,44,13,-13
,81,-2,-1,-6,-26,-72,-22,12
,-57,5,-2,-3,0,-11,19,-16
,-29,32,5,0,2,73,-11,1
,8,-7,-6,-3,14,-44,-1,-10
,-28,10,-3,-7,5,12,-1,-12
,43,-48,-4,3,9,4,1,-2
,68,39,5,3,-9,-26,-4,5
,-6,-4,4,6,11,43,-2,15
,-44,28,-3,-2,-17,-5,-8,-27
,51,-58,-11,-13,-16,-19,-15,10
,-3,-20,4,5,19,-6,18,0
,20,21,3,4,1,57,-4,-6
,14,11,-4,-4,5,-73,-5,2
,-43,-54,2,3,-15,-2,2,0
,-29,9,0,-1,-23,11,-5,1
,-11,-10,0,2,24,-70,2,-18
,83,70,2,-13,-20,13,7,20
,-12,-6,-2,1,-6,-7,-22,-3
,-10,-30,-6,-3,6,-21,1,-8
,-5,-17,2,6,-5,26,12,10
,83,46,3,-2,-10,-13,-7,23
,-26,26,0,-3,0,-39,-2,-7
,42,-62,-10,-8,-8,-1,-14,-5
,-9,8,-3,-3,-11,26,-1,-5
,-78,-37,-2,-1,19,-6,1,-34
,38,-2,2,5,-5,32,6,16
,-36,44,1,-7,4,-49,-20,-14
,-12,15,-1,-3,-4,11,1,8
,13,-18,-1,3,9,10,9,5
,36,32,3,8,15,25,19,3
,-28,-99,-8,-2,-14,-8,4,4
,-56,65,6,-1,3,3,-8,-35
,97,8,-1,-2,-11,-27,11,36
,-14,38,0,6,4,24,11,-5
,-43,-11,-5,-2,-19,-5,-13,-9
,19,-39,-5,1,14,-12,-27,-4
,-35,-34,-6,-1,-5,8,-3,-9
,-41,13,-1,-7,10,37,-1,0
,-15,16,2,2,-3,-5,5,-3
,-3,-11,0,-2,-3,81,21,12
,-21,57,8,3,-17,-8,-23,-11
,9,-42,-8,-10,-20,-20,-4,8
,-23,16,4,1,23,6,0,-7
,-53,-7,-7,-9,-15,-23,2,-16
