,-2,-3,-2,-6,0,-4,-1,-2
,-2,-2,-2,-4,2,0,-3,-1
,-2,-2,-4,0,1,-3,0,-1
,1,-1,2,2,-3,-1,-3,0
,-1,-1,-3,-7,-5,-1,-1,-1
,-2,2,2,7,3,1,-3,-1
,-2,-2,-3,-7,-3,2,0,-2
,0,-2,-1,0,0,-2,-2,0
,1,-2,-1,5,2,0,-1,-2
,-1,-2,-2,-7,-1,-1,-1,1
,-1,-1,-2,1,-1,2,-1,0
,-1,-2,-1,-2,0,-3,-2,-1
,-2,-1,-1,0,0,1,-2,0
,-1,0,1,2,-5,-3,-1,-1
,0,-3,-5,-14,-2,-2,-2,-1
,-1,0,2,24,6,0,-1,-1
,-2,0,-1,-19,-11,0,0,1
,-1,-2,-1,-7,-12,-8,-3,-3
,-1,-2,-6,-6,1,-2,0,-2
,-2,0,0,1,4,0,0,1
,0,-2,1,0,5,0,-2,-1
,0,-2,-3,12,6,4,1,0
,-2,-2,-1,-3,-3,-3,-1,-2
,-2,-1,-4,-7,-11,0,3,-1
,-2,1,-3,-1,-6,-2,-2,-2
,-1,0,0,-2,3,2,1,1
,1,0,0,6,8,-1,-1,-2
,-1,-2,0,-11,-7,-2,-1,-2
,2,-2,0,3,0,-1,-2,1
,-1,-1,1,1,0,-1,0,0
,-1,0,-1,7,2,1,0,1
,-2,-2,-1,-3,0,-2,-2,-3
,0,-2,-1,3,-2,-2,0,0
,-3,-1,-2,-2,-3,-1,-3,0
,0,-1,1,-3,-3,1,-1,0
,-1,-1,0,-6,-4,-1,-1,-2
,-3,2,-1,4,-3,-3,-1,-3
,-1,-1,-3,1,4,3,2,-1
,-1,0,-4,-16,-8,-5,-3,-1
,0,0,5,12,2,-5,-2,-2
,1,-1,-2,-2,-3,0,1,-2
,0,-1,2,1,-1,-2,0,0
,-2,-2,-4,-8,-4,0,-1,-3
,0,-3,-2,-5,-3,-3,-2,-2
,-1,-2,3,9,3,-2,-1,1
,1,-1,-1,-9,-7,-3,-3,-1
,-2,-1,-2,4,5,2,0,-2
,-2,1,1,1,-2,-1,0,0
,-2,-1,-1,-3,-6,-2,-1,-1
,-1,-2,-2,-3,-1,0,0,-1
,0,-2,1,-1,3,-2,-1,-2
,0,-2,-5,2,-1,0,-2,-1
,-3,-1,0,-1,1,0,1,-1
,0,-2,-1,2,5,5,2,0
,-1,0,1,6,-4,-3,0,0
,-2,-1,-4,-10,4,0,-2,0
,0,0,-1,0,-3,-2,-1,0
,-1,-1,-1,1,0,0,-1,-1
,-2,-3,-1,5,1,-5,-3,-2
,0,-3,-1,-14,-9,-2,-3,-1
,-2,-1,0,-1,2,0,-2,-2
,-2,0,0,11,4,1,-2,-2
,1,-1,-1,-9,-1,2,3,0
,-1,0,0,6,-3,-3,-2,-1
,0,-2,-1,-5,-3,-1,0,-1
,0,-1,-1,3,-2,-1,-2,0
,-1,1,-1,-3,2,2,2,-1
,-1,-1,-2,4,1,2,1,0
,-3,-1,-3,-12,-1,-1,-3,-1
,0,0,-1,3,-5,-3,0,0
,-1,-1,-1,-5,-7,-1,-2,1
,0,-3,-3,6,6,-3,-2,-2
,-1,-2,-2,-7,-5,-4,-1,-3
,-1,0,-1,-1,0,0,-1,-2
,-2,-2,-1,1,-1,-1,-4,-1
,1,-1,-2,-4,-5,-2,0,-2
,0,1,0,8,4,-1,-1,0
,-3,-2,0,-16,-16,-2,0,-1
,-2,0,-2,1,-1,0,-1,0
,-1,0,-1,0,1,0,1,1
,-1,-1,-2,1,2,1,-1,-2
,-1,-1,-1,0,1,-1,-2,0
,-1,-1,-2,-1,-4,0,0,-1
,-1,-1,-4,-4,-1,-4,-5,-1
,-1,1,2,5,-9,-2,-1,0
,-1,-2,-1,-1,-1,-2,0,-2
,-2,-2,-2,-10,-2,-1,0,-1
,1,-4,-5,-7,-1,1,1,-1
,1,-2,4,18,10,0,-1,-1
,-2,-2,-2,-10,-2,-2,-2,-1
,1,0,0,8,1,-1,1,-1
,-3,-1,-2,4,3,-2,-2,0
,-2,-3,-3,-14,-4,2,-1,-1
,-1,0,2,1,11,-5,-1,-2
,-2,-1,0,2,1,-1,-2,-1
,-2,-2,-1,-7,-7,-5,-2,-2
,-1,1,-2,-1,-2,-2,-1,-2
,-1,-2,0,1,-2,-4,-4,0
,-2,-1,-2,-3,-2,0,0,1
,-1,0,1,1,0,1,-1,-2
,-2,-2,-3,-3,-3,-2,0,0
,-1,1,0,7,6,2,1,-2
,1,-3,-1,-17,-17,-2,-3,0
,-2,0,1,-1,-3,-1,0,-1
,-2,-1,-3,-3,1,2,1,1
,1,-1,-3,3,1,1,1,0
,0,-3,0,5,-1,-3,-2,-4
,-1,0,5,6,4,0,0,0
,0,-3,-3,-4,1,-1,-4,-1
,-2,-1,0,-5,-4,1,0,-1
,-1,2,1,12,3,-1,-2,-1
,-1,-1,-3,-7,-2,-3,0,-1
,-1,0,-3,1,-1,-3,-1,0
,0,-1,1,3,-3,0,-2,-1
,-1,-3,-2,-8,-2,-1,0,-1
,-2,1,-2,-1,1,1,-2,0
,0,0,-3,-3,0,0,-1,-2
,-3,-2,-3,-3,-2,-2,-2,-4
,-3,-1,0,-3,-4,0,-2,-2
,-2,-1,-1,5,5,1,-3,0
,0,-2,0,-15,-12,-4,-1,-2
,-1,-1,-2,-3,-5,-3,-4,-2
,-1,-2,-1,5,-1,-1,0,-1
,0,-2,-1,-4,-7,-3,-1,-3
,0,-1,-2,4,4,0,0,1
,0,-2,-1,2,-1,-1,0,0
,-1,-2,-2,-8,-6,-5,-2,-1
,-2,-3,-1,6,0,0,1,0
,-1,-1,-1,-7,-3,-1,-3,-1
,0,-2,-1,-6,0,-1,-1,0
,-1,-1,-1,2,3,0,1,0
,-1,-2,2,-2,-4,-1,1,-2
,0,-3,0,2,-6,-2,0,-1
,0,-1,4,7,1,-2,0,1
,0,-3,-2,2,-8,-5,-3,-1
,0,-1,-1,-5,-4,-3,-1,-1
,-2,-2,-2,0,4,-1,-1,-1
,1,-1,-4,-6,-2,1,1,-2
,0,1,-1,1,5,-1,0,-1
,0,-1,-2,-1,0,1,-1,0
,-1,-2,-1,3,-2,-2,-3,-2
,-2,-2,0,-4,1,-3,-2,-1
,-1,-1,-1,0,-1,0,-3,0
,-1,-1,-4,-5,-1,-1,-1,-1
,-1,0,0,2,4,-1,-1,1
,-1,-2,-3,-1,1,0,0,-1
,0,-2,-2,3,6,2,0,-2
,-2,0,-2,-7,-4,-1,-2,-2
,-2,0,1,2,-3,-3,-2,-2
,0,-1,-4,6,2,2,-1,-3
,1,3,3,-12,1,-1,-1,1
,-1,-1,-3,-4,-4,0,-1,-1
,-1,-2,-2,0,2,0,-1,-2
,-1,-1,-3,-4,-4,-1,-1,0
,-2,-2,-2,6,2,1,0,-2
,-2,1,0,2,4,-2,0,-2
,-1,0,-3,-5,-7,-2,-1,-2
,-1,0,-2,-1,-1,-3,-2,-2
,-3,-3,-2,2,2,0,1,1
,0,0,0,-1,-2,0,-4,0
,0,-2,0,0,-1,0,0,1
,-3,-2,-1,-5,-4,-2,0,-1
,-2,0,-2,2,-1,0,2,-3
,-1,-2,0,0,3,0,0,0
,-2,0,-1,8,-3,0,-1,-1
,-1,-1,-1,-21,-7,1,-1,1
,-1,1,4,16,-2,-5,-3,0
,0,-1,-1,-5,-4,0,1,-2
,-2,-1,0,5,4,1,2,-1
,0,-1,-1,0,-1,-1,-1,-3
,-2,-2,-6,-5,-3,-6,-5,-3
,0,0,-2,-1,0,0,2,1
,-1,-1,-1,-1,3,-1,-3,-2
,-2,-1,0,2,-1,1,-1,-1
,0,-1,0,-5,-2,0,-1,-2
,-2,-3,-2,-1,1,-3,-2,-1
,-2,-1,-4,-7,-4,-1,0,0
,-3,-2,-2,2,-10,-6,-1,-1
,-1,-1,-2,-1,0,1,-2,0
,-1,0,-1,5,2,-1,-2,-3
,0,-4,-1,-4,-3,-1,-1,-2
,1,2,5,-1,-6,0,1,0
,0,-2,-4,-7,3,-1,-3,0
,-1,0,0,10,0,-4,-1,-1
,1,-1,0,-5,-2,-1,-1,0
,-1,-1,-3,4,3,-1,-1,0
,0,-3,0,-4,-4,-2,-1,0
,0,-1,-2,-7,0,4,-1,0
,-2,-1,0,0,-1,-6,-5,-1
,-1,-1,-2,2,1,-5,-3,-2
,-1,-1,-1,0,2,2,1,-2
,0,-1,-3,0,-1,0,-2,0
,0,1,-2,-6,-5,2,1,0
,0,0,-1,-1,1,-2,-1,-2
,0,-1,-2,1,-3,0,1,-1
,-2,-1,0,-1,-2,-2,-1,-1
,0,-1,2,-1,-2,-3,1,-2
,-2,-1,-1,-2,-2,0,-3,-1
,-2,0,0,1,8,-1,-3,-2
,-1,-1,-2,-6,-7,-5,-3,-1
,-1,0,-1,0,0,0,-1,-1
,-2,0,1,1,-4,-1,-1,-1
,-2,-2,0,0,-3,-4,1,-1
,0,-3,-2,-3,1,4,0,0
,0,0,-1,2,3,-1,-4,-2
,-2,0,0,4,4,-2,-1,-2
,-2,0,-1,-7,-7,-1,-2,-2
,-1,-1,2,9,6,-3,0,-1
,-3,-3,-1,-8,-3,0,-1,0
,-1,-2,-2,7,4,1,0,2
,1,-1,-2,-10,-8,-3,-1,-3
,1,1,-3,-3,-6,-1,-2,-2
,-1,0,0,1,2,0,1,-2
,0,-3,-1,-3,0,1,-1,-1
,0,0,2,6,2,-3,0,-1
,-2,0,-3,4,-6,-4,-2,-2
,0,0,-1,-8,-8,-3,0,-1
,-2,1,-1,-4,0,2,-3,-1
,-1,-3,-3,1,2,2,0,-1
,-1,-2,-2,-2,-3,-1,0,-2
,-3,1,-1,2,2,-1,-1,0
,-1,-2,-1,-3,-2,-3,-1,1
,-2,-1,-1,3,-7,-2,-1,0
,0,-1,-1,-8,0,-4,-2,-1
,0,-2,1,11,6,3,0,-1
,0,0,0,-7,-7,-5,-1,-2
,-1,-2,-2,-2,7,1,-3,0
,-1,-2,-1,1,-3,0,-1,2
,-1,-1,-3,-8,16,-3,-3,-2
,-1,-2,-2,-7,-46,-3,-3,-2
,0,2,1,2,4,0,1,1
,-1,0,0,-8,-7,-2,0,-1
,1,-2,0,10,-3,-1,-3,0
,-2,0,-2,-1,5,1,1,0
,-2,-2,-4,-4,7,-1,-1,-3
,-1,0,0,1,-7,2,0,0
,1,1,-1,-4,-9,-1,-1,-1
,-1,0,-2,-1,6,-1,0,-1
,1,-1,0,7,-4,-1,-1,0
,-1,-2,-1,-8,9,1,-1,-1
,-4,-3,-2,0,-1,-1,-1,0
,0,-2,-2,-6,2,0,0,0
,-1,-1,-1,0,-4,-3,-2,-3
,-2,-4,0,-3,-2,-3,-2,-2
,-2,0,-1,-3,-5,-4,-3,0
,-1,-2,0,5,9,0,-1,-3
,0,-1,0,1,-3,-1,-1,-1
,-2,-1,-2,-3,-4,-1,-2,0
,-1,-3,-2,5,2,-2,0,-1
,-1,-2,-2,-11,1,0,1,1
,-2,-1,-1,-9,-3,-3,-1,-2
,0,-2,1,9,2,0,1,0
,0,-1,0,3,2,1,1,-1
,-2,0,-3,1,-1,0,-4,-3
,-2,0,-2,2,-2,-2,-1,-1
,-2,-1,-1,-2,-7,-1,-3,-3
,-2,-1,-1,-8,-7,-1,0,0
,-3,-2,0,2,4,-1,0,0
,0,0,-1,-4,-5,0,-1,-2
,1,0,2,6,7,-3,-2,-2
,1,-1,-1,0,-1,-1,0,1
,-1,-1,-3,-1,4,-1,0,-1
,-2,-1,0,-1,-6,0,-1,0
,1,-2,-1,0,2,2,2,0
,-2,-1,0,-1,3,-2,-3,-3
,-2,-3,-1,6,-2,-4,-3,-1
,0,0,0,-14,-8,0,-1,0
,-1,0,0,-4,2,0,0,0
,-1,-2,-2,2,-7,-2,-1,-3
,0,-1,0,3,5,-1,0,0
,0,-1,-1,4,0,-2,-3,-2
,1,-1,-2,2,3,0,-1,1
,0,-1,0,-1,-1,-1,0,-1
,-2,-1,-2,-14,-8,-7,-3,-2
,-2,-3,-1,2,4,5,0,2
,-2,0,-2,-5,-3,-4,-2,-2
,-2,-1,-1,5,4,1,1,-1
,1,-1,0,1,-2,0,-1,0
,0,0,-2,-1,-2,-1,0,-2
,-1,1,0,2,2,-1,-1,0
,-1,0,-5,-6,-6,-2,1,-1
,1,0,1,0,0,1,0,1
,-1,-3,-1,3,0,-3,-1,-2
,0,-1,-3,-10,-3,0,0,0
,-1,-1,-3,-7,-7,-3,-1,-1
,-1,0,1,1,-2,-3,-1,-2
,-1,-1,-2,-4,8,-2,-1,-1
,-2,-2,-1,2,-1,-2,-2,-1
,1,-2,0,3,3,1,0,1
,-1,0,-1,-5,-5,2,-1,-1
,0,-1,1,1,-6,0,0,0
,1,-1,-4,-8,-2,-5,-3,-2
,0,-3,-1,0,-2,0,-2,0
,-1,-1,-3,-4,9,0,-2,-1
,0,2,4,5,-13,-8,-6,-4
,-4,-1,-3,-9,-16,-2,-3,-2
,-3,-1,-2,0,8,1,0,0
,0,-1,-1,-2,0,-1,0,-2
,-2,0,-2,-3,-6,1,1,0
,-1,1,0,6,3,-1,1,1
,-1,0,0,-11,-2,-2,-2,-3
,1,0,1,5,2,-1,-2,-1
,-1,-2,-6,-3,7,-1,-1,-2
,-1,-1,0,1,4,-1,0,-3
,-1,0,0,-3,-5,-1,0,0
,1,0,0,0,4,1,0,0
,-2,-1,-2,-2,-5,-3,-1,0
,-3,-1,-2,0,2,0,-1,-1
,-2,0,-1,1,-6,-3,-1,0
,-1,-1,0,0,-8,-3,1,-2
,-1,-3,-2,2,15,-1,-3,-2
,-2,-1,0,-6,-5,1,-1,1
,-1,-2,0,2,6,-1,0,-2
,-2,0,-2,3,-8,-1,0,-1
,1,0,0,-4,-3,0,2,0
,-2,-1,-3,2,7,-3,-1,0
,0,1,-1,-10,-5,-1,-4,-2
,0,-2,-2,1,3,0,-1,-1
,-1,-1,-2,1,-3,0,0,-1
,-1,-1,-1,2,-2,0,0,-2
,0,0,-1,2,-5,-1,1,1
,-3,-1,-2,3,1,2,-2,-1
,-2,-2,-1,-6,13,-3,-1,-1
,1,-3,-3,-4,-11,-1,-3,-3
,-2,-3,-2,5,2,0,-1,-2
,-1,-2,-1,-5,-1,-2,0,-2
,0,-2,-2,3,5,3,1,0
,-2,-2,-3,-1,1,2,-2,-2
,1,-1,-2,-1,-5,-4,-1,-1
,-1,-1,-3,-1,8,0,-1,0
,-1,0,-1,0,-18,1,0,0
,-2,-4,-5,-1,-1,-5,-2,-3
,0,1,-3,1,-2,3,0,1
,-2,1,2,-4,-5,-2,-2,-1
,-2,-2,-2,-11,-1,-5,-3,-3
,-1,-1,1,7,1,0,0,0
,-2,-2,-1,2,3,1,-1,-3
,1,1,-2,1,2,-2,1,-1
,1,-1,-1,1,-8,-1,-2,0
,-1,0,-2,-7,-3,-3,-2,-2
,-1,-2,1,3,5,-1,-1,-2
,-1,0,-2,-1,-3,1,-1,0
,-2,-1,0,-1,-1,0,1,0
,1,0,-1,-3,-4,-3,0,1
,-3,-2,-1,-6,-4,-3,0,-1
,0,-3,-3,3,1,0,-2,0
,-1,1,0,-11,-9,-2,-3,-2
,-1,1,1,17,9,3,2,0
,-2,-1,0,-11,-6,1,-2,-3
,-2,-2,-2,-3,-5,-6,-1,-1
,-2,-3,-2,-1,3,-1,-3,-1
,0,-2,-1,-4,-6,-1,-1,-2
,0,-2,-3,-1,4,-1,-2,-2
,-1,-3,-2,-3,15,1,1,0
,0,0,2,11,-10,-4,-1,0
,2,-2,2,-6,1,-3,-1,-1
,0,-1,-3,5,5,0,0,0
,0,0,-1,-6,2,-2,-1,-1
,-1,0,-1,3,6,3,-1,0
,-3,-2,-3,-8,-6,2,0,-1
,-1,-1,0,-1,-4,-4,-1,0
,0,-2,0,8,-5,0,-1,-2
,-1,-3,-5,-11,0,2,1,-1
,-1,-1,-2,0,-1,0,-1,-1
,-1,1,-2,-5,-5,-1,-1,2
,-3,-1,-1,-2,-2,-2,-4,-2
,-1,0,-1,2,-2,-1,-1,-2
,-1,-2,-4,2,9,0,0,0
,0,-2,-2,-11,-12,-5,-2,-3
,-3,-1,-2,-4,0,-4,-1,-2
,-2,-1,1,5,1,0,1,-1
,-1,-1,-1,-1,-2,-3,-2,-2
,-1,-2,-1,1,2,2,1,2
,-2,-1,1,2,-5,-3,-3,-2
,-1,-2,-1,-4,-2,-1,-1,-1
,-1,0,-1,-3,1,-1,-1,-1
,1,0,-2,8,2,0,-1,0
,-1,-1,-1,-6,1,-1,-2,0
,0,-1,-3,-1,0,-3,0,-1
,-1,-1,2,0,2,0,0,-1
,-2,-2,-2,-6,-8,-3,-2,-1
,-2,0,-1,2,-1,2,1,1
,-1,-1,-3,-6,-3,-6,-4,-2
,-3,0,-1,-4,-2,0,1,-1
,0,-3,0,-3,3,-2,-1,-2
,0,1,2,4,-2,0,-1,0
,0,-1,-3,4,-2,-3,-1,-1
,-1,0,-2,-4,-5,-2,-2,-1
,-2,2,0,1,2,0,-1,-2
,0,-1,0,0,-2,0,1,-1
,-2,1,-1,2,-5,0,-1,-1
,-1,-1,0,-2,-1,1,-2,0
,-1,-1,-1,2,-1,-2,-1,0
,-1,-4,-5,-10,-5,-1,0,-1
,0,-2,1,4,-2,-3,-4,-1
,-1,-2,-2,7,2,-2,-1,0
,0,-2,-2,-11,-5,1,-1,-2
,-1,-1,-1,0,-1,0,-1,0
,-3,-2,-1,0,7,2,3,0
,-1,-1,-2,-4,-10,-5,-2,-2
,-1,-2,0,6,2,0,0,0
,-2,-1,-1,0,0,-1,-1,1
,-3,-2,-2,-8,2,-2,-2,-3
,-2,-2,0,1,3,1,0,-2
,0,1,-3,0,0,0,2,0
,-1,-2,-4,-5,-6,-3,-2,-1
,0,0,2,-5,-5,-1,0,-1
,0,-1,-1,-6,-4,1,0,-2
,-1,-2,1,7,6,1,-3,-3
,-1,-2,-3,-8,-4,-4,-1,-3
,-1,0,-4,-6,-4,1,1,0
,-2,-1,0,4,0,-4,-3,-2
,0,-1,-1,0,-3,0,-1,1
,0,-2,-2,-5,-2,-1,0,-2
,-1,0,2,6,0,3,-1,-1
,-1,0,0,1,-1,0,0,-1
,0,-1,-3,-10,0,-3,0,-1
,-3,-1,-2,8,-3,2,-1,0
,0,-1,-1,-10,-1,-4,-2,-1
,-2,-3,-2,0,-1,1,-1,0
,-2,-2,-1,4,5,-3,-1,-2
,0,0,1,1,-1,0,1,0
,-3,-2,-5,-5,-7,-5,-2,-2
,0,-1,0,-3,7,0,-3,0
,0,0,1,1,-11,1,0,-1
,-2,-2,-2,-2,-1,-2,-2,-3
,-2,-1,0,-2,1,-1,-1,0
,0,0,-1,2,4,3,3,1
,-1,-2,0,-7,0,-2,-2,0
,0,-1,-2,-7,-3,-3,-1,0
,-1,-2,-3,1,2,-2,-1,-1
,0,-1,-3,-3,10,-2,-1,-1
,-1,-1,-2,1,1,0,-1,-2
,-1,-3,-1,-2,3,-1,-2,-3
,-2,-3,-1,-1,1,2,-2,-2
,-1,-2,-1,-5,-11,-3,-3,-2
,-2,1,2,3,5,0,-1,0
,-1,-1,0,2,0,-3,-3,-1
,2,-1,2,6,1,-3,0,0
,0,-1,-4,-2,0,2,0,-1
,-1,-1,0,4,-4,-2,-2,-1
,-1,-2,-2,-9,-3,1,1,0
,0,0,1,6,-2,-2,-2,-2
,-1,-3,-3,-3,-1,-1,-2,-3
,-1,-3,-3,-2,6,-1,0,-1
,0,-1,2,6,-11,-1,0,-2
,-1,-1,-6,-5,3,0,-1,1
,-1,-2,2,-6,-8,-1,-1,-1
,-2,0,-2,2,2,-2,-1,0
,0,-2,-2,-1,-3,-3,0,0
,0,-2,-3,-8,-2,2,-1,-1
,-1,0,1,2,-10,-5,-2,-1
,-2,-1,-2,-1,0,1,0,-1
,-1,-2,-1,-2,0,-2,-2,-1
,-3,-2,0,-2,-1,-2,-2,-1
,-1,-2,-1,-2,-4,-5,-2,-2
,-1,-2,-2,8,2,2,2,0
,-1,1,3,-10,-1,-4,-5,-4
,-1,0,-1,-4,-2,1,1,-2
,-2,-2,0,3,9,-1,-2,-2
,-1,-1,-1,-7,-19,-1,-2,-1
,0,-1,-3,9,10,2,0,-2
,-3,-1,0,-2,3,-2,-1,-1
,-2,-2,1,-6,-7,-1,-2,-1
,0,-4,-1,-4,5,-1,-1,-2
,-1,-1,-1,2,1,-1,-3,0
,1,0,1,3,-7,0,0,0
,0,0,-4,-1,-3,-2,1,-2
,-2,-3,0,-8,7,-1,-3,-2
,-2,1,-2,0,-7,1,0,-1
,-2,0,-1,1,1,-2,0,0
,-1,-1,-1,1,-2,-4,0,2
,-1,-2,-3,-3,-6,-1,-1,-2
,-2,-2,-2,-2,-6,0,-1,-1
,-1,0,1,8,8,3,-1,-1
,-1,-1,-3,-11,-4,0,-1,-1
,0,1,0,3,-5,-1,-2,0
,-2,-2,-3,-4,4,-1,-1,-1
,-1,-2,-3,4,-6,-1,-2,0
,-2,-2,2,-1,-2,0,1,-1
,-1,-1,-3,-5,1,-2,-1,-1
,-2,-1,4,8,3,1,1,0
,1,-2,0,-2,-2,-1,-1,-2
,0,0,-1,-3,6,0,-1,0
,2,1,-1,0,-11,-1,0,0
,-1,-2,-3,-7,-11,-5,-4,-1
,-2,-2,-3,-4,3,-3,-1,-2
,-1,-1,0,5,-3,0,1,-1
,-2,-3,0,-7,-4,-2,-1,-3
,1,-3,-1,1,-2,1,0,0
,1,-1,0,-2,-4,0,2,1
,-3,-2,-2,1,0,-1,-3,-2
,-1,-1,0,13,1,-4,-1,0
,-2,0,0,-20,-8,-2,-2,-2
,-1,-2,-2,-1,-1,-1,-1,-1
,1,-1,-1,0,3,-1,-1,-1
,-1,0,2,-1,0,-1,0,-2
,0,-2,0,7,12,5,1,-1
,-3,-1,-4,-7,-5,-2,-3,-1
,-1,1,4,1,-9,-1,0,0
,-1,-2,-1,3,1,-2,-1,-1
,-2,0,-3,-1,5,-2,-1,0
,-1,-3,-1,-2,-4,0,-4,-5
,-1,0,-4,1,3,0,-2,-1
,-2,-3,-1,-6,-5,0,-1,-2
,-1,-1,-2,3,8,-3,0,0
,1,0,-1,1,2,0,0,-1
,-2,0,-1,-4,-6,0,-1,0
,-2,0,-1,-2,1,0,-1,-1
,0,-1,-1,8,-2,0,-1,-1
,-2,-1,1,-7,-7,-6,-3,-3
,0,-4,-2,5,5,0,-1,-3
,-1,0,-1,-14,-5,-2,-1,-1
,-3,-2,-2,2,-3,-1,-1,0
,-1,-1,0,7,4,2,0,1
,-2,-2,-5,-8,-7,-3,-1,-1
,-2,0,0,4,-1,-2,-1,0
,-2,-1,-3,-8,-1,1,-1,-1
,-1,-2,-1,1,0,1,-1,-1
,-1,-1,0,8,2,-1,-3,-2
,-1,-2,-2,-11,-1,-1,-1,-1
,0,0,1,11,6,-1,0,0
,0,-1,-1,-2,-10,-2,-1,1
,-3,0,-2,-6,-4,-1,-2,-2
,-1,-3,-2,-4,-3,0,0,-1
,-2,-1,-2,-7,-6,-3,-2,-1
,0,0,0,3,7,1,1,-1
,0,-1,-3,-2,-1,2,0,0
,-1,1,0,-2,1,-3,-2,-3
,0,0,0,2,-8,-1,-1,-1
,0,-1,-2,0,18,1,-1,-3
,-4,1,1,1,-4,-4,-1,-1
,0,-1,-3,3,1,-1,-1,1
,-2,-2,-2,-4,-7,-2,-3,-1
,-2,-3,1,2,-2,0,-1,-1
,2,-1,-1,-1,2,-1,0,-1
,-1,-3,-1,0,0,-1,1,0
,-2,0,1,-2,-4,-1,-1,-2
,0,0,-3,-3,-4,-2,0,2
,0,-1,-3,-5,-1,-1,-3,-1
,0,0,0,12,1,1,-2,-1
,-1,-1,-2,-12,-9,-4,-1,-1
,-1,-2,1,2,1,-1,-3,-1
,1,-2,-1,5,1,1,1,0
,-2,-3,-3,-15,-8,-3,-3,-1
,-2,-1,-2,-1,6,0,1,0
,-1,-1,-2,-2,-7,-4,-2,-1
,0,-2,0,-5,-1,-2,-1,-1
,-1,0,-1,-1,-6,-5,-2,-1
,1,-3,-3,-3,14,1,-2,-1
,-3,-2,-4,-1,-3,-1,-3,-2
,-2,-1,0,1,0,0,0,-1
,-1,0,0,3,-1,0,-1,0
,-1,0,0,1,-4,-2,-2,-2
,0,-1,-3,-8,-2,-5,-4,0
,-1,0,1,-4,0,-4,-4,-3
,0,-1,-2,7,3,3,0,-1
,-1,-1,-1,-10,-2,-1,-2,-2
,1,-1,0,3,-2,-2,1,-2
,-2,0,-2,-5,-5,-3,0,-1
,-3,0,0,2,9,-2,-1,-1
,-3,-2,-1,3,-7,3,0,-1
,-1,-2,-2,-6,-6,-3,-2,-1
,0,0,1,0,2,1,0,0
,1,-1,-4,-4,-6,-4,-2,0
,-1,-1,0,11,-1,1,0,-1
,-3,-1,-2,-9,11,0,0,-1
,-3,-4,-2,-3,-13,-2,-2,-2
,0,-1,1,-2,4,3,2,-1
,-1,0,-2,2,-3,-1,-2,-1
,0,0,0,3,-7,-4,-2,-1
,0,0,-1,-2,5,2,2,-1
,-3,-1,-2,-2,-1,2,-1,-2
,-1,-1,-2,-3,-1,-2,-1,-2
,-2,-1,0,4,3,-1,1,-1
,0,0,0,4,9,0,-3,-2
,-1,-1,-2,-6,-16,-4,-1,0
,0,-3,-3,4,4,1,-2,-2
,-1,0,0,-12,-5,0,-1,0
,-1,-2,-3,-2,-1,-2,-2,0
,-2,-3,-1,2,5,-1,0,-1
,-1,-2,-2,-1,-4,-3,-3,-2
,-1,-1,1,0,-4,0,-3,-2
,1,-1,-2,-1,0,2,-1,-2
,2,-2,1,4,-6,-3,-1,0
,-1,1,-2,-7,24,1,-1,0
,0,0,-2,9,-42,0,1,-1
,-3,-1,0,-12,-5,-5,-4,-2
,0,0,-1,0,-1,0,-3,-2
,-1,-1,0,-1,-6,0,1,1
,0,-2,-2,-3,12,2,1,1
,0,1,0,10,2,2,1,2
,-1,-2,-2,-11,-11,-4,-4,-3
,-1,0,1,1,-3,-2,-1,0
,-1,-1,-1,-2,6,0,0,-1
,0,-2,0,1,-2,-3,0,0
,-2,-2,-1,-2,8,-1,-3,0
,-1,-1,1,-1,-3,0,0,-2
,-3,-1,-4,6,6,1,-2,-3
,-1,0,-1,-5,-15,-4,-1,-2
,-1,-1,-2,-13,11,-3,-3,-1
,0,-2,-2,-4,-4,-2,-1,-3
,-1,0,1,4,1,-1,1,0
,-2,-2,-2,0,0,0,-1,0
,-3,1,-3,3,-6,-5,-3,1
,1,0,0,-3,-7,-2,0,-1
,-1,-2,0,-5,4,-3,0,-1
,-1,-2,-1,5,5,3,-1,-1
,-1,-3,-3,2,-8,-4,-3,-2
,0,-1,-2,-10,-4,-2,-3,0
,0,2,3,1,1,-3,-1,-2
,-2,-1,0,-5,-3,1,-1,0
,0,-2,-1,5,3,1,0,-1
,-1,-1,-2,2,0,0,-2,-1
,0,-2,-3,-6,-4,-2,-4,0
,-1,-2,-2,1,1,-3,-3,-2
,0,0,1,0,4,0,2,-2
,-1,-1,0,2,-6,-2,1,0
,-2,-2,-2,0,6,-9,-2,-2
,-2,-2,0,-9,-2,1,0,-1
,-1,-2,-1,2,0,1,1,0
,-1,-2,-3,-5,-4,-2,0,-1
,-1,-1,-2,2,-1,-3,-2,-2
,0,-1,-3,-3,-2,-1,0,-2
,-1,0,1,3,-4,-1,-1,-1
,-2,-1,-1,1,-3,-1,0,-2
,-2,-2,0,-1,-4,-1,0,0
,-1,-2,-2,-2,-1,-3,-3,-1
,1,0,-1,3,2,2,-1,0
,0,0,2,1,-3,0,-2,-1
,0,-3,-3,-6,-2,0,-2,-1
,-2,-1,-2,6,6,1,-1,-1
,-2,-1,1,-10,-10,-6,-3,-2
,-2,2,-1,0,3,0,1,0
,-1,-2,-2,6,6,0,0,1
,0,-1,-1,-6,-12,-1,-1,-1
,0,-2,-1,-3,4,3,1,0
,-3,-3,-4,-1,-3,-3,-2,-2
,-2,0,-1,-7,-4,-2,-2,0
,0,1,-1,4,9,1,-1,-2
,-2,-1,-2,3,-1,-2,-3,-3
,1,-1,-2,-8,6,-3,-1,0
,0,-1,0,3,-1,3,1,0
,-1,0,0,3,-2,0,-2,-2
,1,-2,-1,-10,-8,-4,0,1
,-2,-1,1,10,6,3,-2,0
,0,0,2,7,-3,-3,0,0
,-2,-1,0,-3,5,-2,-1,-2
,-2,-1,-2,-3,1,3,0,0
,-2,-4,-4,2,-2,0,-2,-1
,-1,-1,-4,0,1,0,0,0
,-1,-2,-1,-7,-13,-3,-2,0
,2,1,-2,2,4,0,0,-1
,-1,0,2,-4,-4,-2,-1,-2
,-2,-3,-3,-10,-8,-3,-3,-3
,1,1,2,7,-1,0,-1,1
,-2,1,-2,-5,5,1,-1,-1
,-1,0,-3,0,-7,2,-2,-1
,0,-3,-3,2,17,2,1,-1
,0,-1,-1,-4,-26,-1,0,0
,0,0,0,2,2,1,1,-1
,-2,-2,-1,-1,-2,-1,0,-2
,-1,2,1,0,0,0,-1,-2
,0,-2,-2,2,11,-2,-1,0
,-3,-3,-3,-10,-5,1,-1,-1
,0,-1,-2,-3,-4,-1,-1,-1
,-2,0,0,-3,-5,3,-1,-2
,-1,-2,-3,-3,1,-3,-1,-2
,-1,-1,1,-1,-8,-3,-2,0
,-1,-1,-1,6,6,2,0,-2
,-1,-2,-1,-8,3,-3,-2,0
,0,1,1,-6,-12,-2,1,0
,0,-2,-3,6,7,3,0,-1
,1,0,1,-4,-1,-2,0,-1
,-1,-1,-2,2,-3,-2,-1,-1
,-1,0,0,1,2,-3,0,-1
,-2,-3,-1,3,2,-1,-1,0
,-2,-1,-2,-7,-2,-3,-2,-1
,0,0,-1,2,-7,2,0,0
,-2,0,0,-4,14,-3,-1,-1
,0,0,-2,-2,-5,-2,-4,-1
,0,-1,-1,4,1,-2,-1,-1
,-1,-1,-3,-7,-4,-2,-1,-1
,-1,-3,-3,-3,-3,-2,-2,-1
,-1,-1,-3,3,0,-3,-1,-2
,0,-1,-2,-5,-7,0,0,-1
,-2,-1,-2,11,5,0,1,-2
,-2,-4,-4,-22,-4,-3,-3,-2
,-3,-1,0,7,-8,0,2,1
,1,-1,0,-2,-5,-3,-3,-3
,-4,1,0,0,-3,2,-1,0
,-1,0,-1,7,3,-2,-2,-1
,-1,-2,-3,-8,5,0,-2,-3
,-1,-1,-2,-5,-8,-1,-3,0
,0,-1,0,1,-1,-1,-3,-2
,-1,-1,-1,4,15,1,-1,0
,0,-3,-2,-5,-2,-1,0,0
,-2,-2,1,4,-7,-3,-2,-1
,0,-2,-1,-14,0,-1,-1,0
,-1,-1,-3,4,-4,-1,0,0
,-1,-1,-2,-5,1,-4,-2,-2
,-1,1,0,0,3,0,0,-1
,0,-2,0,7,0,0,-2,-1
,-2,-1,-2,-9,-4,-3,-1,-1
,-2,1,2,6,-6,0,-1,0
,-3,0,0,2,4,-1,0,-2
,1,1,-1,-7,-6,-4,-1,-2
,-2,0,-3,5,4,-1,-2,-2
,0,-1,0,1,4,1,-1,0
,0,-1,-1,-2,-1,2,-1,0
,-1,-2,-2,-6,-1,-1,-1,-1
,-1,-1,2,5,-3,-2,-3,-1
,-2,-3,-2,1,2,0,-1,-2
,0,-2,-1,-3,-4,-2,1,0
,-1,-1,-1,1,4,-3,-1,0
,0,-1,-1,-7,-6,1,-1,0
,0,1,0,0,1,0,0,-3
,-1,-2,-2,2,4,-4,0,-1
,-3,1,0,-6,-8,-1,-1,-2
,0,-1,0,5,14,1,0,-1
,0,-1,-3,-6,-12,1,0,0
,-1,-2,-3,1,1,0,-2,-3
,1,-2,-2,-3,-3,0,1,1
,-1,-2,2,3,-2,0,0,-2
,0,0,-1,1,-2,-4,0,1
,-1,1,0,-5,-3,-2,0,1
,-1,0,1,2,-1,0,0,0
,-1,-2,-2,-3,-6,-2,-3,-1
,-2,-1,-2,-2,-1,-4,1,-3
,0,-3,-2,-1,3,1,0,-1
,-2,0,-4,-1,1,1,-1,-3
,-1,-1,-1,0,-2,-1,1,-1
,-1,-2,0,-2,-2,-1,-3,0
,-2,-1,-1,-4,-7,-4,-4,-1
,0,-2,-2,0,4,-5,-2,-1
,-1,-2,-2,-2,-5,0,0,0
,-2,-1,0,-1,-6,-2,-2,-3
,0,-2,-1,4,3,0,0,0
,-1,-2,0,-11,-11,-3,-3,-1
,0,-2,-1,0,-3,0,-1,0
,1,-1,0,0,4,-1,0,0
,0,1,1,6,13,2,-1,-2
,-1,-1,-1,-5,-14,-1,-1,-2
,-2,0,-5,3,2,1,0,-3
,-1,0,1,3,-5,2,0,-2
,-1,0,-3,-8,-5,-5,-1,-1
,-1,1,0,9,2,-2,-1,-1
,1,-1,-1,-1,0,2,0,0
,-1,-3,-3,-1,1,-1,-1,0
,-1,-3,-2,-3,-6,-5,-1,0
,-2,-4,-2,7,0,-1,-1,-1
,0,0,1,-12,-12,-4,-1,-2
,0,2,-1,-1,1,-2,0,-1
,-1,0,-1,0,13,1,-3,-2
,0,-1,0,-2,-3,0,0,-1
,0,-2,1,6,4,-2,-1,0
,-1,-3,-4,-6,0,-1,-1,0
,-1,-1,-3,-6,-6,0,-2,-1
,-2,-1,-1,-2,2,-1,1,-1
,-3,-1,-1,-1,-2,-1,-1,-1
,-2,-1,1,0,-2,-2,-1,-1
,-2,-1,-2,2,-2,0,0,0
,-1,-2,-4,-2,-1,0,-2,-1
,-1,-1,-1,-1,-9,-4,-2,-1
,-3,-2,-3,-5,6,1,1,0
,-2,-2,2,1,-8,-3,-2,-2
,-2,0,2,2,2,-2,1,-2
,0,1,-3,-6,2,0,-1,-1
,0,0,1,16,3,-2,-1,-1
,-1,-2,-3,-6,-2,1,0,0
,1,-2,0,0,2,-1,-3,-2
,0,-2,-2,0,-4,-3,-2,-2
,0,0,0,-5,-6,-1,-1,-2
,0,-1,0,0,-2,0,0,-1
,-1,-2,-2,3,-2,1,-1,0
,-2,-2,-3,-7,2,0,-1,-1
,-1,-2,-3,-5,-6,-4,-1,-1
,-1,0,0,2,-3,-1,0,0
,-1,-1,-1,-5,2,-2,0,-1
,-2,1,-1,6,1,0,-2,-3
,-1,-2,-2,-5,6,-1,-1,0
,0,0,-1,-3,-5,0,-2,-2
,-2,-1,-2,0,1,-4,-1,0
,-1,-1,2,-3,0,2,1,2
,-1,-1,-2,-1,-5,-5,-3,-4
,-1,-2,-2,2,5,0,0,-1
,-1,0,1,1,-3,-1,1,-1
,-1,-2,-1,-9,-3,-2,0,-2
,-1,0,-2,-2,-3,1,-2,0
,0,1,1,-3,0,-1,-1,-1
,-1,-1,-2,1,-9,-3,0,-2
,-2,-2,-4,2,10,0,-2,-2
,-2,-1,-2,-3,0,0,0,1
,-1,-1,-2,-6,-6,-1,-2,-1
,-1,0,0,3,2,0,1,-1
,1,0,1,2,-6,-1,0,-1
,2,-4,-1,3,4,1,0,-1
,-3,-2,-2,0,3,-1,-1,-1
,-1,-1,-5,-10,-4,-1,-3,-1
,-1,0,-1,-4,-9,-2,-1,-1
,-3,-1,0,6,0,0,-2,-1
,0,1,-4,-8,-4,-1,0,0
,1,0,2,5,4,-1,-2,-1
,0,-1,0,1,0,-3,-1,-2
,-1,-1,0,-1,4,0,0,-2
,-1,-3,-3,-9,0,2,2,-3
,-1,0,0,12,1,1,1,0
,-1,-2,0,-4,2,1,0,0
,-1,0,-2,1,-8,-4,-3,-1
,-2,0,-1,4,1,1,1,0
,-1,-2,-2,-10,3,0,-1,0
,-1,0,-1,8,-3,0,-2,-2
,0,-1,-1,-5,-2,1,1,0
,-2,-1,-1,0,1,0,0,1
,-1,-3,-3,-6,-6,-1,-3,-3
,-1,-1,-2,-2,2,-4,0,0
,-1,0,0,-4,-7,0,0,-1
,0,-2,-1,-1,-6,-2,-3,-3
,-2,0,2,0,4,0,-1,0
,0,-2,-3,-2,-4,-2,0,-1
,0,0,-1,-4,4,-1,-1,-1
,0,-2,0,14,1,-2,0,-1
,-1,-3,-5,-13,-6,-4,-4,-1
,-2,-2,-1,0,-1,-1,0,-2
,0,-2,-2,5,-5,-2,-1,-2
,-2,-1,0,-8,12,0,-1,-1
,0,-2,-1,-2,3,1,1,-1
,-1,0,-2,0,-4,1,-1,1
,1,0,1,-1,4,-2,0,0
,-2,-1,-3,3,-5,1,-1,-2
,0,0,-2,-2,-1,-1,0,-2
,-1,0,1,-2,-1,1,0,-1
,-3,0,-1,0,0,1,1,-2
,0,-2,-2,-3,-3,-4,-3,-1
,-2,-1,-1,-5,-2,-1,-2,-1
,-1,-2,-4,0,-4,-3,-2,-1
,0,-1,0,3,3,1,-2,0
,0,1,-1,-2,-7,-1,0,-1
,0,-2,-1,-3,-7,-4,-4,-4
,0,-2,-4,2,4,1,-1,0
,-1,-1,-1,-13,-8,-1,-2,0
,-1,-3,-1,-1,-3,-3,-1,-1
,0,0,-1,-2,-2,1,2,-1
,-2,0,0,4,-4,-4,-2,-3
,-1,0,-3,-5,6,-3,-2,0
,0,2,-1,5,-1,2,-3,-1
,0,-2,-2,-10,-10,-4,-3,-3
,-1,-4,2,2,1,-1,-2,0
,-1,-2,-2,1,1,1,0,-1
,-3,-3,-1,-5,1,-1,0,-1
,0,0,-2,2,1,0,1,1
,-4,-1,0,-8,-7,-2,-3,-2
,1,0,-1,1,-4,-5,-2,-1
,-2,-2,1,-1,0,1,0,-1
,-1,-1,-1,2,2,0,-1,-1
,0,-1,-1,-3,0,0,0,1
,-1,-1,-3,-5,-1,-1,-2,-3
,0,1,1,10,5,-5,-3,-4
,0,-2,-3,-9,-10,1,-2,1
,0,-2,-2,-6,-2,-1,-2,0
,-1,-1,1,4,-1,-1,-1,-2
,0,-1,-2,0,-1,-2,-1,-1
,-2,-2,-1,6,3,0,1,0
,1,0,1,-7,4,1,0,0
,-4,-1,-1,5,-1,0,-1,-2
,-1,-1,1,-7,-6,-4,-2,-1
,-1,0,0,8,3,-1,-1,-1
,-3,0,-1,0,-2,-2,0,0
,0,-2,0,0,6,0,-1,-1
,-1,-2,-4,-3,-6,-1,-2,-1
,-2,-1,-1,-5,-11,-3,-1,-1
,1,-1,0,6,3,1,1,-2
,-1,-2,-3,2,1,-3,-3,-1
,0,-2,-4,-15,-10,-5,-1,-1
,0,0,2,1,1,-1,0,-1
,-2,-2,-3,1,-1,1,-1,1
,-2,0,3,-9,-11,-6,-3,-2
,0,-3,0,4,3,0,0,-2
,-1,-2,0,-2,1,1,0,0
,0,-1,-1,-4,-2,-1,-1,-1
,-1,-2,-2,1,3,2,-2,0
,-2,0,-1,2,-3,2,1,1
,-1,1,0,3,6,1,-1,-1
,-2,-2,-3,-1,3,0,-2,-1
,1,0,0,1,-1,0,2,0
,-2,1,0,-1,-6,2,2,-1
,-3,-2,-3,1,-1,-1,0,-2
,0,0,1,0,-5,-2,-2,-3
,0,-3,-2,-2,-3,-3,-1,0
,-1,-3,0,3,2,0,1,-1
,0,-1,-3,-4,0,1,-3,0
,-1,-1,0,7,3,0,0,-1
,0,0,0,-8,-8,0,0,-2
,-1,-1,-3,0,3,0,-2,0
,0,-1,-3,-1,-1,-3,-3,-2
,-1,0,-2,-5,-6,-1,-1,0
,-1,-2,0,2,1,-1,-1,0
,-2,0,-4,1,-1,0,1,2
,-2,-1,0,-11,-4,-6,-2,-1
,-2,0,0,6,1,-1,-1,-1
,-1,0,-1,-2,-3,1,1,-2
,-1,0,-1,0,2,-2,-3,-2
,-1,-1,0,3,5,3,2,-1
,-2,-3,-1,3,-7,-3,-1,-2
,0,0,-1,-6,-3,-3,0,0
,-1,0,-3,-3,2,-2,-2,0
,1,0,0,-5,-2,-1,-1,0
,-1,-1,-2,-2,1,1,1,0
,-2,1,0,5,-3,-3,0,-2
,-1,-2,-1,-3,-5,0,-1,-2
,-1,-2,-3,6,3,0,0,-1
,1,1,0,-14,-9,-1,-2,-2
,-1,0,-2,0,1,-4,-4,-2
,0,-2,-1,-1,-2,-3,-1,0
,-4,-2,-3,-4,-3,-1,-2,0
,7,-1,-3,0,3,0,-1,-2
,0,0,1,-3,-2,1,1,-1
,0,0,0,0,2,1,0,-1
,0,0,1,-1,3,1,1,-1
,-2,-2,-2,2,1,-3,-2,-2
,-1,-3,-1,-2,-2,3,-2,0
,-1,-2,-3,-2,-5,-4,-3,-2
,-1,-2,-2,-10,-8,-1,0,-1
,-4,-2,0,-6,3,-3,2,-3
,-3,-2,-3,-1,-2,-1,-2,-3
,-2,-1,0,1,0,-1,-1,-2
,1,0,0,1,-3,-1,-3,-3
,-1,0,-1,8,3,-1,-1,1
,-1,-1,-3,-11,-4,-4,-4,-1
,0,0,0,9,6,0,-1,1
,-1,-2,-1,-13,-8,-2,-2,-1
,-2,-1,-3,0,-4,2,-1,0
,-2,-2,1,7,7,1,2,0
,-2,0,-3,-9,-9,-4,-2,-1
,1,1,0,1,7,0,0,1
,-1,-2,-1,-1,7,2,0,-1
,-1,-2,-3,-2,-8,-3,-1,-1
,0,-2,-1,-4,2,0,1,-3
,0,-2,0,5,-4,-4,-1,-1
,-1,1,4,-1,6,-3,-2,-1
,1,-1,-1,5,-2,2,0,-2
,0,-2,-1,-5,-7,0,-1,1
,-2,0,-1,3,12,-3,-3,0
,-1,-3,-5,-7,-6,-2,-3,-2
,-1,-4,-1,-3,4,0,-1,0
,-2,-1,-2,-4,0,0,-2,-1
,0,-2,-1,6,-1,-1,-1,-1
,-1,-2,-2,-3,-6,1,-1,-2
,0,1,-2,1,-2,-2,-2,0
,-1,0,0,0,-1,-1,-1,0
,-3,-3,0,2,1,0,0,-1
,-1,-1,-4,-6,-7,-4,-2,-1
,-1,2,0,0,-5,-2,-1,0
,0,-1,0,-3,2,0,0,-1
,-1,1,0,6,3,1,-2,-2
,-1,-1,0,-3,-6,-3,0,-2
,1,0,-2,-7,-4,0,0,-1
,-2,-2,-3,-7,-1,-6,-5,-3
,1,0,4,8,-2,-1,1,1
,-1,-3,-1,-1,-2,3,0,1
,-3,-2,-3,1,9,2,2,0
,-1,-1,-1,0,-4,-5,-5,-2
,-1,-1,-5,-12,-8,1,-1,0
,-3,0,-1,9,2,-1,-1,-1
,-1,-1,-2,-8,-7,-2,0,-2
,0,-3,0,-1,-2,3,2,1
,-1,-3,-3,-5,-4,-3,0,-3
,-1,1,1,-2,-4,-1,0,-3
,-1,-1,-2,2,2,0,-2,-1
,-1,0,-1,-1,1,-1,0,-2
,-2,-1,0,0,-10,-4,0,-3
,-2,-1,0,2,5,-2,-1,1
,-2,0,4,3,12,1,0,-1
,-1,-1,-2,-4,-9,1,0,-2
,-1,0,-3,-5,-7,-2,-4,-2
,0,-2,-2,0,0,0,-1,-1
,-1,-3,-1,0,1,3,-1,1
,0,-1,2,-2,-1,-1,-1,-1
,-1,-1,-2,5,5,0,-1,1
,-1,-1,-2,-7,-9,-2,-1,-2
,1,0,-1,0,3,-1,-3,-3
,0,-1,0,-7,-3,1,2,1
,0,-2,0,6,2,-2,-1,-1
,-1,-2,-2,-1,3,0,-2,0
,0,-3,-2,-3,-4,-1,-1,1
,-1,-1,1,8,2,0,-2,0
,0,-1,-3,-8,0,1,0,-1
,0,0,0,2,3,2,-2,-2
,-3,-1,-1,0,-6,-3,-1,-3
,-1,0,-2,-3,0,-2,-1,0
,-1,-2,-1,-1,2,1,0,0
,1,-1,-1,-5,-4,-3,0,-1
,0,0,-1,-1,-6,0,-4,-3
,1,1,0,-1,-1,2,1,-1
,-2,-1,0,1,0,-2,-3,-1
,-2,-2,-3,-7,-2,-1,-3,-1
,-3,-1,1,-1,-3,-4,-1,0
,-2,-2,-1,7,2,-2,-3,-2
,-2,-1,-1,-4,-5,-1,1,-1
,-1,-1,-2,0,-1,-1,2,0
,0,-2,-2,1,0,0,1,1
,0,-1,1,2,3,-1,-2,-1
,0,-1,-3,-5,-1,0,0,-2
,-2,-2,-2,1,0,-1,-2,-1
,0,-1,2,7,-1,0,-1,0
,-1,-1,-3,-6,-6,0,-1,-2
,-1,0,-1,-5,1,1,-2,-1
,0,1,1,2,2,-1,0,0
,-1,0,-3,-2,-1,0,-2,-2
,-2,-2,-3,-1,-3,-5,-2,-1
,-2,-1,0,6,-1,2,0,0
,-1,-2,0,-9,-4,-1,-1,-1
,1,-1,-3,-8,-6,-3,-3,-2
,-1,-1,0,1,5,-3,-3,-1
,-3,0,-4,-3,2,-1,-1,0
,-1,0,-1,8,2,1,-1,-1
,-1,-1,-3,-11,-8,-2,-1,-3
,0,-3,0,2,1,1,1,-1
,2,-2,-1,2,1,-2,-1,-1
,-2,-1,0,3,-4,-3,0,-1
,-2,-2,0,0,7,0,0,-2
,0,1,-4,-1,-1,1,2,-2
,0,0,-2,-2,-5,-5,-5,-1
,-1,-2,-1,4,3,0,0,-1
,-2,0,-1,-3,-6,-1,0,1
,-1,-2,-2,-2,4,0,0,-1
,0,-1,3,1,-5,-2,-1,-3
,0,-1,1,2,-4,-1,-1,-2
,-1,-2,-4,-13,-5,-7,-4,-1
,0,-2,-2,2,1,-1,-1,0
,-2,0,-4,-4,-1,-3,-2,-2
,-1,-1,-1,0,-1,1,-2,0
,-1,0,0,7,1,-1,0,-2
,-1,-1,-2,-4,-4,-2,-3,-2
,1,0,-2,-4,1,-1,-2,-2
,-1,-1,0,-4,-5,1,-1,0
,0,0,-1,1,3,-3,-2,-2
,-2,-1,-2,-5,2,2,-1,0
,0,0,0,0,-1,-3,1,-1
,-1,-1,0,-3,0,-3,-3,-2
,-1,0,0,-1,-2,2,-1,-1
,-1,-3,-1,0,-2,-4,-1,-1
,-2,-3,0,5,-1,-1,1,-1
,-3,0,-2,-10,-5,-2,0,0
,0,0,1,9,3,0,-1,1
,-1,2,2,1,-6,0,-2,-1
,-3,-2,-5,-1,6,-3,-4,-1
,0,-2,-1,-6,-9,-2,0,-1
,-2,-3,-3,0,2,-1,-3,-2
,-1,-2,-2,-4,-7,-4,-1,0
,0,1,1,3,-1,2,1,-1
,-1,-1,-2,-1,4,-1,-3,-4
,-1,0,-3,-2,0,0,0,1
,-1,-1,-1,-1,-1,1,-1,-1
,-1,-1,-1,-6,-5,-3,-2,-1
,0,0,-2,-1,2,-3,-1,-3
,-1,-1,1,2,-5,-1,0,-1
,-1,-1,0,-2,1,0,-2,-2
,-2,-2,0,-2,-5,0,0,1
,0,0,-1,1,3,1,1,-1
,-1,-3,-1,-1,2,-2,-1,-1
,-1,-3,-2,-8,-5,-1,-1,-3
,1,-2,-2,-4,-2,-1,0,-2
,-2,-2,-1,3,-1,-1,-2,-1
,-1,2,-3,6,-7,2,0,0
,-2,0,-2,-12,-2,-3,-2,0
,0,0,0,-7,-5,0,0,-1
,-1,0,-1,7,2,-1,2,0
,-1,-2,-2,-1,-5,-1,-2,-3
,0,-1,-1,2,5,1,-2,-3
,-3,-2,-2,-3,-3,-1,-3,0
,-2,0,-2,-2,-2,-1,1,-2
,0,0,0,2,-1,-8,-2,-1
,-1,-1,0,2,-3,-3,0,0
,0,-2,-1,-2,5,2,-1,0
,0,-1,0,-3,-2,0,-2,-1
,-1,-2,-3,-5,-3,-5,-1,-1
,-1,-1,-3,2,1,0,-2,-2
,-1,0,0,4,-2,1,2,0
,-1,-3,-2,-7,-1,-1,-3,0
,0,-2,0,7,13,2,1,2
,0,-2,-2,-7,-4,0,1,-2
,-1,-2,-4,-4,-7,-4,-2,-2
,0,-1,0,-2,-2,-1,-1,0
,-1,-2,-2,-5,-6,-1,-2,-1
,-2,0,-2,8,6,-3,-3,-1
,0,0,-1,-4,-2,-3,-1,-1
,0,-2,0,-6,-1,-3,-3,-2
,-1,-2,0,0,-2,-4,-1,-2
,0,-1,-1,-3,-2,1,1,0
,-1,-1,0,3,-4,0,-1,-2
,-2,-1,-3,1,0,-1,-1,0
,-2,0,0,0,2,3,0,-3
,-2,-1,-3,-6,-8,-2,-1,0
,1,-1,1,2,1,2,0,0
,1,-1,-1,6,0,-1,-1,0
,-3,-3,1,-2,-12,0,-2,-1
,-2,-1,-5,-14,7,-3,-5,-2
,-1,1,2,5,7,0,-1,-1
,-2,-2,-3,-4,-4,0,0,-2
,-1,-1,-3,-4,-2,0,0,2
,-1,-1,2,7,-1,-3,1,1
,-3,-3,-2,-4,-3,-1,-1,-1
,-2,-2,-2,1,4,1,0,-1
,-2,-1,-1,-5,-4,-4,-3,-2
,0,0,1,4,-2,2,0,0
,-1,-2,-1,0,1,0,-4,-1
,-1,-1,-3,-3,-6,-3,-2,0
,-1,-1,-4,2,4,2,-2,-1
,0,-2,0,-4,-5,-1,0,-1
,3,0,-1,4,2,3,2,0
,-1,1,-1,-7,1,-5,-3,-4
,-1,-1,0,3,-5,1,-1,0
,-3,-1,0,3,-4,-4,-1,-1
,-2,-1,-3,-8,-11,2,0,-2
,-2,-1,-1,1,18,-2,-2,-2
,0,-3,-1,-3,9,0,-1,0
,-1,0,-2,2,-3,-3,-2,-1
,-2,0,0,2,-6,-1,-2,0
,-1,-3,-2,-2,-8,1,0,-1
,-1,0,-2,-7,-1,-2,-1,-1
,-1,-2,0,5,5,2,-2,0
,-2,-1,-2,-2,-1,-6,-1,-1
,-1,0,-3,-7,-9,1,-2,-2
,1,0,-2,-1,2,0,1,-1
,0,-1,-2,-4,-1,0,0,-2
,-1,-1,0,4,2,-1,-2,-1
,0,2,1,5,-1,1,-1,1
,-1,-2,-2,-3,-6,-1,0,0
,0,1,1,8,2,-2,0,1
,-1,-1,-1,-9,2,-1,-1,-3
,-1,-1,-2,1,-5,-3,0,0
,1,-1,-3,-6,-4,0,1,0
,-1,0,-2,-3,-1,0,0,-2
,-1,-1,-3,-1,-2,-1,-1,-2
,-1,-2,1,2,-4,1,1,-2
,0,1,1,-2,-3,-1,-2,-1
,0,-3,-2,1,2,-1,-2,-1
,1,-2,-1,0,-5,-3,-4,-2
,-2,-2,0,-5,1,1,-1,-1
,-1,-1,-1,2,3,-1,-2,-2
,-2,-1,1,-2,0,-1,0,-2
,-2,-2,-4,-6,0,0,-2,-2
,-1,-3,-1,5,-1,-3,-3,-1
,0,0,-1,-5,-5,-4,-2,-4
,-1,-2,-3,-3,-3,-4,-3,-2
,-1,-2,-1,5,1,-1,0,-1
,0,-2,-2,-8,4,-3,-1,-2
,0,-2,3,-1,-10,0,1,0
,-1,-1,-1,-10,-7,-3,-4,-3
,-3,0,-3,-2,-1,1,1,-2
,-1,0,0,1,-4,0,0,1
,-1,0,-2,2,6,-1,1,-2
,0,1,0,1,-5,1,0,1
,-2,-3,-1,-4,4,-5,-1,-2
,-1,-1,-1,-2,-3,-1,0,-1
,0,-3,1,1,0,0,1,0
,-1,-4,-1,-2,-5,1,-1,-1
,0,-2,0,-1,3,1,-1,1
,0,1,-1,4,-2,0,-1,2
,-3,0,-3,-12,-6,0,-2,-1
,-2,-1,-1,3,1,-3,-1,0
,-1,0,-1,0,1,-1,-2,-2
,-2,-1,-3,-5,1,1,2,-2
,1,3,3,15,1,0,0,-1
,-1,0,-2,-2,2,2,0,-1
,-1,0,-1,-5,-12,-2,-1,-1
,-1,-2,-3,-3,-1,-3,-2,-2
,-3,0,0,2,0,-2,-1,-2
,-1,-1,-1,2,1,-1,-2,-2
,-2,0,-2,-5,-2,-1,-2,1
,0,-2,-1,-10,-3,0,2,1
,-2,0,-3,-2,-3,-2,-2,-1
,0,0,-1,7,2,1,0,0
,-1,-2,-1,-11,-6,-4,-3,-2
,-1,-2,-1,1,-6,-1,0,-2
,-1,-1,1,0,3,0,-1,-1
,0,-2,-1,2,-2,2,-1,-2
,-1,1,1,3,3,-1,0,0
,-2,-2,-5,-6,1,-3,-4,-3
,0,-2,0,0,-5,-3,-1,1
,-1,-1,-3,-5,0,-2,0,-1
,0,2,2,4,0,-3,0,-2
,-1,-1,-2,1,-2,-3,-1,2
,0,-2,-2,-1,4,1,-1,0
,-3,-1,-1,-8,-4,0,-3,-1
,-2,-2,0,14,6,3,-1,0
,-2,0,1,-1,-4,-3,-3,-3
,-1,-2,-3,3,5,-1,-1,0
,0,1,1,-6,0,0,1,0
,0,-1,-3,3,-2,-1,-2,-1
,-1,0,2,-4,-1,-2,-3,-1
,-1,0,-2,1,1,-1,-1,-1
,0,0,1,-6,-5,3,-3,-1
,-1,-2,0,6,-1,-5,-1,-1
,1,-3,-1,2,3,3,1,-3
,-1,-2,-4,-6,-5,-3,-3,0
,-1,-1,-2,-3,-7,-2,-1,0
,-1,0,-3,-4,-1,1,1,1
,-1,0,0,5,3,2,-1,-1
,-2,-1,-1,3,-1,-4,-1,-1
,0,-1,-2,-8,-2,-1,0,-2
,-2,-4,-5,-8,-4,-2,-2,-1
,-1,-2,1,3,-2,-1,2,-1
,-3,-1,0,-3,5,-1,-3,-1
,-2,0,-2,-3,-2,-2,-1,0
,0,-1,0,-6,-1,0,1,-2
,-1,1,-2,-2,-1,-1,-3,-1
,-1,-1,1,0,-4,2,1,-3
,1,-1,0,1,-1,-2,-1,-2
,1,1,1,0,-4,4,-1,-1
,-3,-1,-1,4,6,-6,-2,0
,-1,-3,-3,-11,-2,1,0,0
,-2,-2,-3,0,-4,-4,-2,-2
,0,-2,-1,-3,1,1,0,0
,0,-1,-1,-3,-6,-1,-1,-2
,1,0,4,5,4,0,-1,-1
,-2,-1,0,-1,-1,-2,-2,0
,-2,-2,-3,-5,-8,-7,-4,-2
,-2,0,1,0,-2,-1,-2,-1
,0,-1,-4,-2,1,0,-3,-3
,0,-2,1,4,7,-1,0,-1
,0,-1,1,2,-5,0,-2,1
,-1,-3,-2,0,-3,-1,-2,-1
,0,-1,-3,-5,-4,0,0,0
,1,-2,-1,4,6,3,1,0
,-2,-2,-1,1,-2,-3,-1,-2
,0,0,-1,-2,-1,0,-2,-1
,-1,0,0,0,-7,1,0,-1
,-1,-1,-3,-2,4,-3,-1,-3
,-1,-2,1,-1,3,1,1,0
,-2,-1,-1,13,2,1,0,-1
,-2,-2,-1,-20,-15,-4,-4,-1
,-2,0,1,3,-2,1,0,0
,0,0,1,1,4,1,0,-1
,-2,0,-1,-4,0,-2,-2,-1
,0,-1,0,9,7,-1,-1,0
,-1,-3,-3,-1,0,-4,-2,0
,-1,0,-2,-9,-8,-2,-2,-1
,0,-2,-1,2,1,-1,1,0
,-2,-1,-1,0,2,2,0,0
,-3,-1,-1,-3,-3,-1,-2,-2
,1,-1,-1,4,3,-4,-1,-1
,1,-1,1,-7,-1,0,0,0
,0,1,-2,0,-3,1,-1,-2
,0,-1,-2,1,-2,-1,-1,0
,-2,-3,-2,0,-1,0,-2,-2
,-1,-4,-3,-3,5,-2,-2,-2
,-1,0,2,0,-3,-5,-1,-2
,0,0,2,8,-3,0,-1,-2
,0,-1,-3,-5,1,0,-2,0
,0,-1,-2,-6,0,-1,-1,0
,-2,-1,-1,10,1,-4,-2,0
,-1,-1,-2,-1,-1,-2,0,-1
,-1,0,2,-15,-8,-1,-1,-1
,-1,-1,-2,2,-4,-1,-2,-2
,-1,-1,-4,-4,1,-2,-2,-1
,-2,-1,-1,5,-1,-4,-2,-2
,-1,-1,-1,3,-1,0,-1,-1
,0,-1,-2,1,-1,1,1,-1
,-1,-1,-2,-2,3,0,-2,-2
,1,0,0,-3,-1,0,0,0
,-2,-1,-4,-2,1,-1,-3,-2
,-2,0,3,4,-2,-3,-1,0
,0,-2,0,0,-2,-2,-1,-2
,-1,-3,-1,-6,-10,-6,-3,-1
,-2,-1,-2,2,-2,-1,0,-2
,0,0,-5,-7,2,-2,-3,-3
,-2,-3,-3,4,0,0,-1,-1
,-3,-1,0,-11,-1,1,-1,-1
,1,-2,-3,-1,-4,-1,0,-1
,0,1,1,4,-2,-1,-2,1
,0,-1,-3,-9,-7,-1,-1,-2
,-1,-3,-2,2,5,-2,-2,-1
,-1,-1,3,9,3,0,-2,0
,-1,-2,1,-11,-7,1,1,1
,-1,-1,-3,-1,2,-1,-2,-2
,0,-1,-3,0,-1,2,0,0
,-1,-3,-1,-3,-3,-7,-2,-1
,0,0,0,1,-1,0,-1,-2
,0,-1,0,2,3,-5,1,0
,-2,1,-2,-11,-11,0,-3,-2
,-1,-1,0,2,-2,-2,-1,-1
,-2,-2,-2,-1,2,0,-1,0
,-1,-1,-3,1,-5,1,0,-1
,1,0,-1,5,5,-1,0,-2
,-1,0,-3,-5,-3,1,-2,-2
,-2,-2,-2,-2,9,-3,0,-2
,0,-2,0,3,-1,0,-1,0
,-2,-3,-2,-8,-6,0,-1,1
,0,-1,-1,1,1,2,0,-1
,-2,0,-1,2,-3,0,0,-1
,-2,-1,-3,-3,-1,-2,-4,-2
,0,0,-3,1,-1,-3,-2,-2
,-2,-2,-1,7,5,1,0,-2
,0,-2,-1,-5,-5,-3,-2,-1
,-2,-1,1,-5,1,-1,-1,-2
,1,0,1,3,2,-2,-2,0
,-1,0,-1,-4,-6,-1,-2,-1
,-1,-2,0,10,2,-4,-2,-1
,1,0,-1,-2,2,1,0,1
,-3,-2,-4,-8,-8,-3,-3,-1
,-2,-1,-1,1,3,2,0,0
,-2,0,-2,-4,-6,1,-1,-2
,-3,-1,-1,2,6,0,-1,-2
,-1,0,-2,-4,-7,-3,1,1
,1,-2,-2,0,-2,-2,0,-3
,0,-2,-1,-8,-7,0,-2,-1
,-1,-1,0,4,-3,-1,-2,0
,0,-1,-1,-1,3,1,-1,0
,-2,0,-1,-4,-3,-3,-2,-2
,0,-1,-4,-4,-3,-1,0,-1
,1,0,-1,-3,-10,-1,0,0
,-1,-1,1,10,6,1,1,0
,0,0,-1,-7,1,-4,-2,0
,-2,-1,-1,-5,-14,-5,-3,-3
,-1,-2,-3,-1,-1,-3,0,-3
,-2,-2,-2,-7,-2,0,-5,-4
,-1,-1,-2,3,4,-1,-1,-1
,1,0,1,2,-1,0,-2,-1
,-2,-1,-2,-7,-6,-4,-2,-1
,-1,1,1,6,-2,-3,-2,0
,-2,-2,-1,-4,13,-1,-2,-2
,1,0,-2,3,4,0,1,-1
,1,0,3,0,-1,0,0,-2
,1,-2,-3,0,1,2,2,0
,-2,-1,-1,0,-7,-3,-4,-2
,-1,-1,0,-1,-1,1,-2,-2
,1,-2,-3,-2,2,-1,0,0
,-1,0,0,4,-2,0,1,-1
,-2,0,-1,-3,-5,3,0,-2
,-2,1,-1,1,5,-2,-3,0
,-2,0,-1,-7,-1,1,-2,1
,-1,0,2,2,1,-2,-2,-3
,0,-1,-1,-4,-7,-1,1,-1
,-2,-1,0,-4,-4,-1,0,-2
,-3,-2,-2,3,2,1,-1,-1
,-1,-2,0,-5,-1,-2,-1,-1
,-2,-2,0,-2,-6,0,-1,-1
,0,-2,-1,-1,-2,-2,-1,0
,1,-1,-3,-5,-2,-3,-1,1
,-1,-1,-2,-5,-1,1,-1,-1
,-1,-1,0,1,-1,-2,0,-1
,-1,-2,1,-5,0,-1,-1,-2
,-3,-1,1,0,4,0,-2,-2
,-1,-2,-1,2,-5,2,0,-2
,-1,1,-1,1,0,-2,-1,1
,0,0,-2,3,-1,2,0,-1
,-2,-2,-2,-1,-1,-2,-3,-2
,0,-1,-1,-5,2,0,0,-1
,0,0,1,4,0,-2,-1,0
,0,-1,-3,-7,-6,-6,-3,-1
,-1,0,0,1,-5,1,-1,0
,-3,-2,-2,2,3,-2,-2,-1
,-1,-2,-2,-3,-2,0,1,-1
,-1,-2,-2,-4,0,1,-1,-1
,-2,-1,0,-1,1,-1,-2,1
,0,1,0,7,1,-3,-2,1
,0,-1,-4,-3,-1,0,-1,-1
,-1,-1,1,8,-1,0,1,-1
,0,-1,-3,-8,-3,-2,-1,-3
,0,-3,1,-3,-6,-1,0,-3
,-1,-3,0,2,0,0,-1,-1
,0,-3,-2,-5,0,-1,0,0
,-1,-2,-2,1,-2,-2,-4,-1
,-1,0,-1,-2,2,-2,0,-1
,-1,-1,-2,-1,-1,0,-1,-2
,-2,-2,0,1,-3,0,-1,0
,-1,0,0,-2,-1,-2,2,-1
,-1,-1,-2,4,0,-1,-1,-2
,-1,-1,0,-8,-7,-3,-4,-1
,-1,-1,-3,0,-3,-4,-3,-1
,-2,-1,-1,-3,-7,-1,-1,-1
,0,1,0,1,-6,-1,-1,0
,-1,-3,-3,1,11,0,-1,-1
,-1,0,-1,-3,-1,-2,-2,-3
,-1,-3,-2,-3,-5,-3,1,-1
,-1,-1,-3,-1,3,-4,-3,-3
,-2,-1,-2,-10,-14,-2,0,0
,0,-2,-1,2,1,1,0,-1
,-2,-1,-2,1,3,2,-1,-2
,-2,-3,-4,4,4,-1,-1,-2
,1,0,1,-4,-6,-3,0,0
,-1,-1,-2,4,4,-1,-1,0
,-1,-1,-3,-4,5,-4,-1,1
,-1,-1,0,-4,-13,-1,-1,-1
,-2,1,-4,-1,3,1,0,-2
,-2,0,1,2,-4,-2,0,-2
,-2,0,0,6,3,1,0,-1
,-1,-2,0,-4,4,-1,0,0
,0,1,1,3,4,-2,-3,0
,-1,0,0,-2,-4,-2,0,-1
,-1,-2,0,1,-1,2,-1,-1
,-1,-2,-4,-4,2,-2,-1,-1
,-1,-3,-3,2,-10,-6,-4,-2
,-2,0,1,-1,12,-1,-2,2
,0,2,-1,-3,-8,-2,-1,-2
,0,-2,0,-4,0,1,1,-1
,-2,-3,0,1,1,-1,0,-1
,0,-3,-1,-1,0,-2,0,-2
,1,-1,-2,-1,-2,-1,-2,-1
,-1,0,-1,-7,-3,-4,-2,-1
,0,0,-5,3,-2,-1,1,0
,-1,-1,3,-1,7,-1,-1,-1
,-2,-4,-1,-11,-8,0,-4,-2
,-3,-1,-3,1,-1,-1,-1,-1
,-1,-2,-1,-1,2,2,-1,0
,-4,0,-3,-1,-5,-3,0,0
,-2,0,0,5,1,-1,0,-1
,-1,-1,1,-2,-2,1,0,1
,-1,-3,1,-2,-2,-1,-1,0
,0,-1,-1,1,-6,-1,-1,-2
,0,-2,-2,-5,5,3,-1,0
,-2,-1,0,7,-8,-6,-2,-1
,-1,0,0,-7,1,2,0,-3
,-2,0,-3,-1,-7,-1,2,-1
,-1,0,-2,-1,-1,-1,-1,0
,-1,-3,-4,-2,2,-5,-2,0
,0,-2,-2,0,1,-1,-1,-1
,-2,-1,-2,-1,-1,-1,-1,-1
,-1,-1,-2,-2,-5,-4,-1,-1
,-1,0,0,-4,-4,1,0,0
,-2,-1,-1,2,11,0,1,-3
,-2,-1,-1,-6,-9,0,-3,0
,0,-1,-1,9,2,-1,0,0
,-1,0,0,-4,-4,1,-2,-1
,-2,0,0,-5,0,-3,-3,-2
,1,-2,-1,2,-3,-1,0,-1
,0,-1,1,0,-1,0,0,-2
,0,-3,-1,-4,0,-2,-3,-1
,-1,-1,-1,4,3,1,1,0
,0,-1,-3,-4,0,-2,-2,-1
,-1,-1,1,8,2,0,-1,-2
,-2,0,-4,-15,-6,2,2,1
,1,1,3,8,0,-1,-1,-1
,0,0,-3,2,-6,-1,-1,-2
,-1,1,-1,-8,6,-2,0,-1
,-2,-2,-1,1,2,-2,-3,-2
,0,1,-2,0,-2,0,-1,-1
,-1,0,-1,-1,-4,-2,-1,1
,-1,-1,-2,2,0,0,0,-2
,-1,0,-1,4,2,0,0,0
,-2,0,-2,-3,-6,-2,-2,-3
,-1,1,2,7,5,1,0,-1
,0,-2,-2,-2,-2,-1,-3,-3
,-2,-1,-2,-2,-7,-3,-1,-4
,-1,-2,-4,0,-4,-1,0,-2
,-1,-2,-1,-5,1,0,-1,-1
,-2,-2,-1,-3,0,-3,-1,0
,1,-1,1,-2,2,3,1,-1
,-1,0,2,6,-2,-3,2,0
,-1,-1,-1,0,3,-3,-4,-3
,0,0,-4,-7,-7,-4,-1,0
,-1,-2,-3,-2,2,-1,-1,-2
,1,-1,0,-1,-5,0,-3,-2
,-2,-1,-1,-6,5,-2,0,1
,-2,1,-1,3,-5,-4,-2,-2
,-1,0,-1,0,-1,0,0,1
,-1,-3,-3,1,1,1,0,-1
,0,-1,0,-1,-5,-1,-2,-1
,1,-1,-1,-3,-4,1,-1,1
,0,-2,0,3,1,-1,0,-2
,0,-2,-2,-3,7,-1,-2,-1
,-3,-2,-1,-2,-7,-3,-2,-3
,-2,0,-2,-5,0,-1,-2,-2
,1,0,-1,2,-2,-2,-2,0
,-1,-1,0,1,6,0,-3,-2
,0,-2,-5,-4,-6,1,-2,0
,-1,1,-1,-1,-3,0,0,-1
,-2,-2,-1,7,4,-2,0,-1
,0,-2,-2,-12,-2,2,0,-1
,-2,-1,-3,-3,-3,0,2,-1
,-1,-2,1,1,-3,-3,-1,-1
,-2,-1,-1,1,0,1,0,-1
,-2,0,0,1,-5,-2,-1,-1
,-1,-1,-2,0,4,2,-1,-3
,0,-2,0,-8,-1,-1,-1,-2
,0,1,0,0,-4,-1,-2,-3
,-1,-2,-4,-7,-8,-4,-2,2
,-1,-3,-2,0,1,0,-2,-2
,-1,-2,0,3,4,3,-1,-1
,-2,-2,0,-1,0,-2,-3,-3
,-1,0,-1,1,-4,-1,-1,-1
,-1,0,-1,0,-3,-3,-1,1
,-1,-2,-1,1,2,1,1,1
,0,0,1,-4,1,-3,-2,0
,0,-3,-1,-4,-2,-1,-3,-1
,1,-1,1,1,-2,-3,-1,-1
,-2,-1,-2,-3,-4,-3,-1,-1
,-1,-3,-3,-1,3,0,-1,-2
,-1,0,-1,6,6,-3,-1,-1
,-2,-1,0,-9,-3,-1,1,0
,-1,-1,1,9,-5,-2,-1,0
,-2,-2,-4,-3,7,0,1,1
,1,-1,1,-7,-12,-2,1,-2
,0,-3,-4,-8,2,-2,-2,-3
,0,-2,-4,-11,-1,-1,-1,-1
,-1,0,0,5,2,3,-1,-1
,-1,0,-1,3,1,-2,-2,0
,0,-2,-2,-3,-2,-1,-1,-1
,-1,-1,1,1,-3,0,-2,-2
,0,0,1,-1,1,0,0,0
,-1,0,-3,7,4,-3,-2,1
,-1,-3,0,-18,-19,-2,-4,-1
,-1,0,-1,3,2,-3,0,1
,-2,-2,-3,-8,-8,-1,-3,-1
,0,-1,0,3,2,-1,-1,-1
,-2,-3,-2,2,3,2,-1,-1
,0,-1,-2,-2,-2,-2,0,0
,0,-1,-1,-6,-8,-3,1,-1
,-1,-1,-2,-7,-3,-2,-1,-1
,0,1,0,5,5,-2,-1,1
,0,-2,-3,-3,-2,0,-2,-1
,0,0,0,4,-2,-2,-1,1
,-2,-2,-2,-2,-1,2,0,-3
,0,-1,-1,-3,-1,1,1,0
,-1,0,0,4,7,-2,0,-1
,-1,-3,-1,-5,-13,0,-1,-2
,-1,-2,-3,-2,10,-2,-3,-3
,-2,0,-1,0,-4,-3,-1,-3
,-1,-2,-3,-10,-3,-3,-2,-2
,-2,-2,1,12,3,-1,-1,-2
,-1,0,-3,-13,-4,-1,1,0
,-1,0,0,9,0,0,1,-1
,-1,0,-1,-5,0,0,-1,-1
,-1,0,-2,0,4,4,0,1
,1,-1,1,5,-3,-1,-1,-1
,0,0,0,-1,5,2,0,0
,-1,-2,-1,-2,-9,-2,-1,-1
,-2,0,-1,2,1,-1,0,0
,-1,-2,0,-1,0,0,-1,0
,-1,-1,-4,0,-1,0,0,-2
,-1,-3,1,3,-4,-2,-1,-2
,-2,-2,-2,-2,5,-1,-2,0
,-2,-1,-2,-6,-14,-4,-3,-1
,-1,-1,1,4,7,-4,-2,-2
,1,0,0,-3,-2,-1,-1,0
,-1,-1,-2,-1,1,-2,0,-3
,-1,-3,-1,-7,-5,-1,0,-2
,-1,-2,-2,12,2,-2,0,-2
,-2,-2,-3,-10,-6,-3,0,-2
,1,-1,1,-3,-5,-3,-2,-3
,-2,0,-1,2,2,-1,-2,-1
,-2,-1,-1,-4,-6,-2,0,-1
,0,-1,0,8,9,4,0,-1
,-2,-2,-3,-13,-3,-3,0,-3
,-1,-3,-1,7,0,0,-1,-1
,0,-2,-3,-2,-2,3,-1,-3
,-1,-2,0,0,-3,0,-3,0
,0,-1,0,3,1,0,-1,2
,-1,-1,-1,2,-1,-2,-1,0
,-2,-2,0,-1,3,1,1,1
,-1,-2,-2,-4,-4,-4,-2,-2
,1,0,0,2,1,4,1,0
,-2,0,-1,-5,3,-5,-4,-3
,-1,-2,0,-2,-10,1,0,-1
,-3,-2,-4,-1,-5,-5,-2,-3
,0,-1,-1,-1,-5,-4,-2,-1
,0,1,-1,-1,1,2,2,1
,1,1,-2,-5,4,1,-3,0
,-2,-3,-1,0,-5,-1,-1,-1
,-2,0,0,0,-1,-2,-1,-2
,-1,-1,-2,-2,0,2,0,-2
,-2,-1,-2,6,-4,-5,-1,-1
,0,2,1,4,5,3,1,0
,-1,-1,-5,-13,-1,-3,-2,-1
,-3,1,0,6,2,1,-1,0
,-1,-2,-2,-1,-3,-2,-1,-1
,-1,-2,0,3,1,-1,-2,-1
,-2,0,0,-2,6,0,-1,1
,-2,-1,-2,1,-11,-7,-2,-2
,0,0,0,-3,-3,0,-1,-1
,-3,-1,-2,-5,-4,-2,-1,-2
,0,-1,1,8,3,2,2,-1
,-1,-3,-2,-11,13,1,-2,-2
,-1,-3,2,7,0,1,-3,-1
,1,-3,-3,-3,-1,-2,-2,-1
,-2,-1,-1,-3,-7,-4,-2,-1
,0,-1,0,2,-6,0,1,0
,0,-3,-2,-7,-3,-4,-1,-3
,-1,0,-1,-2,5,0,-1,0
,-2,-2,-4,1,-6,-3,-1,-1
,0,-2,-1,-2,-1,-1,-1,-1
,-2,0,-2,2,4,1,-1,-2
,-2,-1,0,-5,-4,-1,-1,-2
,-2,-1,-2,-5,-1,-2,-1,-1
,-1,-2,-3,-1,4,-5,-3,-2
,0,-1,1,0,-10,1,1,-1
,1,-2,-3,-2,-3,-4,-1,0
,-2,-1,-1,4,2,2,-1,-2
,0,0,-2,-1,-8,-2,1,-1
,-3,1,-1,0,3,1,0,-1
,-1,-2,0,6,17,1,-1,0
,-1,-1,-1,-16,-10,2,1,-2
,0,1,2,8,1,0,-1,-2
,0,-2,-4,-12,-10,-6,-3,-2
,1,-1,0,4,-2,1,1,-3
,0,-1,-2,-2,0,-2,-2,1
,-3,-1,-2,-3,-3,-2,-2,1
,-1,-1,-2,1,8,0,1,0
,-2,-2,-3,-2,-5,-1,1,-2
,-2,-3,-1,-3,-2,-3,-3,-2
,2,-1,2,1,-4,1,0,0
,0,-1,-3,-5,0,-2,1,-1
,-2,2,-2,-6,-3,-2,0,0
,-1,0,-2,3,7,-1,-2,-3
,0,0,-1,-2,-11,3,1,0
,0,0,0,0,1,-2,-2,0
,2,0,0,5,4,3,1,0
,-1,-1,0,1,-2,1,-1,-2
,-2,-2,-1,-7,-3,0,0,0
,-1,-2,-1,-1,-2,-3,0,-4
,-2,0,-1,-3,-4,-2,1,0
,1,0,-1,4,2,-1,0,-2
,-1,-4,-1,-2,-1,-3,-1,-1
,1,-2,-1,-6,-4,-1,-3,-1
,-1,-2,-1,9,-3,-4,-3,-2
,0,0,-1,-5,0,2,0,-1
,-1,-2,-2,-5,-4,-2,-2,-4
,0,-4,-2,1,5,-1,-1,-1
,-2,-3,0,-3,2,5,0,-1
,-2,-3,-1,3,-1,-5,-3,-2
,-1,-2,0,2,-2,-2,1,-2
,-1,0,0,-2,1,1,-1,0
,0,0,-1,-2,-5,-3,0,0
,-2,-1,0,6,-2,-2,-1,-1
,0,-1,0,-5,2,2,0,1
,-1,-2,-2,-5,-1,1,-3,-1
,-1,-1,-3,0,4,-6,-5,-3
,0,-1,-2,0,-6,-2,-1,0
,-1,1,2,-2,3,1,0,-1
,-1,2,-1,0,4,1,2,-1
,-2,-1,-2,-7,-4,-5,-1,1
,-1,-3,-3,-6,-4,-3,-1,0
,0,-2,-3,3,1,0,-1,-1
,0,-2,-1,2,-2,-6,-2,-1
,-2,-1,-2,-5,-8,1,-1,-2
,-3,-2,-3,-5,0,-3,-2,-3
,-2,-1,0,6,2,-1,1,0
,-3,-2,-2,-6,-7,0,-2,-1
,-2,-1,-3,1,-1,-1,-1,-1
,0,0,0,1,0,1,1,0
,0,-1,-1,-7,-1,-2,-3,0
,-1,-1,1,-1,-1,-5,-2,-2
,-1,-1,-1,-3,-2,0,-2,0
,0,-2,-1,1,-7,-4,-2,-2
,0,1,-4,-6,6,-1,-2,-2
,0,-2,2,14,-10,-1,0,0
,-3,-3,-3,-12,6,-3,-1,-1
,0,0,-1,8,0,2,1,1
,-2,-4,-2,-10,-2,-3,-2,-4
,0,-1,-4,-3,-2,-2,-1,0
,1,1,2,5,-2,4,2,1
,-1,-1,-3,-3,-3,0,0,-2
,-2,-1,0,9,0,2,0,0
,-2,-2,-3,-11,-2,-2,-2,-2
,-1,-2,-1,-1,1,1,-4,-3
,-1,0,2,-1,-1,-2,-1,0
,-1,-2,-3,-3,-6,-4,-2,-1
,-1,-1,1,0,2,0,1,0
,-2,-1,2,-4,-6,-5,-1,-1
,-1,-2,0,-3,2,0,-1,-1
,-1,-2,-1,1,0,2,-3,-2
,-1,-1,-2,-3,4,-1,-1,-1
,0,-1,-1,4,-2,-2,-2,-2
,0,0,-2,-4,1,2,-1,1
,-2,0,1,5,-1,-5,-1,0
,0,0,-1,-1,-2,3,-1,0
,-1,0,-2,-6,-2,2,-1,-1
,-1,0,0,-1,-2,-1,-1,-4
,1,-2,-3,2,0,1,0,-3
,-2,-2,0,-4,-1,-2,-1,-1
,-2,-4,-4,-2,17,-1,-1,-1
,1,-1,-1,3,-14,-4,-2,0
,-1,-1,-3,4,0,0,-1,-1
,-2,0,-1,-9,-4,-2,-1,-1
,0,0,1,2,-7,0,1,-1
,-3,-1,-2,-5,3,-3,-3,1
,-1,0,-2,0,3,-2,0,-2
,0,0,-2,-4,-5,-1,-2,0
,2,0,-2,1,-5,1,-1,-2
,-1,0,1,-4,-1,-1,1,-3
,0,2,-1,0,-3,-4,-1,-1
,-1,-2,-3,-2,0,1,-1,-1
,-1,-2,-1,-3,-2,-5,-3,1
,-2,-1,0,4,-2,0,-1,-1
,0,-3,2,-5,3,3,-1,1
,-2,-1,-3,5,0,-2,-1,-1
,-2,-1,-2,2,-1,0,-1,-2
,-1,0,1,-1,-1,-4,-1,-3
,0,-1,-2,-4,-2,-3,0,-2
,-1,0,2,0,-2,-1,-1,-1
,-2,-1,0,11,-1,3,-1,1
,-1,-2,-3,-12,5,-1,-2,-1
,-1,-2,-3,-9,-4,0,-1,0
,-1,-1,2,8,5,0,0,0
,-1,-2,-2,-3,-3,-2,0,0
,-3,-2,1,8,5,-2,-2,-1
,-1,-2,-3,-6,-2,-2,0,-1
,-1,-1,-1,-4,-6,0,0,-2
,0,-1,2,8,3,0,-1,0
,-2,-2,-3,-5,-4,0,-1,-1
,-2,-2,-3,-3,4,-1,-1,-2
,-1,-1,-1,2,0,-5,-1,0
,0,-1,-2,-4,-9,-2,1,0
,0,1,-3,4,0,-1,-1,1
,-1,0,2,0,-7,-7,-3,0
,0,-2,-3,-5,3,0,-1,1
,-1,-1,-2,0,2,4,0,0
,-1,0,-1,-8,-11,1,1,1
,-2,0,1,4,1,1,-4,-1
,-1,0,0,0,-2,-2,-1,-1
,-2,-1,3,-5,-2,-4,-1,0
,-1,-1,-2,-1,-2,0,0,-3
,-1,-1,-2,5,2,2,1,-1
,-1,-1,-1,-7,2,2,0,-2
,0,0,-2,3,-2,0,0,1
,-1,-1,0,2,4,-1,-3,-1
,-1,-3,0,-1,-1,0,2,-2
,-1,-2,-4,6,0,1,-2,-1
,-1,0,-2,-5,1,-1,-1,-1
,-1,-2,-3,-7,-9,-3,-1,-2
,0,-2,0,1,5,-4,-2,-1
,-1,0,2,5,-11,-2,-1,1
,-1,-1,-3,-9,0,-2,-4,-3
,-1,-3,0,-1,1,-4,-3,-1
,0,-2,-1,-4,-8,0,-1,-1
,-1,-1,-3,-1,1,-1,-1,-1
,-1,-1,-1,1,-5,-2,-2,-2
,0,0,-3,7,3,2,0,0
,-2,0,2,-7,-4,-1,0,-1
,-1,-3,-1,-6,-1,-1,0,-1
,-1,1,0,4,5,0,1,0
,-2,-2,-3,-12,-3,-1,-2,-1
,0,0,-2,4,-3,0,-1,-1
,0,-1,-3,-4,-3,-2,0,0
,0,-2,1,1,-2,1,-2,-1
,1,-2,2,6,3,0,0,-1
,-3,-1,-4,2,-2,-2,-2,-1
,0,-1,0,-8,-2,0,0,-1
,-2,-3,-2,0,-11,-3,0,-2
,-2,-2,-3,-4,2,1,1,-1
,-1,-2,-2,2,2,2,-1,-2
,-1,-1,-2,1,0,0,-2,-1
,0,0,3,1,-1,-1,-1,0
,0,1,0,-1,-8,-3,-3,-1
,-1,-3,-2,6,0,1,0,-1
,-2,0,2,-2,0,-4,-3,-1
,1,0,-3,-4,-3,-3,-2,0
,-1,-1,-1,2,0,-2,0,0
,-1,-1,-3,-6,5,2,-2,-2
,-1,-2,-2,-1,-8,-4,-3,-2
,-1,-2,-1,1,0,0,-1,-1
,0,-1,2,0,0,-2,0,1
,-1,-1,-1,6,4,-2,-1,-1
,-2,1,0,-5,-9,1,1,-1
,-1,-1,-1,-7,-10,-3,0,0
,0,-3,-4,-4,19,1,-3,-2
,-1,-2,-1,-3,-5,-1,0,0
,0,0,-2,6,7,1,0,-1
,-3,-1,2,-2,-3,-3,0,0
,0,-3,-1,-1,-6,0,1,1
,-1,-1,-2,-12,-7,-5,-3,-1
,0,-2,-1,1,3,1,-3,-1
,0,0,0,-1,5,1,-1,0
,-1,0,3,6,-2,-2,-2,-1
,-1,0,0,-4,-4,-2,0,-2
,0,-2,-3,-5,-2,-3,-2,-1
,-2,-1,-1,6,-1,-3,-2,-2
,1,0,1,1,-4,1,2,-2
,-1,0,-2,-1,-1,1,2,0
,-1,0,-1,-1,7,-1,-1,-1
,0,-1,0,-2,1,2,0,0
,-3,0,-2,6,-3,-2,-4,-2
,0,-2,-2,-7,5,-1,0,-2
,-3,-1,0,4,2,-1,0,1
,-2,-2,-4,1,-1,-3,0,0
,1,0,-1,2,3,2,1,0
,-1,0,-3,-17,-12,1,-2,0
,-2,-1,-2,9,-1,-2,-2,-2
,-1,-1,2,-1,1,2,-2,-1
,0,-2,1,7,1,0,0,-1
,-1,-1,-1,2,3,-3,-3,-2
,1,-1,-3,-8,-5,0,1,0
,-3,-3,-3,0,-3,0,-1,0
,-2,-3,-2,-5,-4,-5,-3,0
,-2,-2,1,3,-1,-3,-1,-1
,-1,-2,1,-2,2,-1,-3,0
,-1,-1,-3,2,-8,-3,-1,-1
,1,1,0,-7,-6,-1,-1,-3
,-1,0,0,6,-1,0,-2,0
,-1,0,0,2,-1,-2,-1,-1
,0,1,-1,0,4,-1,-1,-1
,-3,-2,-4,-15,1,-3,-2,-1
,-1,0,-1,7,0,1,1,0
,-1,-1,0,-5,-6,-2,2,-1
,-2,-1,0,4,-1,-2,-2,-2
,-1,-2,-2,-6,-3,-3,-2,0
,-2,0,-2,-2,-2,-3,-2,-2
,-2,-2,-2,-1,4,2,0,1
,0,-4,-1,-1,6,4,1,-1
,-3,0,0,4,-3,-4,-2,-4
,1,0,0,0,1,2,2,-1
,-1,-1,-1,-1,0,0,0,-1
,-1,-1,-4,-5,-8,-4,-3,-1
,0,-1,-2,-5,-4,-1,-1,-2
,-1,0,3,2,-2,-3,-1,1
,-1,-1,-2,0,-4,-1,-2,0
,0,-1,-1,-1,10,0,0,0
,0,0,1,1,-1,1,2,0
,0,-1,-5,1,-4,-3,-2,0
,-1,-2,0,-11,-2,-2,-3,-1
,-1,-1,0,-5,-1,-1,0,-2
,0,-1,-2,5,-3,1,1,-3
,1,-1,-1,2,4,1,0,-1
,-1,0,0,-3,-5,-4,-1,-1
,-2,-1,-3,0,-2,1,-2,-1
,0,1,1,-1,5,-1,-3,0
,-2,-2,-1,-4,-5,-1,-2,0
,0,-3,-2,0,-2,3,-1,-4
,1,-2,-1,-5,-4,-2,0,-2
,0,-3,0,4,3,-1,-2,0
,0,0,-2,-7,-2,-3,0,-1
,-2,-1,-1,-2,-11,-2,0,-2
,-2,1,0,5,-1,-5,-2,-1
,-1,-1,-3,-9,5,1,-1,-1
,-1,0,-1,-3,-2,0,0,-1
,-1,-2,-2,-1,1,-3,-2,-1
,-2,1,-3,-3,-2,-2,1,-1
,1,-1,0,2,-5,-3,-1,0
,0,-3,-1,-6,-5,-4,-2,-1
,-1,1,0,8,10,-3,-2,0
,0,-1,-2,-2,1,-2,0,-1
,-2,-1,-3,-5,-4,-2,-1,-1
,-1,-2,-2,-1,-1,1,-1,-1
,-1,-3,-2,0,-3,-4,-4,0
,-2,-2,-3,1,-1,0,-2,-1
,-1,1,2,4,-2,1,0,0
,-2,-1,0,3,1,2,-1,-2
,0,-2,-1,-1,8,1,1,-2
,-1,1,2,-5,-8,1,-1,-2
,-2,-3,-3,3,-6,-3,-2,0
,-2,0,0,-5,-3,0,0,-1
,0,1,3,-2,1,-1,-1,-1
,-3,-3,-2,-2,2,0,-2,-3
,-2,-2,0,0,-2,0,-1,-2
,1,-1,2,4,-2,-6,-1,-1
,-2,-2,-2,8,5,4,0,-1
,0,-1,-1,-16,-10,-4,-3,-1
,1,-2,-2,-3,-1,4,1,1
,-2,-2,-4,-6,3,-5,-5,-3
,0,1,1,2,-7,-4,-1,0
,0,-1,1,0,2,2,-1,1
,-1,-1,-2,-4,-3,-1,0,0
,-1,-3,-2,-3,-3,-1,-1,-1
,-2,-1,-3,1,1,0,-3,0
,-1,0,1,7,-4,-1,1,0
,-2,-2,-2,-14,-6,-4,-4,-3
,-1,0,1,4,4,-1,-1,0
,-1,0,-3,-5,-5,-2,-2,-2
,-1,-1,-2,-4,0,-5,-2,-1
,-1,-1,-2,3,1,1,1,0
,1,0,2,5,7,4,1,1
,-2,-2,-3,-8,-7,-2,-2,-1
,-1,1,-2,-6,-2,-2,-3,-1
,-2,-2,0,7,8,-1,-2,-1
,1,-3,-3,-3,-5,-1,-2,-1
,1,1,-1,-1,0,1,1,-1
,-1,-2,-2,2,0,0,-1,-1
,0,0,0,1,0,2,1,1
,-2,0,-2,-2,0,-3,-3,0
,-3,-1,0,-1,-5,0,-1,-2
,0,-4,-4,-1,-3,-2,-3,-3
,0,1,0,-13,-4,-3,-1,-3
,-2,-2,-4,-2,-7,-5,-2,-1
,-1,-1,-1,-1,1,-2,-2,1
,-1,1,-2,10,6,-1,-1,-2
,-2,-1,-1,-3,-2,-2,-3,-1
,-1,-1,2,-1,-1,1,0,0
,0,-1,-2,-2,-2,0,0,-1
,0,-3,-1,-1,2,0,-1,1
,-1,-2,-1,3,-3,-3,-1,-1
,-2,1,5,10,-1,-1,-3,-1
,-2,-2,-1,-3,-7,-1,-4,-2
,-1,-3,-1,-5,-1,-3,0,-2
,0,0,1,2,-2,-1,0,0
,0,-1,-3,-2,-3,-1,0,-2
,0,0,-1,2,1,0,1,0
,-1,0,-1,-4,5,-3,-2,-1
,-1,-2,-1,5,-5,0,0,0
,0,2,-3,-5,-3,-1,-1,-2
,1,-2,1,0,7,2,0,-1
,-3,-1,-2,-3,-1,-1,-1,0
,0,-1,-1,0,6,1,-2,-2
,-1,0,-1,4,-3,-2,0,0
,0,0,-1,1,5,-1,-1,-1
,-1,0,-1,1,-1,0,0,-2
,-1,-2,-3,-9,-9,-4,-3,-1
,-2,-1,-1,-7,-6,0,0,-1
,0,-1,0,4,14,-3,1,-1
,-1,-1,1,-4,-13,0,-1,0
,-3,0,-4,-3,-3,1,0,-2
,-1,-1,1,0,-1,-3,-2,-2
,-1,-3,-1,1,-5,-2,-3,-1
,-1,0,-2,-1,2,-1,-1,0
,-1,1,0,5,4,-4,-3,0
,-2,-2,-3,-11,-3,-1,0,-1
,-1,1,0,0,-8,-2,0,0
,-1,-1,1,0,4,1,-2,-1
,-4,-1,-1,3,-2,-1,-2,-2
,0,-2,-2,0,2,0,1,-1
,-2,-1,-1,-1,-2,3,-2,-2
,0,-1,-2,-5,-4,-1,0,0
,0,-2,-1,-2,2,3,1,-1
,-1,-2,-1,3,5,2,0,-1
,-2,-3,-2,-3,-6,-6,-2,-2
,0,0,-2,-2,1,0,0,-1
,0,-1,-1,1,-2,0,-1,-2
,-2,-1,-1,0,4,0,-2,1
,-2,-1,-2,-10,-7,-2,-2,1
,-3,-2,0,5,2,-2,0,-1
,0,0,-1,-3,0,-5,-3,0
,0,-1,1,-9,-5,0,-1,-1
,-1,0,2,3,-1,0,-1,-2
,-1,-2,-5,-4,0,-2,-1,-2
,-1,-2,-1,2,-1,-1,0,-1
,-1,0,-1,-3,1,-2,-1,-1
,0,-1,-1,1,1,-1,0,-1
,0,-3,0,-7,-5,2,0,0
,0,0,-1,-1,5,3,2,0
,-2,-2,-4,2,-9,-5,-4,-3
,-2,-2,-2,-13,-6,-5,-4,-3
,-1,2,2,9,2,1,0,0
,0,-2,-3,-7,-4,-2,-1,-1
,0,-1,1,2,0,1,1,1
,0,0,0,8,6,4,0,-1
,-2,-2,-1,-5,-3,-2,-3,-1
,-2,-1,-4,-5,-6,-2,-1,1
,-2,-2,0,5,6,-2,-1,-1
,0,-2,-2,-10,-6,0,-1,0
,1,-2,1,7,9,1,2,-1
,-2,0,-2,-5,-9,-3,0,-1
,1,-2,-2,3,1,2,1,0
,-3,-1,-1,-2,-4,-7,-4,-1
,0,-2,-1,0,-4,-1,-4,-1
,0,0,2,14,12,1,0,1
,-2,0,-1,-15,-18,-2,0,0
,0,-2,-4,-4,14,-1,0,1
,0,-1,0,1,-1,-3,-2,-2
,-2,-1,-1,0,-2,0,-2,-1
,-2,-1,-1,0,-1,-2,-2,-2
,0,0,-1,-1,-6,1,3,-1
,-3,-2,-2,-3,-3,-4,-1,-2
,-1,-2,-1,2,1,-2,-3,-1
,-3,-4,1,-8,3,-3,-2,-1
,-2,-1,-3,2,0,-1,-2,-1
,0,-2,-3,-4,1,-3,-1,-1
,-1,0,1,0,-7,-3,-1,-2
,1,-1,0,1,1,-4,-3,-2
,0,0,-1,3,0,-4,0,0
,-1,-1,-1,-5,-5,-2,-1,0
,-1,-3,0,2,4,-1,-1,-1
,-3,0,-1,-6,-3,-3,-1,-2
,0,-2,1,2,7,2,-1,-2
,0,-1,-3,4,-11,3,-1,-1
,-3,-2,-2,-16,-9,-4,-1,-2
,-1,-1,-2,13,8,4,1,-1
,0,1,1,-7,-15,-3,-1,-1
,-1,-1,-1,-3,9,1,0,-1
,0,-2,1,-1,0,0,0,-1
,0,-1,0,9,-2,-2,1,0
,-2,-2,-1,-10,-2,1,2,-1
,-3,-2,-3,1,-7,-3,-4,-1
,-1,1,-2,-4,0,2,0,0
,-2,-2,-3,-7,-4,-3,-4,-3
,2,-2,-2,6,0,1,0,-1
,-1,0,2,-5,-1,0,1,-2
,-1,-2,-4,-4,-1,-1,-2,-1
,-1,-2,0,0,-1,2,-2,-3
,-3,-1,-2,1,-5,-3,-2,-1
,-1,1,2,3,9,4,0,-1
,0,-1,0,2,-8,-4,-3,-2
,-1,-2,-3,-3,0,-1,0,0
,-3,-2,1,-1,-3,-1,-2,-1
,0,-2,0,6,1,-2,0,-2
,-1,-1,-1,-6,0,-2,-1,1
,-1,2,0,-9,-9,-3,-3,-1
,0,-2,-2,3,7,0,-3,-3
,-3,0,-2,-2,-3,0,0,0
,-1,-1,0,2,-3,0,-1,-2
,-2,-2,0,0,0,-3,0,0
,-1,0,0,-5,-3,0,-1,-1
,-1,1,-1,3,1,-2,-1,-2
,-1,-3,-5,-2,3,0,-2,-2
,-1,1,0,2,0,-1,1,-2
,-1,-2,-1,-2,-8,-7,-4,-1
,-2,-1,-2,-5,1,-3,-1,-1
,0,-1,-2,1,2,1,-1,0
,-1,-1,1,-3,1,-2,0,-1
,-1,-2,-3,-5,-1,-2,-1,0
,-1,-1,0,1,-5,-2,-2,1
,-3,0,-1,6,2,-1,-2,0
,-2,-1,-3,-11,1,1,1,-1
,0,0,0,2,-8,-4,-1,0
,0,-2,1,0,10,0,-2,-2
,-1,0,0,-4,-2,0,0,0
,-2,-3,-3,3,1,0,-4,-3
,-2,-2,-1,1,-2,1,1,-1
,1,1,-1,-3,-7,-4,0,0
,-2,-1,0,3,2,-3,-1,-2
,-2,-2,-1,-3,-2,-5,-2,-2
,-2,0,1,-3,1,3,-1,-3
,-3,-2,-3,-4,-3,2,-1,-1
,0,0,-2,4,0,-3,0,-1
,0,-1,0,-9,-7,-1,-1,0
,0,-2,-2,1,4,0,-1,0
,0,0,1,0,1,0,-1,0
,0,-2,-2,2,1,2,0,-1
,-1,-3,-2,-7,-4,-1,0,0
,-1,0,0,1,-4,-1,-3,-1
,0,-2,1,-3,9,-3,-2,-1
,-1,0,-2,0,-2,0,0,-1
,-2,0,-2,5,9,4,-1,0
,-3,-1,-1,-5,-8,-1,-1,0
,-1,-1,-1,1,-10,-1,1,-2
,-2,-1,0,-2,1,1,-1,0
,-1,-1,-1,5,6,-2,-4,-3
,0,-2,-3,1,1,-2,1,0
,-1,-2,-1,-5,-4,-2,-3,0
,0,-1,-3,-7,-2,1,0,0
,-1,-1,-2,5,-5,-3,-1,-2
,0,0,-2,-3,6,0,-1,-1
,1,-1,-1,3,0,-1,-1,0
,0,-1,0,-3,-2,-5,-3,-2
,0,-3,-3,1,-13,-1,-1,-1
,-3,-2,-2,1,11,0,1,-1
,-2,0,-1,-5,-5,-1,-2,-3
,0,-2,1,-10,-9,-3,-3,1
,0,-1,-1,1,0,0,1,0
,-1,-2,-4,-6,-3,1,1,-1
,-2,-3,-3,-8,-4,-4,-2,-2
,0,-2,-1,7,5,-1,0,-2
,0,-2,-1,-4,-1,0,-1,-1
,-1,0,-1,0,2,0,-1,-2
,1,0,-2,1,0,-2,-2,-1
,-1,1,-1,-3,-4,2,0,-2
,-3,-1,-2,2,6,-1,-2,-2
,-1,-1,0,-2,3,0,-1,0
,-1,-2,-2,-3,-10,-4,0,0
,-3,-2,-1,0,6,0,-1,-2
,-2,-1,0,2,-10,-4,-3,-1
,-3,1,0,-1,8,-4,-2,-2
,0,-1,-3,6,3,1,-2,-1
,-2,-2,-1,-21,-15,-5,-3,-2
,-1,-2,-1,3,3,-2,0,-1
,-1,0,-1,0,-6,0,-2,-1
,-2,-1,0,4,3,0,-2,-1
,0,1,0,0,-5,1,-1,0
,-1,1,1,0,0,-1,0,-1
,-1,-3,-6,2,-1,-3,-2,-2
,0,-1,0,1,4,4,2,-1
,-1,0,-3,-4,5,0,-1,-1
,0,-2,-1,-4,-1,-1,0,0
,0,1,0,1,-6,0,0,0
,0,0,-2,-2,4,-2,1,-1
,-3,-1,1,1,-5,0,-1,-1
,-1,-2,-2,-6,0,0,-3,-1
,-1,0,0,3,2,0,0,-2
,-1,0,-3,-1,-1,-3,-2,1
,0,-2,-3,-1,7,-6,-3,-2
,0,0,0,1,0,1,-1,-1
,0,-1,-1,0,-7,-1,-1,0
,-3,-1,2,-5,-8,0,-1,0
,-2,-2,-4,-2,0,-1,-3,-1
,-1,0,0,5,4,-2,-2,-2
,0,0,0,-1,0,0,-3,-1
,0,-1,-3,-5,-4,-2,-1,-2
,-2,-2,-2,-3,-2,-1,0,0
,0,0,1,12,3,0,2,-1
,-1,-2,-1,-9,-3,-1,-3,-3
,-1,-1,-1,-10,0,0,-1,-1
,-1,-2,1,4,2,2,1,-2
,-1,0,-3,-6,-7,-3,-1,-1
,-1,-1,-1,1,0,0,0,-1
,1,0,-1,1,2,-1,-2,0
,0,0,1,7,-1,-3,-1,-2
,-1,-2,0,-16,-9,2,0,-1
,0,-3,-3,1,-1,-1,-1,-2
,-3,-1,0,-1,5,-1,-2,-1
,-2,1,-2,1,-4,-1,-1,1
,-2,-1,-3,-4,-1,-4,-1,-1
,-1,-2,0,-3,-4,-5,-3,-1
,-2,-1,-1,0,-4,-2,-2,-3
,0,-2,0,4,0,0,1,-1
,0,2,1,0,7,-3,-2,1
,-2,-1,-4,-7,-7,-2,-3,-1
,1,-2,2,7,-3,0,1,0
,-1,0,2,-2,0,-2,-1,0
,-1,-3,-4,-1,-10,1,-1,-1
,-1,-2,2,-3,4,-4,0,-1
,-2,-4,-5,-1,0,-2,-2,-2
,0,0,0,1,-3,-1,1,-1
,0,-2,-1,3,1,2,1,0
,-1,1,3,2,1,-2,-2,-2
,-1,0,-1,-3,0,1,1,-3
,0,0,-1,-2,-8,-4,-3,-1
,-1,-3,-5,-4,-3,-3,-4,-1
,0,-2,-1,8,2,2,1,0
,1,-2,1,-3,-2,-3,-2,-2
,1,-1,-1,0,-4,2,2,-3
,1,1,-1,0,0,-1,-1,-1
,-1,0,-3,-3,0,1,1,1
,0,-1,-2,-2,-2,-2,-1,-1
,-2,-1,-3,1,-3,-2,-2,-2
,0,-1,-1,-6,-3,-1,0,-4
,-2,-1,0,-3,-6,-6,-3,-1
,-1,-1,-2,5,1,0,1,-1
,-1,-2,-1,6,5,0,-1,0
,-2,-1,-2,-9,-1,-1,1,-1
,1,0,0,10,7,2,0,0
,-2,1,-1,-12,-12,-2,-2,-1
,-2,-2,-2,-2,-5,-2,-2,-1
,-2,-2,-2,-3,10,-3,-2,-2
,-1,0,-2,-3,-3,-1,-2,-1
,0,-1,-1,1,-2,0,0,0
,0,-1,-2,-2,0,-1,-1,0
,1,1,1,2,-5,-2,0,0
,-1,-1,-2,-3,-2,0,1,-1
,0,0,0,-1,5,0,0,-1
,-2,-2,-2,-6,1,-1,0,-2
,0,-1,-2,-3,-5,-4,-3,-1
,-1,-1,-2,-1,0,-2,-2,-2
,0,0,-1,-6,-6,-1,-4,1
,0,1,1,5,6,3,0,-1
,-1,-2,-4,-1,0,1,-1,-1
,-1,-3,-3,-1,-4,-1,0,-1
,-2,-2,-2,9,5,-4,-2,-2
,-3,-3,-2,-10,-6,-2,-1,-1
,0,-1,2,-5,-2,0,-2,-2
,-1,1,0,2,9,-1,-1,0
,0,-2,-1,-2,-9,-2,-1,-1
,0,1,0,3,-3,-1,-2,-2
,0,-1,-3,1,2,-2,-1,-2
,0,-2,-1,-3,-5,1,1,1
,-2,-1,-1,-2,-1,0,-2,-1
,0,0,-1,-5,-1,-1,-1,-1
,-2,-1,0,6,3,-2,-1,-1
,0,-1,-1,-4,-8,-2,-3,-2
,-1,0,0,-3,6,3,3,0
,1,-2,-2,-8,-10,-4,-3,-1
,0,0,0,0,0,-1,0,1
,-1,-1,-2,-5,-2,-3,-3,-1
,-1,-2,-4,2,1,-1,0,-2
,-1,2,2,2,4,1,0,0
,-2,-2,-1,-3,-3,1,0,-1
,-1,0,0,5,-2,-4,-2,-2
,-1,-2,-2,-6,-3,0,0,2
,0,-1,-4,-2,1,-6,-2,-1
,-3,-3,-2,5,1,0,0,0
,-1,-1,0,-9,-4,0,-1,-2
,0,0,-2,1,2,-5,-4,-1
,-1,-1,-2,2,1,0,0,0
,1,-1,-1,-3,3,1,-1,-2
,-1,-1,1,4,-9,-1,1,-1
,-4,0,-1,0,-2,1,1,-2
,-2,-1,-2,-4,-1,0,-3,-2
,-1,0,0,-1,-2,-1,-1,-2
,0,-1,-1,-1,1,-1,1,-1
,0,0,-1,-2,-3,0,0,0
,-2,-3,-3,1,10,-1,-3,-1
,-1,-3,-1,-10,-10,-1,-4,-2
,-2,-1,-1,4,7,-2,-3,-2
,0,-1,2,-4,-8,-4,-1,0
,-1,-3,-3,-2,-3,0,-2,-1
,0,0,1,15,-2,-2,-1,0
,-1,1,-1,-5,3,1,2,0
,-1,-1,-2,-2,0,0,-2,0
,1,-1,0,-1,0,1,1,0
,-1,2,-1,-3,-1,-3,-2,-1
,1,-2,-2,7,2,2,-1,-2
,-1,0,0,-5,-3,-6,-3,-2
,0,-1,-1,-2,-1,1,0,-2
,-2,-3,-3,1,1,0,-1,0
,1,-2,-1,-5,-1,-1,0,1
,-2,-1,-2,3,0,-1,-3,-3
,0,-1,4,1,-2,-2,0,0
,1,-1,-2,-1,1,0,0,0
,-1,-1,-1,-2,1,-2,-2,-2
,2,-2,-2,0,-8,-2,0,-1
,-1,0,-2,-3,-4,1,0,1
,-1,-1,-2,-1,10,1,0,0
,-2,-2,-1,7,2,-4,-3,-1
,0,-2,-1,-11,-3,1,-1,0
,-2,0,1,2,-5,-2,-1,-1
,-1,-1,-2,-9,-6,-1,-3,-3
,-3,-1,-3,-3,-2,1,0,-2
,0,-1,3,10,3,-2,-1,-1
,-2,-3,-2,0,0,-2,-1,-2
,0,0,-1,-6,-6,-1,-2,-1
,0,-1,-1,-6,-6,0,0,0
,-1,-1,-1,2,3,0,1,-2
,-1,-2,-1,-3,-3,-1,0,-1
,-2,-1,-1,7,1,0,-1,-1
,-3,-1,-2,-5,-5,-2,-3,1
,-2,-1,-1,-2,0,-1,-1,-2
,0,1,-2,0,2,0,-2,-2
,0,-1,0,-1,-2,-1,0,-1
,0,-1,-2,0,-4,-3,-1,-2
,0,-3,0,1,6,-2,-1,0
,0,-3,-3,-9,-11,-4,-3,-1
,-2,0,1,3,-8,1,1,-1
,-2,0,0,-3,-7,0,-1,-2
,0,-1,-1,3,1,1,0,0
,1,-1,0,7,9,2,1,-2
,-1,-1,-4,-10,-7,1,-2,-1
,0,-1,-1,-3,-1,-3,-2,-1
,-2,-3,-1,-5,-10,-6,-3,-1
,-1,2,1,7,0,0,0,0
,-2,-2,-1,3,3,-1,-1,-2
,-2,0,2,7,4,2,1,-1
,-1,-1,-4,-8,-2,0,-3,-2
,-1,-3,-2,-8,-2,-4,-3,-2
,-1,-1,0,4,3,-2,-3,0
,-1,-1,-1,-11,-6,-1,-1,-1
,-1,-1,-1,1,8,-3,-2,-3
,-1,0,-3,0,-2,3,0,0
,-1,-1,-2,0,-2,-1,-2,-1
,0,-3,-1,-1,6,1,0,-1
,-1,1,0,-3,-10,1,0,0
,-3,-1,-1,-6,-4,-6,-3,-1
,-2,1,0,2,0,-1,0,0
,1,1,0,0,0,1,0,0
,-1,0,0,-6,-5,0,-2,-2
,0,-2,-2,0,2,2,0,-1
,0,-3,0,-6,-1,-3,1,1
,-1,-2,-1,-2,-6,0,-2,-1
,-2,-2,-3,5,4,-1,-1,-2
,-1,0,-1,-7,-7,-3,-1,-2
,1,-4,-2,0,-5,-2,-1,0
,0,-1,-2,-8,-2,-2,-2,2
,-1,1,-1,1,1,-2,-1,-1
,-1,-4,-2,0,3,2,2,-1
,0,-2,-2,-2,-3,-4,-3,0
,-2,-2,-1,-3,-7,-3,-1,-2
,1,-1,-1,-3,2,-1,-2,-2
,-2,1,-1,5,-5,0,-1,-2
,-1,0,-1,-7,-8,-5,-2,-2
,-2,-2,-2,1,-5,1,1,-1
,-2,-2,0,-2,3,-1,-2,0
,1,1,4,7,1,2,-1,0
,0,-2,-3,-3,2,0,-1,-2
,0,0,-1,1,-4,-3,-2,1
,-2,-2,-2,-1,-3,0,-1,-1
,-1,-2,-2,-1,-2,-3,-1,-2
,-3,1,0,2,2,1,0,0
,-1,0,-3,-1,3,-1,-2,-3
,0,-1,-3,-4,-10,-3,1,0
,-2,-2,-4,-2,15,-3,-4,0
,-1,0,1,-4,-17,0,-2,-1
,0,-2,0,3,9,2,-1,-3
,-1,2,-1,-4,-8,-1,1,1
,-1,2,-1,-3,-2,1,1,0
,-1,0,1,6,7,0,2,-1
,-1,-2,-1,1,3,1,-1,-1
,-2,-1,-1,2,0,-4,-3,-1
,0,0,-3,-6,0,-1,-2,0
,0,-2,-1,3,1,0,-2,-2
,-1,-1,-2,-3,-3,1,-1,0
,0,-3,0,5,2,-1,-1,-1
,0,-2,-2,-5,-3,-2,-1,-2
,0,-1,-3,-1,-3,0,1,0
,1,0,-2,-1,15,-5,-3,-2
,-2,-2,-3,1,3,0,-2,-2
,-1,-2,-1,-3,-5,-2,0,0
,-2,-1,-2,-1,-4,-1,-1,-3
,0,1,0,-5,-10,-2,0,0
,0,0,-1,1,4,1,-1,1
,0,-1,-1,3,4,1,-1,-1
,0,-2,-1,-2,0,-2,-1,-1
,-1,-1,-3,-4,-8,-3,-2,-1
,0,-1,0,0,6,3,2,-1
,-2,1,0,-2,-7,1,-2,-1
,0,0,0,-4,3,0,-1,1
,-2,0,-1,4,0,-1,-1,-2
,0,-1,-1,-1,-6,-4,2,-1
,-1,-3,1,-2,-4,-2,-1,-2
,-2,0,-2,0,7,-3,-1,-1
,0,-2,-4,-5,-12,-1,2,-2
,-1,1,1,0,10,-1,-1,-2
,0,0,0,3,-1,0,-1,-2
,-1,0,1,5,6,-1,-4,-2
,-2,0,-1,-10,-14,-5,-3,-1
,0,-1,0,1,2,1,-2,-1
,-2,0,-4,-2,-1,-2,0,-1
,-2,-2,-5,-7,-5,0,-1,0
,-1,-1,3,5,5,-1,-1,-1
,-1,-1,-1,-3,-12,-2,-1,0
,-2,-1,0,5,2,-3,-3,1
,-1,-4,-2,-1,2,0,0,-1
,-2,-1,1,-3,-1,0,0,-2
,0,-3,-2,-2,0,0,0,-1
,1,-3,-1,0,-4,-3,-1,-5
,-1,0,2,0,-4,-1,0,0
,-1,0,-2,-2,3,-5,-2,-1
,-1,0,-4,2,-4,-1,-3,-1
,-1,-1,-1,-2,-5,-4,-1,-1
,0,-2,0,-6,-8,-2,-1,-1
,0,-2,-1,7,12,5,0,0
,-2,-1,0,-1,-11,-6,-3,-1
,-1,-2,-4,-10,0,-1,0,-1
,-2,0,-1,6,1,-4,-4,-1
,0,-1,-1,-2,-7,1,-2,0
,-1,-3,-3,-7,-1,-1,-2,-3
,0,-1,1,-1,-2,-1,-1,0
,1,0,-1,4,4,3,1,1
,-1,-1,1,6,0,-2,0,0
,-1,0,2,-5,1,1,-2,-1
,-1,-2,0,-1,0,-2,-1,-1
,0,-3,-1,-4,-1,0,0,-3
,0,-1,1,4,1,-1,-2,-2
,-1,-1,-3,-1,-3,0,2,-1
,-1,-1,-1,0,-1,-2,-2,0
,0,0,-1,-3,0,-3,-1,1
,-1,-2,-3,-2,4,2,0,-1
,-1,-2,1,0,-6,-3,-1,-1
,-2,-3,-2,-10,-3,-1,-1,-3
,0,-2,-1,1,3,-2,-3,-1
,0,-1,-3,-9,-10,-2,-1,-2
,-2,1,-2,5,7,0,0,0
,1,-1,1,1,-6,-4,-2,-1
,-1,-1,-3,7,-1,0,1,-1
,-1,-2,-2,-6,2,-1,-1,1
,-1,0,0,-2,-5,1,0,0
,0,2,1,4,2,2,2,1
,-2,0,0,-7,-1,-3,-3,0
,0,0,1,6,-4,-5,-1,-2
,-1,1,-2,-2,2,0,-2,-1
,-1,-1,-2,-1,4,0,-2,-1
,-1,-3,-2,-2,-2,1,0,-1
,0,-1,0,0,-3,0,-3,0
,-2,-3,1,-2,3,-1,-1,1
,-2,0,0,5,1,-1,-2,-2
,-1,1,-3,-5,-2,-1,0,-1
,-2,-1,-1,-2,0,-1,-2,-1
,0,-2,-2,8,2,2,-1,0
,0,-1,0,-15,-12,-3,-2,-1
,-1,0,-2,3,3,1,0,0
,-1,-1,0,1,-2,2,1,-1
,-2,-1,-3,-2,-1,0,-1,-2
,0,-2,-1,3,15,-2,0,-1
,-1,-2,0,-3,-7,-4,-2,-4
,-3,1,-3,0,2,-2,-1,0
,-1,-2,-2,-7,-8,-1,1,0
,0,-1,-2,-4,-4,0,-3,-1
,-1,-1,2,-3,4,0,-2,-1
,-1,-1,-2,-3,-5,-3,0,-1
,-1,-2,-2,0,2,-2,-2,-2
,0,0,-2,-2,0,0,1,1
,0,-2,-3,1,-3,-4,-3,-1
,0,0,-1,-2,0,-5,-2,-2
,-1,0,0,1,0,-3,-2,-2
,-1,-1,-1,1,0,1,0,0
,-1,-2,-3,-1,-2,-2,-3,-2
,-1,-3,-3,-3,0,-1,-1,-1
,0,-1,-1,-4,-2,-3,-1,0
,-1,-2,0,10,1,1,0,-2
,-2,-2,-4,-13,-7,-2,-1,-2
,0,0,2,0,-5,-1,0,0
,1,-1,-2,-9,3,1,-1,-2
,-2,0,1,5,-6,2,-1,-2
,-1,-1,-1,2,6,1,-1,-1
,-1,-1,-3,8,7,-2,-2,-1
,-2,-1,0,-20,-15,-3,0,0
,-1,1,0,0,9,-3,-1,-3
,1,-1,-2,-2,-3,0,-1,-1
,-2,-2,-2,0,5,1,-1,-2
,1,0,-1,6,3,0,-2,1
,0,-1,0,-5,-3,-1,0,0
,-2,0,2,6,-3,-1,1,1
,-1,-2,-2,-4,0,2,1,0
,-2,-2,0,3,-1,-3,-2,-1
,-1,0,-1,1,-3,-2,-2,-1
,-1,-1,-2,-8,0,2,-1,0
,-2,-1,1,1,-4,-3,-1,-1
,0,-2,-1,-2,2,0,-2,0
,-2,-3,-4,-1,-5,-3,-2,-2
,0,-1,-2,1,2,0,0,0
,-2,-2,-1,-4,-4,-3,0,-2
,-1,-2,-2,-1,-5,-4,-5,-1
,-1,-1,-3,2,2,-1,0,0
,0,1,5,10,13,2,2,0
,-2,-1,-3,-24,-20,-3,-5,-3
,-1,0,1,6,2,2,2,-1
,0,-1,-1,-1,-5,-3,-3,0
,-2,-2,-1,3,0,-2,-2,0
,-2,-1,0,1,6,1,1,-1
,-2,-1,0,0,-1,0,0,-3
,-2,-2,-2,-6,-1,-1,0,-2
,0,-1,6,-2,-4,-4,-2,-2
,1,0,-5,5,5,-2,-1,1
,2,2,-2,-5,-3,0,1,0
,-1,2,4,1,0,-2,-1,0
,-2,-1,-3,-4,-8,-4,-3,-1
,-1,-3,0,1,0,-2,-4,-1
,0,-3,-3,-1,1,1,1,0
,-2,-2,-4,0,-2,-2,-2,0
,0,0,-1,-6,-5,3,2,-2
,-1,-2,-1,2,1,-5,-3,-2
,-1,-1,-2,-10,-2,-5,-2,-2
,-1,-2,2,-3,-2,-2,-2,-1
,-2,0,-2,5,-2,0,1,-2
,0,0,-1,2,4,3,2,0
,-2,-1,2,14,7,1,-1,-2
,1,-2,-3,-12,-7,-2,1,0
,-1,0,-3,3,0,-5,-3,0
,-5,-4,-6,-17,-12,1,-6,-5
,-1,-2,1,15,5,-2,-1,-2
,0,1,6,10,5,3,-2,0
,-1,-2,-5,-14,-8,3,-1,-4
,-2,-1,2,2,-1,-6,-3,-1
,-1,-2,-2,-6,-2,2,1,-1
,0,-4,-4,-4,0,-1,1,-2
,0,-1,-1,-4,3,0,-1,0
,-1,1,2,4,-1,1,3,0
,-2,-3,-4,-6,-1,5,1,-2
,-2,-2,-2,2,-4,-9,-5,-2
,-1,1,1,0,6,4,2,0
,0,-3,-2,-1,5,-6,-7,-4
,-2,2,0,-13,-13,-3,3,-2
,8,1,-1,3,-3,5,13,20
,-4,-1,-3,-7,-3,-8,-6,-5
,-9,-5,-2,10,10,4,-14,-10
,2,-2,-2,3,-2,1,-21,-4
,-8,0,-2,-12,-5,-4,4,-13
,26,5,4,9,4,6,35,36
,-13,-6,-2,-3,-15,-11,-26,-16
,-8,-3,-1,0,-1,0,-4,-4
,-6,-3,-2,-6,2,6,-17,-9
,-1,0,0,4,-2,0,-2,0
,7,3,2,0,4,4,25,10
,3,1,0,0,1,-2,1,2
,-1,-3,-5,-1,-8,-4,-5,-2
,-5,-4,-4,-3,-6,-6,-1,-9
,5,0,-2,-6,-2,0,0,8
,-4,-1,2,3,-1,0,-1,-3
,3,-1,0,-2,4,3,7,8
,-7,-2,-1,-3,-2,-1,-12,-8
,-2,1,-2,-4,1,-1,5,-8
,2,2,1,8,5,2,9,2
,-4,-13,-6,-3,-5,-11,-4,3
,-3,8,-2,-9,-13,1,4,-3
,3,-6,0,0,1,0,-6,5
,-1,4,0,-1,-2,-7,-11,-5
,-7,-8,5,3,12,11,-1,-13
,0,6,1,4,9,2,-5,12
,1,-1,0,-6,-18,-6,7,13
,-11,14,3,6,23,18,8,-5
,12,-12,-7,-18,-32,-36,-18,-25
,6,5,-4,10,28,19,-6,20
,14,3,-7,-19,-47,-27,8,-15
,-4,-19,-4,1,12,6,-7,0
,-14,13,2,4,5,5,7,-7
,-13,-13,-1,-1,-4,0,6,-10
,-10,0,-2,1,9,-3,-4,0
,-1,-6,-5,-4,-4,3,5,-5
,5,4,3,6,-3,-12,9,18
,-11,-10,-5,-8,1,-17,-8,-21
,-3,1,1,6,12,23,-12,5
,-1,-4,-3,-7,-11,-35,8,-8
,3,3,-1,-5,1,6,-6,3
,5,2,2,3,-6,-18,0,5
,-4,2,2,7,13,13,1,-10
,3,-2,-2,-4,-6,17,12,5
,9,3,-3,-1,-3,4,7,7
,-20,-7,-5,-6,-16,-81,-29,-22
,8,-1,-2,-4,-5,29,-3,14
,-1,-3,-1,2,-1,-5,-10,7
,-11,4,4,10,19,27,8,-5
,-4,-12,-8,-11,-16,13,5,-11
,-3,0,5,12,25,-11,1,6
,-2,-3,-5,-14,-28,-10,-11,-5
,-8,0,-3,0,3,-17,4,2
,14,10,1,3,4,5,-7,-1
,0,-2,0,-4,-5,-11,0,1
,5,1,-1,0,-1,31,11,9
,-3,-1,-3,-4,-7,-21,-20,-11
,-5,-1,-5,-4,-7,41,-1,13
,-7,-6,-6,-7,-3,-11,-1,-5
,3,2,2,4,3,4,3,-1
,2,-4,-2,-1,-4,7,2,6
,-6,-2,1,6,13,1,4,-8
,-2,3,2,-2,-14,-2,2,-3
,1,-3,-1,-2,13,-24,-5,5
,5,2,-2,5,17,9,1,3
,-6,-3,-1,4,-1,-9,-5,-8
,-3,-2,-4,-11,-17,-17,3,-4
,0,0,-1,5,7,-4,-8,-8
,-4,-4,-3,-4,-11,-6,7,-1
,3,-3,1,3,6,20,2,2
,-1,-2,-1,5,9,6,-12,-2
,8,1,-3,-10,-22,-24,-8,3
,-8,-2,-2,-8,3,14,-9,-7
,-4,-14,2,-1,-11,0,10,3
,-4,1,-5,-2,-4,-19,1,2
,-2,-10,-1,6,16,24,-10,6
,-7,8,-1,1,-6,20,10,-6
,12,3,0,-9,7,12,6,0
,-11,-5,-3,-2,-5,-12,-1,-6
,9,19,1,-2,13,9,3,5
,-3,-9,-3,4,2,-3,-6,0
,-9,-5,0,-2,-13,11,-2,-5
,2,0,1,2,-5,12,2,0
,-3,-7,-2,-6,5,-19,-7,-8
,3,1,3,4,13,3,3,6
,4,3,1,6,17,5,-3,-4
,8,-5,4,12,17,15,7,6
,-10,-8,-7,-7,-61,-28,-1,-8
,2,9,-5,-11,-3,-19,-10,-3
,1,-4,0,-1,-1,1,2,3
,-3,0,-1,-4,2,7,3,-7
,-7,-6,-2,5,5,10,-6,2
,0,-3,1,8,3,4,16,5
,-4,-10,-2,-4,-5,-13,-22,-7
,7,12,3,0,-10,-1,3,3
,22,10,-1,-4,1,17,4,4
,-6,-10,-4,-6,-14,-32,-4,-7
,2,2,-5,-7,6,-5,1,3
,-9,-9,-3,3,-5,-6,-15,-6
,-11,-3,1,1,-1,5,-3,-9
,8,0,2,0,-3,14,-1,5
,-2,4,-2,-7,-11,15,10,-2
,7,2,1,-3,1,-34,2,6
,-3,0,-4,4,4,-3,19,-2
,-6,-4,-3,-1,3,17,4,1
,-10,-1,-4,-2,-11,-25,-22,-8
,4,2,0,-7,6,32,15,-3
,15,4,1,8,10,4,26,19
,-12,-6,0,-2,-3,-23,-50,-18
,-14,-7,-3,-4,-5,10,15,-9
,-9,-1,-7,-6,2,0,-11,1
,-6,-2,1,4,12,2,-17,-7
,-8,-4,-4,-9,-21,-51,-13,-11
,13,6,1,1,-12,-21,0,20
,0,-1,0,2,21,37,43,-12
,-9,-2,2,0,15,-12,-10,6
,1,0,-3,-9,-25,26,14,-3
,6,6,5,6,3,-20,20,10
,-1,-2,0,11,12,-12,-41,-15
,-5,-4,-2,-7,-9,13,-6,-3
,13,6,4,-5,2,10,21,25
,2,-5,-4,-3,-1,-8,1,-5
,-37,-7,-3,1,-2,56,-9,-26
,8,-2,-3,3,-4,-43,1,9
,2,-3,-1,-10,-7,-2,33,5
,8,4,3,-8,-8,-23,-38,-2
,9,0,-1,-10,-5,9,20,15
,-12,-5,-3,0,-3,2,-13,-11
,2,0,-1,3,2,-8,-4,9
,1,4,3,10,14,44,12,-7
,-2,-3,-1,-4,-8,-33,1,5
,-6,-3,-3,-7,-8,45,-1,-9
,4,-1,-2,4,3,-61,-5,3
,0,1,0,1,9,-5,8,3
,1,3,2,2,-10,-39,-27,-10
,8,2,2,-2,-7,-7,10,12
,-3,-3,-1,-1,7,35,-3,-8
,-6,0,0,5,1,-16,-18,-9
,4,-2,-4,-4,-11,-30,8,6
,5,2,0,-5,-13,8,8,2
,-2,0,3,6,15,42,-4,-12
,-5,-5,-5,-3,-12,-35,-1,-1
,10,1,-2,-3,-4,-22,-11,6
,5,3,5,-4,11,26,5,15
,-8,-2,-1,8,11,1,-9,-8
,1,-3,-6,-10,-26,21,-2,-2
,7,2,4,6,8,0,-12,7
,-6,-6,-7,-1,4,-2,4,-8
,-4,0,0,-2,-2,-8,-14,-5
,0,0,-2,5,6,16,18,4
,1,1,0,-4,-1,9,6,8
,-7,-5,-1,-5,-8,-13,-11,-14
,5,3,-1,-2,-9,1,10,7
,-3,-5,-4,1,4,3,-13,-6
,-5,0,-2,-7,2,14,2,0
,-5,-3,-2,5,-9,-47,-11,-5
,-1,-2,1,0,9,20,-3,-6
,-6,-1,1,5,2,10,-1,-4
,5,-1,-1,-2,2,-38,14,6
,2,0,-6,-14,-7,1,1,4
,1,1,3,3,-2,8,-12,1
,-3,0,-1,-6,7,-1,3,-4
,1,0,1,9,9,24,1,-2
,0,0,0,1,-9,-4,6,0
,-2,-3,-4,-2,-9,-20,4,0
,-4,-4,-4,6,1,6,-19,-4
,3,0,-1,-9,0,7,-1,0
,-3,1,-1,-2,3,-4,-6,-5
,5,0,-3,-4,-6,12,9,10
,-2,-1,1,2,1,-31,14,3
,-8,-4,-4,3,-2,13,-12,-12
,-2,-4,1,1,1,-7,1,-4
,-1,-2,-2,-6,-12,16,0,0
,1,1,1,-3,5,-8,5,-4
,-1,0,0,1,-3,7,-12,0
,-9,-1,-1,-2,5,9,6,-14
,-4,-5,-4,3,8,5,-18,-1
,2,1,1,-12,-13,-7,6,10
,-2,-1,1,3,2,-25,1,-1
,-7,-3,-6,1,-4,49,-5,-9
,1,2,2,5,7,-23,7,1
,0,-1,-3,-4,-2,31,-19,-4
,1,-4,-5,-7,-8,-9,3,8
,-2,-1,0,-3,4,45,2,0
,-5,-7,-7,-1,-2,-59,-8,-5
,8,4,5,2,2,18,19,18
,-7,-5,-3,-1,4,12,-16,-18
,4,2,3,7,7,-14,-2,5
,-6,-1,-2,-5,-5,17,6,-7
,-2,-3,-3,-4,-5,-5,-27,-7
,-1,-4,-4,-6,-3,59,7,4
,3,0,2,5,13,-17,2,2
,-3,-2,-4,-1,-17,-18,-18,-7
,0,0,-2,-7,4,-8,4,-4
,1,0,-1,1,-5,-2,11,-1
,-1,-1,-3,-5,-4,6,-3,0
,6,3,2,0,6,10,5,1
,-11,-7,-7,-4,-8,-4,1,-8
,12,2,3,8,2,-13,0,7
,0,-1,0,-1,0,-25,6,5
,-1,1,2,-4,-5,-19,-4,-3
,-5,1,-1,7,8,8,5,0
,-5,-4,-6,-8,0,4,0,-8
,-1,-2,-4,2,1,-25,-5,-2
,1,-2,1,0,-12,40,20,11
,0,-2,-1,-2,6,52,-2,-6
,-7,-2,-5,-10,-16,-24,1,0
,-5,-2,-3,-5,-5,11,-22,-13
,2,-3,-1,-7,9,12,19,6
,0,0,3,9,4,-6,-24,-7
,5,1,-1,-2,-15,-44,3,16
,1,1,1,10,-1,22,16,0
,-3,-3,-4,-14,11,9,-17,-2
,2,1,-1,8,-10,-62,6,-1
,0,-1,0,-11,5,24,13,-2
,-10,-4,-4,-6,-8,-29,-22,-12
,-2,-1,-3,6,1,1,4,1
,2,1,-2,-4,5,8,-1,4
,-9,-1,-1,6,8,7,1,-8
,2,-1,3,0,-14,-58,5,-3
,-1,-1,-3,-5,-1,35,-20,-4
,-1,-4,-4,-5,-9,-20,3,-4
,2,-2,-4,-5,-2,-60,0,6
,2,-1,-3,-3,7,23,3,15
,0,1,3,6,-6,8,0,-4
,-2,-3,-4,-4,-2,-11,11,-4
,3,1,2,2,0,4,-23,2
,0,1,-1,-1,5,-4,6,-3
,-2,-3,-2,1,-5,-22,0,1
,-4,-1,0,-9,-1,9,-1,-1
,-4,1,3,13,14,71,14,-9
,3,1,-2,-14,-16,-37,-18,-1
,-1,-1,-4,-2,-8,-10,-14,2
,-6,-2,1,1,6,3,4,-12
,9,0,-1,0,-9,-6,3,12
,-2,-1,1,-2,-9,-5,-6,0
,-9,-2,-3,4,25,26,18,-9
,1,-3,-2,-8,-24,-43,-34,-11
,1,0,-1,0,-1,-32,2,7
,-1,-2,-1,4,7,-8,-2,-1
,-2,-2,-1,-2,4,-8,-4,-8
,-1,0,1,2,3,23,18,6
,-1,-4,-2,2,6,15,-5,-2
,-3,-3,-4,-2,-9,9,-4,-5
,1,1,1,0,-5,-19,-4,-2
,1,1,1,-4,4,0,2,5
,2,0,-1,1,-4,-16,4,-6
,3,0,4,4,13,33,8,7
,-6,-1,-1,1,-10,-50,2,2
,-6,-6,-2,2,8,57,4,3
,20,3,0,-4,-14,-59,-20,2
,-13,3,-3,-3,1,31,14,-7
,11,-5,-2,-9,-8,-19,-11,8
,8,2,2,6,9,-25,-1,4
,-12,-1,1,1,-5,26,19,3
,-8,-6,-1,-1,4,-36,-7,-11
,11,4,1,1,-3,8,0,2
,-3,-4,-3,-3,-13,-6,4,-3
,-24,-6,2,2,26,36,-19,-7
,25,-6,0,8,9,-4,10,-12
,-15,12,-2,-4,-48,-18,8,37
,33,-11,-7,-20,-6,5,-16,-2
,-8,18,-2,2,29,17,-3,-1
,-30,-11,-3,2,28,4,-12,-2
,18,-7,-1,9,23,40,5,-10
,-4,6,4,2,-31,38,7,2
,-12,-9,-9,-29,-52,-56,-19,-28
,-21,-3,-7,-13,-12,46,-24,16
,5,-1,3,11,28,-3,20,-3
,8,4,5,28,100,22,0,-4
,49,1,1,3,-49,16,-3,27
,-41,-4,-10,-30,-101,-86,-7,-23
,20,0,-3,-2,-1,66,-17,-20
,-25,-9,-3,-2,17,-31,15,-4
,-21,-8,3,15,37,-15,-6,14
,13,17,4,8,18,20,17,-14
,-11,6,-1,-10,-14,-6,-5,-3
,-24,0,-1,-5,2,9,2,2
,33,-4,1,6,24,14,-1,-5
,-26,-18,-2,2,36,11,2,12
,-20,-4,2,6,24,-44,13,-14
,14,2,-4,-9,-15,29,-13,-1
,-34,-4,-3,1,24,-5,6,-2
,17,8,2,-3,-12,14,3,-11
,44,-1,-5,-3,1,27,-13,11
,-14,1,0,2,-11,-40,8,21
,-18,3,4,2,-72,13,21,-17
,25,-8,-7,-17,8,15,-18,-10
,-23,1,-2,-2,-19,-14,-3,-13
,-19,-6,0,-1,-17,12,10,56
,5,-6,-13,-26,-30,13,0,-36
,11,4,6,28,54,-51,4,31
,-7,2,2,7,10,23,-13,-13
