,6,-1,-1,5,-15,-52,0,5
,16,17,2,-1,-22,1,-1,-29
,-24,-10,-4,-3,27,25,11,3
,9,-5,-4,-10,-55,-23,-6,11
,-16,-2,2,15,32,27,-14,-28
,-5,2,1,-3,-32,-3,-5,12
,19,-5,-3,-8,-43,-12,-10,35
,-17,-5,2,0,39,-38,28,-68
,-2,-5,-9,-8,12,38,-2,-6
,-15,-1,3,11,41,73,-5,7
,5,10,8,15,0,9,6,2
,1,-5,-11,-35,-91,-87,-7,20
,3,1,-1,0,1,-1,16,-24
,-1,-5,-6,-4,35,-18,-4,12
,-12,1,5,12,-9,27,-6,-6
,11,0,3,5,8,24,4,-2
,4,2,-1,-10,-43,-69,0,-13
,-19,-1,1,8,6,8,20,16
,33,-4,-6,-16,6,-13,7,-4
,-25,-7,-7,4,25,41,-14,6
,-31,-4,-1,-1,-22,-87,-7,-9
,53,-4,-1,-5,21,21,-6,10
,-6,4,0,-4,-22,6,1,-11
,-27,-11,1,0,22,-24,-17,-12
,49,2,-9,-4,-3,57,-6,59
,-27,0,0,3,18,-15,-5,-5
,5,0,-2,-1,15,1,-21,-17
,-7,-3,-2,4,11,31,10,7
,1,3,5,0,2,20,6,-16
,5,-1,1,4,14,-70,0,0
,9,-4,-4,-7,-20,63,4,23
,-9,0,1,-6,-4,-16,-21,-14
,0,-1,-4,-4,7,-3,7,2
,7,-2,-3,-8,-14,-31,11,5
,-8,1,0,14,4,-24,2,-18
,-24,-2,-2,-7,10,-2,-11,6
,40,3,1,-1,-8,-28,-13,-17
,-7,-3,2,3,-3,-27,18,0
,-7,-3,-5,-15,11,-14,-5,-8
,17,5,2,8,4,47,6,23
,-12,-2,0,0,0,7,-7,-7
,-8,-2,-1,-2,4,23,1,-4
,10,3,5,5,-1,-25,5,5
,-4,-1,-2,-5,4,-4,3,-4
,-8,-1,-2,-9,-10,29,-6,-6
,3,1,0,7,4,6,-7,2
,-6,-4,-6,-11,-23,-4,-1,-8
,9,0,-1,8,11,19,8,11
,-3,-1,0,-5,-16,-22,-9,2
,-6,-4,-3,5,0,-5,-40,-13
,-2,1,0,-7,2,3,5,-4
,2,0,0,5,3,-2,14,9
,-4,-3,-3,4,-5,0,-11,-4
,-6,-4,-3,-14,-10,12,3,-6
,2,-2,-1,2,-7,8,-5,-2
,5,-1,0,5,6,-8,3,1
,-8,1,0,-1,0,12,8,-3
,-1,0,0,4,4,12,-5,2
,-9,-5,-1,1,1,-8,10,-10
,3,3,3,-1,5,-4,-7,1
,-2,-1,-1,-3,-13,35,14,-5
,-15,-3,-2,-6,-1,-70,-7,3
,21,-1,-2,-2,-4,42,-14,-8
,-8,-2,0,-1,2,-29,6,2
,4,6,5,8,22,31,2,11
,3,1,1,-2,-29,-21,6,0
,-12,-2,-7,-14,-9,21,-19,-7
,-2,-3,-4,2,7,20,-10,-5
,6,-1,-2,-3,2,-10,3,-5
,-8,-3,-2,-1,-2,20,4,-9
,1,-1,1,3,-1,-27,0,16
,4,1,-2,-1,-4,0,6,-7
,-3,1,-2,-1,-2,6,15,12
,3,0,-1,-3,4,29,-17,-11
,-3,1,0,2,15,-35,-2,-1
,0,-5,-7,-8,-28,-27,-22,-2
,-5,-1,-1,-9,-7,19,-2,-8
,0,-4,-3,-4,0,-7,2,-1
,1,0,2,4,4,14,12,3
,-2,0,1,2,4,12,2,0
,6,2,2,8,-1,-36,0,3
,8,1,0,0,10,37,-5,-4
,-5,0,-2,-1,-3,-15,15,1
,0,-2,1,-2,-11,-40,-2,3
,0,-6,-5,-9,0,36,-21,-11
,1,0,0,1,5,41,14,0
,0,2,0,-1,-6,-56,13,7
,1,1,0,-2,-3,-11,-41,-5
,-4,-1,1,3,17,19,9,0
,-7,-3,-4,-8,-29,-8,-6,1
,4,1,-2,-6,-4,-16,-1,-3
,-8,-4,-3,0,2,41,4,-5
,-5,-3,-3,-4,4,-39,-10,-7
,-1,-1,0,4,9,9,1,6
,-2,0,2,5,6,14,-7,-7
,0,-3,0,-2,-2,-14,7,-5
,-6,-4,-2,0,9,14,-2,0
,3,-3,-3,-3,-8,-32,-7,-2
,-2,-1,-1,2,-10,-4,4,5
,7,2,-2,-6,-6,47,19,11
,-5,-3,-1,2,1,-82,9,-11
,-1,-3,-4,-4,1,28,-34,-4
,-1,-2,-1,-5,6,29,-3,4
,2,0,3,13,30,19,13,3
,-3,1,2,-1,-12,7,8,-3
,-5,-1,-1,2,-8,-33,8,-6
,1,-2,-3,-8,-13,12,-5,1
,-1,1,0,3,4,9,12,-2
,0,1,1,-4,-8,-3,-11,-5
,-1,-3,-1,0,11,0,1,2
,-2,-1,2,7,8,13,-8,-4
,0,-1,-1,-3,-7,-21,-3,0
,0,-1,0,0,-12,-8,7,-2
,0,1,1,-4,20,59,16,7
,-1,0,0,0,-31,-64,6,-5
,-2,-3,-8,-7,6,-4,-2,1
,-3,-2,-2,4,3,10,-18,-5
,-4,-3,-2,-5,-7,-34,-4,-10
,2,0,0,1,-3,66,10,14
,0,0,1,-1,-5,-62,-10,-7
,-2,-3,-2,-3,-3,23,1,0
,2,-2,0,1,9,-1,11,7
,-6,-1,0,-4,-11,-10,-12,-15
,1,-3,-4,-9,-23,-21,-13,-2
,-4,1,0,6,17,15,6,1
,1,-2,-6,-7,-18,-62,-7,1
,-6,-4,-5,-6,9,-11,-1,-9
,-1,-1,0,2,5,23,-5,-1
,0,0,2,-3,-4,10,1,2
,0,0,2,3,16,16,3,1
,1,2,1,5,-4,-4,1,3
,0,-1,-2,-3,-4,13,5,1
,2,-1,-3,-2,1,6,0,6
,-1,-1,2,4,-3,-18,-2,-4
,1,0,2,6,13,31,-2,2
,-1,-1,0,-3,-10,19,4,-5
,-3,-2,-5,-9,-13,-22,-6,-3
,-2,0,-1,1,-1,-28,0,0
,-1,1,-1,1,9,32,11,-6
,5,-1,0,0,1,6,-8,6
,-2,-2,-1,3,4,-1,-2,0
,1,-1,-2,-6,-26,-27,-2,0
,-4,-2,-2,-5,2,-14,-3,-5
,0,-2,-2,-2,-5,-26,-3,1
,0,-1,1,-2,-7,6,-14,-2
,1,4,1,2,9,42,14,8
,1,-2,-3,-6,-12,-72,-5,7
,-2,0,-1,2,8,44,-3,-4
,-5,-4,-5,-7,-19,-91,-15,-13
,4,1,0,3,7,35,-9,9
,-2,-1,-1,-2,-8,-7,-6,-1
,-4,-1,0,-1,-4,1,6,-4
,6,3,1,4,4,12,6,7
,-5,-3,-3,-5,-12,-26,3,-8
,1,-2,-2,1,6,7,-10,1
,-1,0,1,-1,-3,-9,4,2
,-3,-4,-2,-3,-9,21,1,-3
,1,-1,-2,-5,-12,-14,12,2
,2,-1,-1,2,4,43,-19,1
,-3,-1,-2,-4,-19,-72,-4,-8
,0,0,0,1,15,8,-17,-3
,-3,-3,-3,-1,-8,9,1,-2
,-4,-3,-1,-1,1,10,11,-4
,0,-1,-5,-4,-1,-37,-2,4
,-1,-1,-1,-1,-9,16,3,-6
,2,-1,0,2,8,-1,-1,9
,-1,2,2,-4,-4,-8,-8,-14
,0,1,3,5,12,15,9,9
,-3,-1,-1,-3,2,-16,-16,-5
,-6,-2,-3,0,-1,6,-6,-14
,1,-2,-4,-11,-37,-25,-3,0
,0,1,-2,2,14,47,4,2
,-2,1,-2,-1,1,-3,-3,-2
,-1,-1,1,1,-5,25,-1,-3
,-1,0,0,4,14,-3,12,4
,-3,-1,-1,-3,-2,28,-12,-7
,2,-2,-1,-2,-12,-21,6,9
,-1,1,0,0,9,-36,-2,-9
,0,0,-2,0,13,56,10,2
,-2,-2,-1,-2,-5,-24,-1,-1
,-3,-1,-2,-1,0,10,-4,-4
,1,-1,0,-3,6,15,-3,3
,0,-4,-1,1,2,9,7,-2
,-1,-2,-2,-6,-13,-17,-4,-7
,-2,0,0,-3,-13,14,5,0
,-2,0,0,0,-2,3,0,-1
,-2,-4,-1,0,19,-11,-5,1
,-2,-2,-2,-1,6,23,-2,2
,1,1,1,5,5,24,16,3
,-1,0,-2,1,2,17,-7,-6
,0,0,0,4,-3,18,-5,-2
,-3,-2,-2,0,-7,-53,-2,1
,1,-1,-1,-3,10,3,6,1
,-3,-2,-3,-4,-7,-4,7,-3
,-11,-2,-4,-1,4,-55,-25,-5
,0,-2,0,0,3,25,9,-3
,-1,-2,-2,-2,-10,16,0,-3
,-1,-1,0,-3,-6,-16,4,-3
,0,0,-4,-4,-12,-35,-10,-8
,-6,-2,0,-1,1,-9,-3,-7
,0,-1,0,-1,7,-1,-1,3
,0,0,-1,2,2,5,2,-2
,4,2,0,-1,18,62,18,11
,-1,-2,-3,-7,-15,-83,-22,-7
,-1,0,-3,-3,-3,32,-2,0
,1,-1,-2,2,-6,8,2,0
,-1,-3,-3,-4,7,0,-3,0
,1,0,0,2,-5,35,25,6
,-5,-2,-3,-9,-10,-27,-36,-9
,0,-1,-3,-2,2,-50,-5,-1
,-1,-2,-2,-3,0,1,7,3
,3,0,2,2,5,31,0,0
,0,0,1,2,-10,-31,-1,-2
,-3,-2,-1,-1,-1,28,-7,-3
,1,-2,-1,0,-3,-11,-6,-3
,4,2,0,3,2,-20,4,5
,-3,-2,-3,2,24,16,-1,0
,2,-2,-4,-6,-3,7,-4,5
,-1,0,1,0,-11,19,22,2
,-1,-1,-2,-3,-6,-5,-42,-8
,0,0,-1,-2,-5,-67,-1,-6
,-1,-1,-1,1,12,14,1,3
,0,0,0,-1,-12,9,-3,0
,-3,-3,-5,-7,3,17,3,-2
,0,0,0,-2,-3,-1,9,2
,-1,-2,1,3,1,3,-14,-4
,1,2,3,5,5,8,3,0
,0,-2,-2,1,2,-1,14,-2
,0,-2,-3,-4,-13,6,-10,1
,-5,-2,0,0,7,5,10,-4
,-1,-4,-3,-4,-14,-39,-16,-5
,-1,1,1,1,11,20,4,-1
,0,-1,1,1,6,31,10,-1
,-2,1,-1,-2,-7,-77,7,-2
,2,1,-1,-2,6,10,-4,0
,-5,-2,-4,-7,-16,-7,-18,-8
,0,-2,-3,-3,-6,-5,5,-2
,-1,-1,-1,-4,-5,26,-11,-6
,-2,0,0,-1,1,-34,8,-1
,0,0,0,1,1,-4,1,1
,-2,-1,-1,1,8,68,9,-1
,-1,-2,-2,-6,-8,-27,-20,0
,0,-3,-1,0,-1,-35,-6,-5
,2,0,1,4,0,-27,0,1
,-4,-3,-5,-4,-18,50,-8,-7
,-1,0,-1,-4,-7,-50,9,2
,-3,-3,-2,-5,-7,3,-2,-1
,-1,0,0,3,6,9,7,0
,-1,0,0,6,13,-20,4,-5
,3,1,0,1,-1,32,14,11
,-2,-2,-2,-3,11,22,5,-3
,-1,-2,-2,-4,-14,14,-39,-5
,-2,-3,-1,0,2,-30,10,1
,2,-1,-2,2,6,59,-13,-4
,-1,0,0,5,-1,-1,-9,1
,0,0,-3,-1,7,21,22,8
,0,1,-3,-1,-10,-35,-12,-2
,-2,-1,-1,-2,-2,24,5,-1
,1,-2,-3,0,-3,-41,-5,2
,-4,-3,-1,-4,-13,-11,-2,-7
,-2,-1,1,-1,-2,20,-2,2
,-2,-1,1,3,18,60,17,6
,-1,1,-3,0,-6,-17,-8,-4
,-5,-3,-4,-11,-9,2,3,-1
,1,-1,2,4,15,-26,-2,0
,-2,-2,-1,0,-1,25,1,-1
,0,0,1,-1,-23,-26,5,2
,-2,-2,-1,3,16,10,13,-4
,-2,0,-2,-4,-6,21,-2,0
,-1,-2,-3,-3,-1,-19,-19,-4
,-2,0,0,-2,-5,-17,-25,-5
,1,-2,-1,1,-6,8,21,3
,-1,0,-1,0,2,-19,-9,-4
,-3,-1,-2,1,0,-15,-2,-2
,0,-1,-2,-2,-7,3,9,2
,0,-1,0,3,3,19,-2,0
,-1,-1,0,0,5,-17,5,-1
,-1,-3,-4,-2,-13,-22,2,-1
,1,1,0,0,5,-18,-2,-2
,-5,-1,-2,-4,7,45,2,-9
,8,0,1,1,-7,-49,-1,14
,0,-2,0,-1,-5,-2,4,-1
,-4,-3,-4,-2,-2,29,-4,-9
,4,0,1,2,-3,-19,0,8
,-3,-2,-3,-3,-6,12,-4,-4
,-1,-1,0,-1,3,-4,21,0
,0,-2,-1,-1,1,17,-16,4
,-1,0,-1,1,0,5,-1,-1
,-5,-1,-2,-2,3,62,1,-5
,-5,-4,-5,-5,-10,-82,-18,-9
,1,-1,1,1,8,23,12,1
,-1,-1,-1,1,-3,25,0,4
,1,-1,0,1,2,-71,2,1
,-4,-1,0,1,-2,7,-5,-7
,-2,-4,0,-1,12,36,2,-1
,-1,0,-2,-2,-5,-22,1,1
,-2,0,-1,-2,-11,8,-11,-7
,-6,-2,0,-1,6,4,1,-5
,-3,0,-3,-3,-4,-19,-3,-5
,-4,-3,-2,0,-5,-10,0,-3
,4,-2,-4,0,27,18,1,7
,-2,0,-1,-1,-4,14,-1,-7
,1,-1,2,3,3,8,4,10
,-2,-1,-1,-5,-16,-15,0,-9
,-2,1,1,-1,-12,41,-7,5
,2,0,0,2,5,-38,-25,-4
,-2,-1,-2,-5,-7,-6,3,-2
,4,0,0,0,16,45,2,7
,-1,-2,-2,0,-7,-71,-1,-7
,1,1,-1,2,-3,50,-1,4
,2,2,3,1,-4,-18,-1,2
,-4,-4,-3,0,2,-4,3,3
,1,-1,0,-3,-14,1,0,-4
,1,0,1,1,2,20,-4,2
,0,0,-1,-2,-1,-27,2,-4
,0,-2,-1,-2,3,8,-2,1
,-3,-2,-1,1,0,0,-4,-6
,0,0,1,-1,-3,2,1,2
,-3,-2,-4,-3,-9,11,-5,-2
,-2,-2,1,3,5,-41,-12,0
,-2,-1,-3,-1,2,66,9,1
,-2,-4,-5,-8,-22,-51,-8,-5
,-1,-1,0,3,6,8,1,-5
,0,0,1,1,0,-57,-9,2
,-1,-1,0,-2,1,37,18,2
,-1,-2,-2,-1,-1,-47,-12,-1
,-1,-1,-1,0,4,4,6,0
,-4,0,0,3,9,18,0,-11
,2,1,-2,-4,-22,-9,-11,-1
,2,2,2,3,10,20,21,8
,-2,-1,-1,-2,-3,-10,-7,-4
,-5,-2,-4,-6,-3,2,7,-5
,-2,-1,0,1,7,-17,-1,-2
,0,-1,-1,-2,-9,36,1,-3
,-2,-2,-3,-4,-1,-30,8,-4
,3,-2,2,1,4,15,-1,12
,-2,0,-1,-1,-10,0,-15,-13
,-2,-1,-1,-1,-5,-15,-6,2
,1,-1,1,0,6,31,-1,2
,-1,-1,-4,-5,-10,-34,-4,-6
,-2,-2,0,1,10,-3,9,-2
,0,-1,-1,-2,-5,2,5,1
,-2,-1,-4,-4,-2,36,-21,-4
,1,0,1,4,-1,-43,-13,-2
,-3,-3,-2,1,1,-23,3,2
,-3,-3,-3,-2,5,15,-4,-5
,-2,-2,-1,0,-1,20,6,5
,3,-1,2,-3,3,15,-1,-3
,-1,-2,-2,-3,-8,-17,1,7
,-3,-1,-1,-2,7,39,17,-6
,0,-1,-2,-1,-8,-97,-19,-4
,-1,0,-5,-5,-5,34,-5,-2
,-2,0,1,-3,-3,-10,2,-1
,-1,-2,-2,-1,3,45,-5,-3
,-2,-1,-2,-3,-5,-60,16,2
,-2,0,-2,-3,2,32,0,0
,-1,-2,-2,-3,-8,-34,-22,-5
,3,-1,-3,-1,0,-4,2,2
,-1,-1,-1,1,4,30,4,-4
,1,0,1,0,-8,-16,-7,4
,-8,-4,-5,-8,-3,-3,20,2
,4,0,-1,3,16,58,-11,1
,0,0,-2,-2,-13,-31,9,1
,0,0,0,-1,-6,29,-7,0
,0,-2,-3,-5,-12,-16,-8,-2
,-1,1,2,1,3,-6,9,0
,0,-2,-1,0,-4,17,-5,-2
,-4,-1,0,0,6,10,13,-3
,1,1,-1,-3,-2,-3,-6,5
,-1,-1,-2,-2,-4,-15,-12,-4
,0,-2,0,2,7,22,-6,-1
,-2,-4,-3,-1,-6,-29,1,-5
,1,0,1,4,2,18,-1,-2
,0,1,-1,-3,3,-3,2,4
,1,0,0,-2,8,33,2,3
,-1,-2,0,-1,-3,-29,4,-3
,-3,-3,-4,-2,-6,-4,-3,4
,-3,-2,0,2,-3,-10,-5,-7
,1,-1,-3,-2,0,60,-4,3
,-2,-2,-2,1,2,-78,3,-1
,-4,-1,-1,-1,8,24,-3,-4
,-11,-2,0,-1,-1,-32,10,-7
,-3,-1,-1,-3,-21,28,-6,-1
,-1,2,0,1,15,8,-19,0
,2,0,0,-1,-3,-8,-2,4
,-1,-3,-2,-3,-16,-18,-6,-4
,-2,-2,-1,-2,7,27,12,-4
,0,-1,-2,-1,1,43,5,-2
,0,2,2,3,9,-26,5,5
,1,0,-2,-1,-5,11,-23,-5
,-3,3,1,2,16,-34,6,1
,0,-1,-2,-1,-15,29,11,-2
,-1,-3,-5,-8,1,-1,-37,-8
,3,0,1,0,-1,-2,5,6
,-2,-6,-2,-4,-3,-34,-4,-1
,1,0,3,4,6,0,0,-3
,0,-2,0,2,-3,3,17,-2
,2,0,-2,1,0,-15,1,6
,-3,-3,-3,-2,3,23,-2,-3
,-2,-3,-2,-2,-11,-56,-6,-4
,-1,1,-1,-1,-1,21,2,-3
,6,1,1,-2,5,-19,2,9
,-1,3,0,0,-6,0,3,1
,-3,-5,-5,-7,-15,50,0,-1
,2,-1,0,1,7,-84,-4,-3
,-4,-5,-3,-2,-2,28,-1,0
,1,2,0,-3,-5,-12,6,1
,-2,-2,-2,1,6,1,5,1
,-1,0,2,0,-4,-19,-1,-4
,-4,-3,-4,-3,-2,15,-13,-6
,2,-2,1,1,-15,-15,-11,2
,0,0,0,2,8,1,12,-1
,4,-1,-2,1,-3,5,-6,4
,2,-1,1,1,6,-6,14,2
,-4,-2,-2,0,-16,-3,-3,-5
,-2,-1,-2,-3,-1,-32,4,9
,-4,-2,-2,-1,-1,-20,7,-7
,9,-1,2,-1,-2,-14,-9,7
,-7,-1,-2,0,10,14,-8,-10
,1,-1,0,-3,-9,-35,-4,2
,-5,-2,-2,-2,3,36,-6,-5
,-5,1,0,0,0,2,14,2
,1,-1,-1,0,-3,-27,5,-2
,2,-1,-2,-3,0,-5,-17,1
,0,-2,-3,-3,0,35,2,3
,-10,1,0,4,2,-19,7,-7
,11,-1,-1,-1,5,32,4,9
,-8,2,0,-3,-10,-4,-2,-13
,-2,-2,0,2,6,16,-6,0
,0,-2,0,-1,-7,14,-4,1
,-5,0,1,1,1,-54,0,1
,0,-2,-4,-7,-11,7,12,-6
,15,-1,1,1,2,5,8,0
,-1,-2,-2,-4,-2,-16,-7,6
,-1,2,0,-2,-2,20,3,-3
,2,-2,-2,-2,-7,18,-9,1
,-7,0,-1,-1,5,14,12,5
,0,0,-3,-3,-8,-30,-13,-5
,-1,-2,-1,-2,7,19,7,1
,-1,2,0,3,16,11,-14,-5
,-5,-2,-3,-3,3,5,5,-4
,-3,-6,-3,-4,-28,-16,-5,-1
,-2,-1,-1,0,-5,28,0,-2
,0,0,0,1,0,17,-18,-1
,-3,0,-2,-3,-6,-29,-7,-5
,1,0,-2,1,6,-7,-7,1
,-2,-3,-5,-2,4,46,0,-3
,-2,-2,0,-1,-4,22,2,0
,-1,-1,-2,-2,-6,1,-7,4
,-6,-2,-4,-4,3,7,-3,-14
,-7,-2,-2,-2,-6,-10,-5,-3
,9,-1,-1,1,1,-53,21,4
,-3,-3,-1,-1,2,24,-6,1
,-7,-3,1,0,1,1,10,-3
,1,-1,0,0,9,0,-10,-7
,-4,-1,1,0,-8,18,-19,-3
,-3,-5,-6,-5,-9,-72,15,-2
,0,2,2,6,10,34,1,-3
,3,-2,-2,-4,-4,-25,8,-1
,2,-1,-2,-2,4,5,11,4
,-1,0,1,-1,2,26,-20,-2
,-4,-3,-4,-7,-15,-23,-15,-6
,-9,-1,-1,0,7,-27,3,0
,3,2,1,0,-2,12,14,-2
,-2,1,0,3,2,-5,-13,5
,3,-2,-3,-2,4,2,3,0
,2,2,-1,-2,-4,-4,-10,-3
,-5,-4,-1,0,-2,-13,5,1
,-3,-3,-1,-1,1,17,0,-2
,2,2,0,1,11,-3,8,1
,-1,-2,-1,1,-13,11,2,2
,-6,-2,-2,-4,-1,-21,-10,-5
,-1,-1,2,2,0,14,10,-8
,3,-1,-2,1,3,-10,-1,8
,1,0,2,0,-5,-4,9,0
,-3,-2,-2,2,11,2,-2,-7
,3,2,2,3,-2,15,-7,7
,-1,-2,-3,-3,-6,18,-1,-1
,-3,-2,-1,-3,15,-41,-7,-6
,-3,-4,-5,-5,-8,-1,-14,3
,-1,-1,-2,-3,-6,-10,-2,-15
,-4,-1,-1,-1,1,20,12,5
,3,0,-1,0,-3,-26,5,2
,-4,0,-1,-1,0,47,-2,-6
,8,1,-3,-2,-18,-76,5,6
,-2,-4,-2,-2,-2,-18,-15,-6
,-4,-2,-3,-5,6,44,3,4
,-1,-1,1,0,-7,7,-1,3
,2,-5,-2,1,2,10,5,-3
,-3,1,0,1,-4,-13,-10,-4
,4,0,0,2,5,2,-7,2
,-4,-3,-2,-3,-4,-4,3,1
,-3,0,2,3,4,11,-17,-4
,1,0,0,-4,-4,-14,-6,2
,-4,-1,-1,1,17,23,4,-7
,-2,0,-3,-3,-30,-21,-21,-5
,-3,-1,-1,-5,3,-8,-11,-4
,-1,0,-1,-2,-2,6,7,3
,-2,0,0,1,-4,-26,-9,-3
,0,-1,1,0,6,0,9,1
,0,0,1,1,0,-28,17,3
,-4,0,-2,0,-1,-8,-3,-5
,0,-1,-3,-4,-8,11,-1,-3
,1,1,1,2,14,-4,1,1
,4,-2,-2,-3,-6,28,4,3
,0,0,-2,-3,1,3,11,4
,-5,-4,-2,1,-9,-3,0,-6
,3,-3,-2,-2,5,25,4,2
,-4,-1,-1,-3,6,-29,-1,-1
,-2,-1,0,1,10,61,-3,-7
,4,2,0,0,-10,-17,5,12
,-2,-1,1,3,6,9,6,-4
,-3,-2,-4,-3,9,24,6,-2
,0,-2,-2,-3,-3,3,-5,-3
,-6,-4,-3,-4,-12,-18,0,-2
,2,3,0,2,3,-27,3,1
,-3,-1,0,3,-3,27,12,-2
,-4,-1,-2,-3,6,-31,-22,-1
,2,-5,-3,-2,5,51,5,-6
,0,0,0,-4,-4,-47,-11,-1
,-4,-1,-1,-2,-10,-9,6,-2
,-4,-4,-2,-2,-7,6,11,-4
,8,2,0,1,7,-20,-14,0
,-2,0,-2,0,-7,36,14,3
,-7,-1,-2,-3,-1,-52,-9,-1
,6,-1,0,-1,4,26,2,-3
,-3,1,-3,-7,-28,-1,2,-1
,1,1,0,1,1,-22,-8,2
,-2,-1,-3,-4,-3,61,4,-4
,5,2,2,4,3,30,6,15
,-3,-2,-3,-2,3,-93,-14,-9
,-1,-2,-3,-5,-4,-18,-17,-1
,-8,-1,1,3,3,10,-5,-7
,5,-1,-1,3,3,0,8,-2
,-3,2,-3,-4,-12,7,-2,2
,-1,-3,-1,-3,-1,11,11,4
,1,0,-3,-3,1,15,-18,-3
,-7,-4,-4,-4,-4,-41,5,-5
,0,0,1,2,-1,52,-2,5
,2,0,-1,1,5,-11,14,2
,-5,-3,-2,-4,1,-4,-4,7
,2,-1,-3,-6,-11,9,-16,-6
,-2,0,-2,-3,-1,-13,-2,-2
,-4,-2,0,2,6,18,-1,-8
,3,-1,0,5,0,34,4,3
,-1,0,1,-1,-8,-69,0,4
,1,-3,0,2,4,-12,1,0
,-1,-1,1,-1,5,42,13,1
,3,-1,-1,-6,-7,-70,18,6
,-4,-2,-4,-2,3,21,-17,-9
,-2,-2,0,1,-8,4,-13,-2
,-4,0,-1,0,10,-1,13,-1
,-1,0,-1,-1,-9,-2,0,2
,2,0,0,-1,-4,24,7,-2
,-1,-2,0,0,8,-10,7,1
,-2,-1,-1,0,0,24,-27,-4
,-1,0,-2,1,1,2,-10,0
,-1,-1,1,4,10,-17,6,-1
,-2,0,1,2,-7,40,-1,-1
,-2,-2,-4,-9,-1,-30,-8,-6
,-3,1,-2,0,2,0,-6,-5
,-2,-2,-3,-2,-3,-73,-4,-5
,-1,-3,-2,-2,8,34,7,-1
,0,-2,0,2,-1,-7,3,0
,2,-1,0,-3,-12,16,-4,0
,-3,0,1,2,3,33,-4,-3
,0,-2,-1,-1,0,-16,16,2
,6,3,1,2,-1,-5,-21,8
,0,0,2,1,8,-11,-3,-7
,-2,-1,-3,-2,-2,24,3,0
,-2,-1,1,2,11,36,3,4
,-7,-5,-5,-4,-12,-79,2,-9
,2,-2,-3,-1,4,36,8,1
,6,0,1,3,-3,-26,-1,5
,-3,1,-2,-6,-2,16,-2,-5
,-4,0,-1,-1,3,8,5,2
,0,-1,-3,-1,-13,26,-2,-5
,-3,-2,-2,-2,-7,-27,-1,0
,-2,0,0,5,8,-8,0,1
,-1,-3,-2,-3,-6,47,-6,-10
,6,0,1,-1,-11,-30,-9,9
,-6,-2,-1,-1,13,39,5,-5
,-3,-2,-3,-5,-20,-13,-7,-2
,-5,-2,-3,0,-2,-53,-5,0
,4,1,1,-1,7,36,3,1
,-3,-2,-2,1,-7,-33,-10,-1
,-6,-3,-2,-1,7,5,-6,3
,12,2,3,1,-2,0,-1,3
,-5,-2,-5,-5,-3,-50,0,-8
,8,2,1,1,2,23,-5,4
,-4,-1,-2,-2,-1,1,-5,-2
,-2,-1,0,-3,-4,3,8,3
,2,-2,-2,-1,3,18,0,-2
,-4,1,0,-1,2,28,1,-4
,2,0,-1,-3,-12,-49,3,3
,-1,1,-2,-1,-3,13,-11,1
,-9,0,-1,6,-1,-10,-18,-11
,0,-1,0,0,-2,0,8,4
,1,-2,-2,0,2,35,-1,-2
,-4,-4,-3,-3,9,-1,-3,-2
,-2,-2,0,0,2,13,7,3
,-2,-4,-2,-4,-10,-49,-3,-2
,5,1,2,-1,-5,8,-2,0
,0,0,-1,0,5,32,-6,-6
,0,-2,-3,-2,-3,1,-8,2
,-3,-3,-2,-6,-17,14,4,-4
,-2,-2,-2,-2,0,-26,-11,-1
,-6,-3,-3,-3,-3,23,3,-4
,5,1,2,6,11,4,-3,-1
,-1,-1,-3,-1,5,9,-1,2
,-1,2,2,0,-3,-1,0,-4
,-4,-1,-1,0,-9,-11,-5,-4
,-5,-1,-1,-3,-4,4,-11,-5
,-2,-1,-2,1,-5,15,9,-2
,-1,-2,-2,-1,0,24,-10,-1
,2,-1,1,0,4,-43,6,-1
,-5,-4,-3,-8,-3,-39,6,4
,-8,-2,-3,-1,0,1,1,-12
,6,-2,-1,2,6,28,-7,6
,6,-1,-1,-4,-22,15,-11,0
,0,0,-1,-2,4,0,8,-6
,-5,0,-2,-2,-4,-4,2,8
,0,1,-2,-1,2,-24,12,-1
,-2,0,-1,-4,-10,1,0,-2
,4,-2,1,4,3,-4,4,-1
,-4,-1,1,0,-2,-26,-16,-7
,-3,-2,-3,-2,-4,-27,7,-4
,3,-1,0,3,9,17,4,4
,-7,-2,-2,-5,-7,2,-3,-4
,2,-3,-2,-2,5,31,7,2
,-2,-1,1,0,-1,-23,-13,-7
,-2,-1,-4,0,5,-5,-1,3
,3,1,-3,-5,-4,41,5,3
,3,1,-3,-2,-1,-20,-1,1
,-1,-2,-3,-4,-3,18,-6,0
,-6,-2,-4,-3,2,-43,4,-11
,-2,0,3,4,0,16,-15,6
,-3,-2,0,-4,-5,5,1,2
,-2,-3,-3,2,8,14,6,-1
,-3,-2,1,0,-17,-41,7,-2
,1,-2,-2,-1,12,35,8,-9
,-6,-1,-2,-2,-9,-17,-7,5
,6,1,1,0,6,-66,-1,-1
,-1,-1,-2,4,5,65,15,3
,-3,-2,-2,-3,1,-15,9,2
,-3,-2,-3,-3,-12,-39,-23,-10
,-4,-2,-1,-1,0,40,-6,-1
,3,1,1,1,7,0,0,3
,-4,-2,-2,2,5,-15,-1,-3
,2,0,-1,-2,7,15,15,3
,-2,-2,-1,-1,-15,-43,-9,-5
,-1,-1,0,0,9,20,-3,4
,-3,0,-2,-1,-13,-1,-10,-5
,5,-1,0,-2,-1,-7,-10,1
,-2,-2,-2,-1,-2,-10,1,-2
,-6,-4,0,-4,1,42,-5,-6
,7,3,1,2,-4,-32,18,1
,2,-2,-2,-1,-3,36,-10,-1
,-4,1,-1,-3,0,-7,-10,-4
,-2,1,-1,1,1,3,-10,0
,-4,-2,-2,-4,-15,-49,1,-3
,-2,1,-1,-1,5,36,-2,-5
,0,-1,0,-1,3,39,1,-1
,3,2,1,0,-5,10,17,0
,-4,-2,-3,-6,-5,-51,-22,-4
,1,-2,-1,1,3,-4,9,-1
,-3,-1,-2,1,-3,-15,2,4
,-2,-2,0,1,2,18,3,-6
,5,0,-2,-1,9,17,4,1
,-1,-1,-1,1,-20,-28,-8,-6
,-4,-1,-2,-6,-5,2,1,0
,-2,-2,-1,-1,-4,-15,-13,-3
,-2,-2,2,3,9,-13,-11,-10
,1,1,0,4,6,18,34,13
,0,0,-1,-2,-11,-11,-11,-4
,-3,-2,-3,-7,-3,-24,-19,-5
,0,0,1,1,1,49,2,5
,-5,1,-1,1,2,-9,-4,-2
,1,-1,0,2,4,-2,5,2
,3,-2,-2,-2,-1,-14,5,3
,-6,-3,-2,-1,5,-4,1,-4
,3,-1,0,-3,-3,-2,-1,-3
,0,-2,-4,-1,-7,9,13,7
,1,-2,-3,-2,-5,-38,-6,0
,-2,0,-2,-4,-5,-8,-1,-5
,-1,-1,-1,0,13,20,-1,4
,-3,-1,0,0,1,-5,-25,-12
,4,-1,-3,-6,-9,-61,3,3
,-5,-1,-1,-3,-8,-7,-6,2
,9,-1,0,0,2,39,10,-1
,0,-2,-1,1,7,20,11,1
,-6,-1,-4,-3,-8,-9,-24,-10
,2,-1,-3,-1,5,9,5,3
,-6,-1,-1,-4,-7,-24,-10,-6
,1,1,2,3,8,23,17,3
,1,-2,-2,0,-12,-23,-16,-3
,1,0,-2,-2,-4,-9,5,3
,-3,-3,-2,1,8,6,-5,-5
,-4,-1,-1,0,-5,-13,8,1
,-3,-1,-1,0,3,34,3,-8
,-4,-2,-4,-2,-7,20,-11,-5
,9,1,0,0,-2,-36,-4,6
,-3,-3,-1,-3,4,3,5,-4
,-10,-4,-2,3,-6,-15,1,-1
,14,0,1,1,-5,10,1,1
,-9,-3,-5,-5,-6,-41,-24,-2
,2,-3,-2,-2,0,21,-6,1
,-1,-1,0,1,-13,-19,4,-3
,-3,-2,-1,0,4,-4,0,3
,0,-3,-1,0,7,33,9,-3
,-1,0,-1,-4,-10,7,-14,-1
,0,0,1,0,10,-32,4,1
,-1,-2,-2,-1,1,22,0,4
,-2,0,-3,-2,-8,-21,-5,-2
,-2,1,-2,3,1,3,2,0
,4,2,0,-6,3,38,8,6
,-2,-2,0,1,1,46,11,-3
,-1,0,2,0,-5,-32,-2,-2
,1,0,-1,-2,-7,-50,-20,-1
,-2,-3,-4,-1,6,6,-8,2
,-6,-2,1,1,-1,23,1,-3
,-2,-2,0,3,2,15,-3,-6
,2,-2,-2,-5,1,-46,4,0
,1,0,1,0,10,65,11,-2
,1,0,-2,-1,0,-13,-5,3
,-5,-2,-1,1,1,-29,5,0
,8,-2,-2,1,5,46,0,-2
,-4,-2,0,-1,-2,32,4,-3
,-2,-1,-2,-1,-4,-2,0,0
,-1,1,1,0,-4,-76,-12,-5
,-4,0,0,-3,-14,23,-2,-4
,0,-1,-3,-1,0,-17,-6,6
,-2,-1,-1,-2,-2,-3,13,1
,-2,-1,-2,-2,-1,27,-4,-2
,-7,-3,-1,1,2,34,-8,-7
,2,-3,-2,-5,-9,-91,2,-2
,-2,-1,1,4,-7,-8,-5,-2
,-1,-1,-3,-6,-1,1,5,-2
,-2,0,-1,3,2,-12,4,1
,0,0,-1,2,5,16,-3,-3
,-2,-1,-3,1,8,3,-12,-5
,-1,-1,-1,-1,-8,-5,6,1
,0,-1,-3,-4,13,12,3,2
,-1,0,2,-1,-37,-8,9,-4
,1,1,1,-1,8,46,-9,-3
,-2,-4,-4,-2,-9,-69,-11,-7
,0,1,0,-1,1,0,9,4
,0,2,1,3,22,52,9,5
,1,-1,0,-3,-16,-33,-9,-5
,0,-1,-2,-5,-12,43,6,0
,-8,-1,1,6,-2,-67,9,-2
,4,-3,-1,3,7,63,-3,-7
,0,-4,-2,-3,-1,-16,4,3
,3,-3,-2,-1,12,41,-21,0
,-9,0,2,2,-8,-39,-13,-6
,0,-2,-1,-2,-4,18,2,-2
,-3,-2,-2,-3,7,-17,-7,-1
,-1,0,0,2,6,31,16,3
,0,-1,-1,-1,-6,10,-10,-8
,-2,0,-2,-1,2,5,-1,0
,-1,-2,-3,-2,2,21,9,0
,-3,-2,-2,-3,-6,-77,-12,-4
,2,-2,-3,-1,-2,23,7,3
,-3,-1,-3,2,7,-8,-5,2
,-1,-5,-4,-6,-2,8,-10,-5
,-3,0,-1,3,-2,-9,-3,-1
,-5,-2,-1,-5,-4,-25,5,-1
,3,-1,-3,-4,1,31,-3,0
,4,0,-1,0,-9,-54,6,3
,-2,0,-1,1,4,42,0,1
,2,-1,-2,-1,-4,-3,-6,1
,-7,0,1,0,4,-17,1,-8
,-5,-1,-2,-6,-4,8,0,0
,-1,1,2,0,1,65,8,2
,1,-2,-2,-5,-9,-62,-5,-3
,0,0,-1,-1,-1,-2,4,7
,2,-1,0,2,1,-1,-16,-8
,-3,0,0,-2,-6,-55,-2,0
,-1,-1,-4,-1,5,41,11,-4
,-3,-2,0,-2,-4,-19,-15,-2
,-3,-3,-2,1,-2,-33,-19,5
,3,-2,-2,-8,-7,10,-1,1
,2,0,1,3,10,10,9,0
,-4,-1,-1,0,-6,-16,4,-1
,-3,0,-1,2,-3,-13,7,-3
,-2,1,0,1,5,31,-6,-2
,-1,-1,-4,-3,1,-4,-8,3
,-1,-3,-1,3,-1,27,0,-2
,-3,1,1,0,5,8,12,-4
,1,-2,-3,0,-2,20,0,4
,-1,-3,-3,-5,-7,15,-12,-7
,-2,-3,-4,-5,11,18,-6,2
,2,-1,1,0,-8,-32,6,3
,2,-2,0,-2,5,26,5,-3
,0,1,0,-1,2,75,-3,-3
,-2,-1,-4,-4,-8,-113,-12,-3
,-1,-2,-2,-3,-1,22,1,0
,-8,-3,0,1,3,-6,5,-7
,7,-1,-1,-3,-1,-29,-19,4
,-6,0,-3,-4,-22,2,-4,-9
,-2,0,0,-1,-3,-39,-4,6
,-3,-2,-2,1,5,4,4,-4
,-5,-1,2,2,-6,-26,2,-3
,-3,-3,0,-5,2,54,6,-6
,2,0,-1,3,1,-69,-23,0
,-1,-1,-4,-5,-5,29,-11,0
,-3,0,-1,-1,7,14,10,-2
,4,-1,-1,-1,-10,-2,7,7
,-4,-1,-3,-2,1,16,5,-6
,1,-3,1,3,6,-23,4,2
,-1,-2,-1,-1,-8,12,-4,0
,-3,-1,-1,-1,0,-11,-7,-9
,4,0,0,-4,-7,16,2,5
,0,-1,0,1,-4,-16,7,3
,-1,0,0,1,2,15,7,3
,2,0,0,2,-7,-28,-3,4
,-3,-2,-2,-4,-3,-19,-6,-10
,0,-2,-3,-3,0,27,-1,-1
,-3,-2,0,-1,-10,-18,2,0
,-4,-2,-2,-2,9,-6,-3,-3
,5,0,0,2,4,14,12,7
,6,1,-2,-1,-7,8,-4,-3
,-3,-1,-2,0,10,-26,-11,-3
,-1,0,0,-5,-20,-5,5,1
,-5,-3,0,-3,5,2,4,-4
,1,0,-1,0,1,17,7,6
,-2,-2,-3,2,7,-9,6,-2
,1,-1,-1,1,2,44,5,2
,-7,-2,-1,1,-6,23,-4,-4
,-1,0,-1,-3,0,2,-6,-1
,-2,-4,-2,-2,-3,-9,-6,-1
,-2,-2,-2,0,-1,1,-5,-2
,-3,1,0,1,-1,5,12,1
,-6,-4,-2,-2,-3,-3,-13,-9
,-3,-4,-1,-1,-3,-6,-6,-3
,3,0,1,0,-8,0,18,1
,-2,-1,-2,-3,0,9,-13,-3
,-4,1,-2,0,-1,-35,-13,0
,-1,0,-1,-5,-2,6,4,-4
,-2,0,0,1,10,-28,-4,4
,2,-2,-4,-1,-4,36,14,0
,0,0,2,1,-5,-10,-2,-1
,-4,-2,-1,1,4,49,8,-4
,-2,-3,-1,-2,-4,-70,-25,-6
,4,-1,-2,-3,2,3,-4,0
,-2,-1,0,1,-3,23,2,-1
,1,1,-2,-4,-13,-3,0,2
,-2,0,0,3,7,-27,4,-6
,0,-1,-2,0,0,61,-2,1
,0,-3,-1,3,2,-73,-2,4
,3,2,2,1,-6,-21,-2,-9
,-3,-2,-4,-6,-5,16,7,11
,7,-2,-1,1,3,3,-16,-7
,-1,1,-1,1,3,11,7,1
,0,-3,-3,0,3,-4,-4,3
,1,0,0,0,5,5,-18,-2
,-2,-2,-1,1,-3,-7,5,0
,-1,-1,-1,-1,-6,-10,10,-3
,0,-3,-1,-3,-3,-5,-5,2
,-2,0,0,1,5,24,1,-4
,-3,-4,-5,-6,-2,-33,-3,1
,-2,0,-1,1,7,10,-5,-8
,3,-1,-2,-5,-2,29,4,5
,-2,-4,-5,-4,-1,-1,1,0
,-1,2,1,4,6,78,14,0
,-1,0,-1,-1,9,-101,3,5
,-7,-3,-2,-1,-5,-44,-28,-8
,2,0,-1,-5,2,30,7,2
,-4,-2,-2,-3,-10,-25,-2,-4
,-3,-2,-2,-4,-2,45,1,-2
,3,2,4,6,7,-22,-13,4
,4,0,-1,-2,-1,15,0,2
,-9,-3,-1,-1,3,-34,3,-5
,-3,-2,-2,-3,-3,24,3,-1
,7,-2,-1,1,-5,-42,9,4
,-1,1,1,0,4,16,-5,1
,-2,0,-1,-1,-2,9,4,-4
,0,-3,-2,-3,-4,-3,-10,-1
,-2,-2,-2,-7,-17,13,0,-2
,-1,-3,0,3,13,57,-1,-4
,-4,0,-1,-1,-7,-104,-7,-6
,-3,0,-2,-3,-8,-21,0,-3
,-1,0,-1,0,6,30,7,1
,1,0,-2,2,1,15,4,6
,0,1,3,2,0,14,4,-5
,7,-3,-4,-7,7,4,-9,4
,-4,-2,-1,-3,-1,-27,-24,-10
,-4,1,-1,1,3,12,18,3
,4,-3,-2,-3,5,-21,-31,-4
,-3,0,1,1,-10,20,5,-5
,-1,1,1,5,8,29,11,3
,2,-2,-4,-5,-2,-34,-2,-2
,0,-3,0,0,-2,37,4,5
,-1,-2,0,-3,-11,-29,4,-5
,-4,-1,-2,-5,-2,-15,0,1
,-6,-2,0,0,-5,-11,-7,-3
,2,0,-2,-2,-4,13,0,-1
,-2,-1,-2,0,1,10,-6,-3
,-3,0,1,4,3,8,12,0
,1,-3,0,-3,0,14,-7,-3
,-1,-3,-2,0,-17,-43,-1,2
,-2,-1,0,3,13,26,-7,-4
,0,-1,-4,-7,-23,-12,14,4
,-2,1,2,-1,14,-24,-6,-4
,0,-3,-2,0,8,81,-3,2
,-4,1,-1,-1,-13,-41,-3,-7
,3,-1,-2,-1,5,6,2,5
,-6,-3,-1,0,-5,-15,0,-10
,2,1,0,3,4,26,11,9
,0,-1,1,1,3,22,4,-2
,0,1,-1,0,0,-19,-2,0
,-2,-2,-4,-1,-6,0,-12,-7
,-2,-1,-2,-4,6,-19,0,-4
,-1,-2,0,2,0,12,3,3
,-1,-2,0,1,4,-22,6,-3
,4,-2,-1,1,-5,26,4,6
,-2,0,1,3,8,-44,-18,-5
,1,0,-3,-5,-10,9,4,-2
,-2,-1,-1,-2,1,12,-8,-5
,0,0,-1,-1,-3,-17,-1,1
,-2,0,0,1,0,83,6,-2
,-3,-4,-4,-4,-1,-87,-23,0
,-3,-2,-3,-2,2,37,-10,-5
,-5,-2,0,-1,-10,-31,3,0
,-4,-1,-3,-2,-6,-18,-6,-4
,-2,0,0,-1,3,30,4,0
,0,-2,-2,-3,-1,15,13,1
,1,-2,0,1,4,-4,-20,0
,-3,-3,-1,-3,-2,-12,-2,-4
,1,-1,-2,-4,-2,3,-2,0
,-2,-1,1,2,0,-16,10,3
,0,1,-2,-2,-9,25,9,-3
,-2,0,-3,-6,-8,-57,-10,3
,-2,-2,1,2,1,13,2,-3
,-5,-4,-2,0,14,44,-7,-7
,0,0,1,0,5,-5,10,5
,-3,-3,-1,1,-2,71,13,-2
,6,0,0,2,-5,-46,-16,-5
,-5,-2,-3,-5,-10,4,-7,-3
,-4,-2,-3,-1,6,16,-5,-2
,-1,0,-1,-4,-10,-44,1,0
,-1,0,0,3,3,22,10,1
,1,-2,-3,-3,4,-7,-8,-1
,1,-1,-1,-2,-6,-23,-3,-2
,-1,-3,-2,-2,4,36,-3,-2
,-1,0,-2,-4,-9,-5,0,5
,0,0,0,0,-5,-30,0,-3
,0,2,1,1,1,17,6,3
,2,1,2,1,0,-8,4,4
,-2,-2,-1,-2,-3,10,-9,-5
,-6,-3,0,-1,-6,6,-2,-1
,3,-1,0,-2,2,7,-3,-3
,-3,-2,-1,2,4,26,0,1
,0,-2,-4,-3,1,-7,6,-3
,0,1,-3,-3,-12,-32,-9,0
,4,1,1,3,5,20,4,4
,-1,0,-1,-3,-1,13,-5,-2
,-6,-2,-1,0,-1,-17,4,-6
,2,0,0,-1,4,17,3,3
,-2,-1,-1,-1,-6,-17,0,0
,1,-1,-1,-1,11,-15,6,3
,-1,-2,-1,-1,-7,14,-3,-2
,2,2,3,1,1,-12,-2,1
,-4,-2,-2,-1,-4,-16,-9,-6
,-1,1,-2,-3,8,-17,5,-5
,-2,-1,-1,-1,0,31,3,3
,0,-2,-3,-2,-11,-16,-10,-2
,-6,-3,-4,-2,-1,-5,-8,-4
,3,-2,-2,3,5,-10,-6,-4
,-2,-2,-4,-7,-2,-1,-2,-3
,1,-1,0,1,3,24,2,-3
,-2,-3,0,-1,-6,-21,-1,1
,-2,-1,-1,-1,-1,36,9,2
,5,-1,-1,-2,0,-26,-3,7
,-9,-1,2,2,6,42,10,-8
,-5,-5,-4,-6,-4,-105,-2,-6
,3,1,-1,0,-4,-3,-8,1
,-1,-1,-1,1,7,1,-3,-3
,-4,-4,-3,-4,-8,-1,-6,-3
,-2,0,-2,-3,-1,22,-3,-3
,2,-1,0,0,-3,-30,-11,-1
,-4,0,0,2,1,19,11,2
,0,1,1,5,5,-20,8,2
,1,1,-1,-1,0,-14,-13,-1
,-6,-3,-2,-3,-11,3,-11,-4
,-2,-2,-3,-2,-4,2,-4,-2
,-3,-2,-2,-1,0,-6,5,-2
,-1,0,0,1,2,35,15,-1
,-2,-2,-3,-3,-21,-46,-1,0
,4,1,4,1,20,22,3,7
,0,-2,0,-4,-7,-26,-3,1
,-9,-3,-5,-7,-14,17,-15,-9
,6,0,0,-2,4,15,11,-3
,1,-1,0,4,0,0,0,5
,1,-1,-5,-5,9,-6,3,5
,5,-1,2,4,1,16,3,1
,-4,1,1,-2,-8,19,-9,-2
,-3,-3,-3,-8,-10,-29,3,-7
,2,-1,-3,0,1,3,-16,-2
,-1,0,0,4,8,-3,14,3
,-5,-1,0,1,2,39,-4,-2
,-5,-3,-2,-2,0,8,-12,-12
,1,-1,0,-3,-14,-3,-6,5
,3,-2,-1,-3,3,9,-8,3
,-2,-2,-1,-2,-4,-27,2,-4
,-3,-2,-1,-1,14,13,1,0
,-1,-2,0,1,2,32,3,-6
,-8,-3,-3,-3,2,-21,3,1
,8,2,0,-1,-3,-15,-7,-9
,5,-1,-3,-2,-8,3,7,15
,-3,1,-1,0,2,-2,-7,-6
,1,0,-3,-4,-8,19,2,-2
,-5,-5,-3,-2,-1,-62,-2,-3
,-2,-3,-1,1,-2,-3,-3,-4
,-3,0,0,5,5,14,8,-1
,9,-1,-2,-1,2,8,-5,3
,-5,-3,-1,-6,-15,-27,0,7
,-3,-1,0,2,3,34,1,-3
,-1,1,0,-1,-1,-30,-18,-12
,2,-1,-2,1,8,11,6,-2
,-6,-3,-4,-1,6,7,5,-6
,-4,-2,-1,-2,-12,-29,-4,6
,-1,-1,-1,2,9,31,16,0
,-4,0,-2,-4,-9,35,-17,1
,1,1,-1,3,-3,3,-2,-4
,2,0,-1,-7,-4,-8,-7,3
,-1,0,-2,-1,-5,-29,-7,5
,5,-1,-1,-1,1,12,1,-3
,-4,0,0,1,-1,-36,14,4
,-4,1,0,0,-3,33,-6,-8
,1,-1,-2,-3,-3,-6,0,-2
,-3,-2,0,-1,-4,-28,4,-3
,1,0,1,0,10,22,-11,6
,0,-2,-2,0,-11,-17,6,-2
,3,-1,-5,-4,-3,-12,0,4
,-5,-1,0,2,-4,0,-6,-5
,-2,-1,-2,3,10,-1,3,-4
,-2,-3,-2,-4,-6,3,-1,-4
,2,-2,1,-3,-6,3,-8,5
,-6,1,-3,-2,1,-6,14,1
,-1,-1,-2,-3,-7,16,-14,-1
,2,1,2,2,-3,-4,1,0
,-8,-4,-4,-2,-2,-15,1,-5
,4,-2,0,1,-4,-2,-5,0
,-1,1,-2,-2,6,23,5,-3
,-5,-1,1,4,11,-31,-10,-10
,2,-2,-1,-5,-10,3,4,7
,-3,-1,-2,-2,17,-5,0,-4
,-2,-4,-3,-4,-5,12,6,-1
,-3,1,4,3,4,17,-3,-1
,4,0,-1,2,3,3,4,-4
,1,0,0,2,-2,-26,0,6
,2,-3,-1,0,7,17,0,0
,0,-1,-3,-2,-3,0,6,2
,-5,0,1,-1,1,-27,-4,-10
,0,-2,-1,1,-3,55,8,3
,-3,-2,2,-2,-3,-33,-16,-10
,0,0,-2,2,5,34,4,5
,4,-1,-1,0,-3,-38,4,-1
,0,-1,0,-5,-4,-2,7,1
,-5,-2,-2,2,2,-4,-12,0
,2,-1,-3,-5,-2,2,7,4
,-3,-1,0,1,-1,14,9,-2
,-5,-2,0,-1,-2,-7,-16,-9
,2,-1,0,0,-1,20,9,4
,-7,-3,-5,-7,-20,-50,-14,-12
,-6,0,2,4,7,-9,-3,8
,8,-1,-3,-1,-12,-2,-7,-7
,-5,-1,-2,-5,17,-1,7,4
,2,-3,-3,-2,1,45,4,-3
,-2,-2,-2,-2,-6,-4,6,-1
,-1,2,0,0,-2,-6,-11,1
,-1,-1,-1,0,-8,-14,8,-3
,-3,-1,-1,2,7,9,-2,-3
,5,0,-2,-3,4,4,-1,6
,4,-2,1,-7,-15,2,1,6
,-3,-4,-4,-4,-13,-47,2,-7
,-5,0,-1,1,2,-1,-5,-3
,-2,-1,-2,0,2,26,5,-1
,-5,-3,-1,0,8,-24,-3,-1
,0,1,0,-1,-1,22,-1,0
,2,-2,-4,-5,-8,-26,5,2
,-5,-2,0,-3,9,14,-6,-3
,-2,-1,-1,0,-7,-27,12,2
,5,0,1,-1,-3,-15,-15,3
,-6,-1,-1,0,-4,-2,-8,-8
,0,-3,-1,-2,-3,7,-5,-1
,-4,0,1,3,3,-1,2,-3
,-2,-1,0,0,-4,-17,4,6
,1,-1,-1,-2,2,9,-13,-6
,-2,0,-1,-3,-9,5,2,-3
,-5,-3,-3,-5,2,-20,5,-3
,9,0,0,-1,-6,-29,-10,1
,-2,1,-1,0,-2,25,5,4
,-4,-3,-4,-2,-6,-69,-12,-5
,-3,-2,-3,-1,6,56,4,-1
,-4,-1,-2,0,-9,-30,-18,-8
,1,-1,2,1,12,-3,6,6
,1,-1,-1,-2,-9,27,1,-3
,-2,-1,-1,1,1,-22,-2,6
,0,-2,-4,0,3,22,10,-3
,2,-1,0,0,0,-2,-8,-3
,0,1,1,2,12,43,-12,-3
,-3,-1,-1,-1,-5,-22,-12,-6
,-7,0,-1,-5,7,27,3,0
,9,0,-1,1,-3,-9,2,4
,-5,-2,-4,-4,-5,1,4,-1
,-2,-1,2,3,10,25,-1,-6
,-6,-2,-3,-8,-12,4,-5,-4
,4,-1,0,0,-3,34,2,9
,0,1,-1,-1,-3,-14,-7,1
,-3,-4,-3,-1,-5,-14,-7,-7
,0,-3,-2,-1,1,-4,-1,3
,-5,0,1,2,2,42,7,-7
,-1,-4,-2,-3,-3,-16,2,0
,5,1,0,0,-9,-27,1,6
,-4,0,0,1,4,37,-1,-4
,-6,-1,-3,-5,-6,-47,-6,-4
,10,0,0,3,6,12,-16,2
,-5,-1,-1,-4,-6,-4,-2,-5
,-6,-4,-1,2,0,10,5,-1
,3,-3,-3,-3,-8,4,-8,1
,-5,-1,-1,-2,18,-2,-7,-7
,0,-1,0,2,-1,11,4,4
,1,0,-2,-5,-2,4,4,2
,-1,-1,-2,1,0,-9,-11,2
,0,0,-1,-5,-12,14,14,2
,1,-2,-3,1,8,24,-4,-3
,0,-1,1,3,-2,7,0,-3
,-9,-3,-2,-3,-5,-44,2,-10
,1,0,1,1,-3,29,3,4
,-3,-1,-3,-3,-7,-35,-21,-8
,1,-1,-2,-3,-8,2,3,4
,-1,-1,0,1,0,-6,8,-2
,-9,0,0,1,0,3,-14,-6
,-1,0,-1,2,3,1,4,0
,0,1,-2,0,1,-16,-3,-1
,3,-2,-2,-2,1,7,-1,4
,-3,-3,-1,-5,-5,-20,4,-1
,-2,-3,0,-1,-4,7,4,0
,1,-3,-1,-1,-1,-12,0,0
,-3,0,-1,0,1,-7,-1,-3
,1,0,-1,2,-5,-13,5,1
,1,1,-2,-5,-2,37,-1,0
,-6,-2,-1,1,-4,-53,0,-3
,-4,-1,-1,-3,-5,-22,-6,-2
,4,-3,-4,-4,-1,1,-4,0
,-3,-1,0,-1,1,36,4,-3
,2,0,-1,-1,2,-70,-4,1
,-12,-3,-4,-4,-3,4,-2,-11
,1,0,-2,-2,-3,-1,11,3
,1,0,-1,-1,3,24,-10,-4
,-2,-1,-2,-7,-16,13,-2,1
,-9,-3,-1,-3,8,-24,-14,-4
,7,1,-1,0,-2,-10,7,-3
,-2,0,-2,-4,-7,-30,-16,-2
,1,0,2,5,9,50,2,2
,7,2,1,-1,-4,22,6,4
,-4,-3,-4,-2,2,7,-2,-1
,-3,-2,-3,-3,-2,25,4,1
,0,-2,-2,-2,0,-10,-2,-2
,2,-1,0,-2,7,60,6,2
,-4,-3,-1,-2,-7,-34,-10,-2
,-3,1,1,5,2,-12,10,0
,1,-1,0,0,6,18,0,-5
,1,0,0,0,-7,-23,-8,4
,0,-2,1,1,5,23,1,5
,-6,-2,0,-1,0,20,12,-2
,5,-2,-4,-5,-10,21,-16,-8
,-2,-1,-1,0,0,-46,16,0
,-3,2,0,0,0,-12,-33,-4
,-1,-2,-1,-1,5,29,2,1
,-2,0,1,4,-5,1,14,1
,1,-1,-2,-2,0,6,5,-2
,-1,-1,0,3,-2,-18,1,3
,-3,-1,-1,-2,1,-1,3,2
,-4,1,1,7,12,-27,0,-4
,0,-2,-4,-3,-6,17,-12,-3
,-5,-1,-1,-2,1,12,0,-6
,4,2,1,-1,-7,-40,1,2
,1,-2,-2,-1,6,4,5,4
,0,0,0,-1,-1,23,-7,-1
,0,-2,-1,-3,3,30,8,-4
,6,-2,0,-5,-16,-87,1,1
,-9,-5,-4,-4,-1,-26,-12,-6
,0,1,-1,0,-8,-3,11,1
,-3,-4,-4,-5,8,6,-20,-6
,2,0,-4,0,7,-4,-3,5
,2,-1,0,-2,-10,19,-9,-3
,0,0,-1,2,8,11,6,2
,-3,-2,2,2,-9,-69,4,2
,-6,-1,-3,-3,-2,21,-2,-9
,-1,-1,-1,-3,3,6,6,0
,1,0,1,1,0,-9,-11,-3
,0,-2,-3,-5,-1,33,4,-3
,-3,0,0,3,2,-13,1,1
,0,1,-1,-3,-2,20,5,3
,0,-1,2,-2,-13,-69,-5,-4
,-2,0,-3,-2,0,10,19,-4
,-3,-2,-2,-2,-4,-11,-13,-3
,-1,-3,-2,-3,-3,17,2,2
,1,-2,-2,1,0,-30,-1,2
,-1,0,1,1,-6,51,6,5
,0,-1,-1,1,3,-51,-15,-12
,1,0,0,-1,3,14,11,9
,-2,-3,-3,-7,-7,11,-21,-7
,7,-1,-2,2,-4,-6,8,6
,-3,1,0,-4,1,28,8,2
,12,1,3,6,10,-7,-2,2
,-5,-1,-1,-5,-5,65,3,-4
,-2,-1,-2,-4,-8,-78,-1,-2
,-4,-2,-2,-2,-15,18,-4,-1
,-4,1,1,4,8,-44,-5,0
,2,0,-1,0,6,22,2,5
,3,-1,-2,-2,-2,19,-2,1
,-1,-2,0,0,9,29,5,1
,-4,-4,-1,-2,-6,-49,-9,-9
,-1,-4,-1,-1,2,1,5,0
,-5,-6,0,-1,-8,-6,-14,-7
,1,-2,-1,-2,4,-46,8,2
,-3,-2,-2,-4,-7,38,16,0
,3,-1,-2,-2,3,37,-1,5
,-1,-1,0,2,4,-35,-8,-3
,1,-3,-1,0,3,26,1,-2
,-4,-1,-3,1,-2,33,3,1
,-2,2,-1,2,-7,-94,5,-3
,-2,-1,-3,-1,9,40,0,0
,3,0,-1,-1,-8,7,-2,1
,0,1,0,0,-7,31,-9,0
,-1,-2,-2,-1,3,-17,-3,0
,-2,1,-1,-2,5,13,8,-2
,-7,0,-2,-1,-10,-24,-11,-5
,8,2,1,-2,-8,5,-2,2
,2,1,-1,0,-7,0,-2,1
,-4,0,1,0,3,38,1,2
,-1,0,0,1,7,-52,-2,-1
,-3,-1,-2,-2,-3,-21,-1,-2
,-3,-2,-2,-3,-2,14,0,-6
,-1,-2,-2,2,-1,6,-6,-2
,6,-2,-3,-2,-2,-2,2,9
,-2,0,-2,-2,-6,-14,-29,-4
,-9,0,0,-1,2,-7,1,-5
,6,-4,-1,0,-1,0,9,2
,-6,-1,-4,-4,-8,67,-7,-4
,-1,-1,-3,-5,-1,-3,7,-1
,-1,-1,-2,1,5,12,-3,3
,-2,1,0,-2,-4,-35,-3,-1
,2,-1,-1,-1,6,12,-12,-5
,-2,-3,-5,-3,1,9,1,0
,-2,0,-2,-1,-1,16,-4,-5
,-3,-2,-1,-2,-17,-1,6,1
,3,-1,-2,-5,-2,-53,-1,-3
,-6,-4,0,-1,-1,-1,-6,-5
,1,-1,-1,-3,-4,-21,7,2
,0,2,0,3,8,49,-4,-1
,-5,0,1,-1,-10,-63,0,-6
,0,-1,-2,-1,8,16,1,1
,3,-1,-1,-3,-3,-4,12,7
,-5,0,-2,-3,-4,-19,-15,-4
,-2,0,1,-1,-1,67,2,-3
,-2,-1,0,0,1,-30,2,-6
,0,-2,-1,2,4,-33,-4,1
,1,0,-2,-3,-10,-5,12,3
,-1,-2,-3,1,11,32,-1,-6
,-1,-1,0,-1,0,2,-4,5
,-2,-1,0,0,0,42,1,-1
,-1,0,0,1,0,6,-5,-5
,4,-1,-1,-3,-10,-73,4,7
,1,1,2,1,-4,32,4,-2
,-6,0,-2,-2,-6,-46,-5,-4
,0,0,-1,-1,4,3,-5,-3
,-2,-1,-1,-1,9,13,5,1
,-3,-2,-3,-4,-18,-26,-6,0
,0,-1,0,1,3,66,5,-1
,-6,-2,-2,-4,4,-66,-8,-6
,3,0,0,2,-12,28,-15,4
,-1,-2,-2,-5,-1,-49,2,-1
,-1,0,3,2,1,30,2,-4
,2,-2,-1,0,1,-9,10,8
,-8,-1,-3,-1,3,14,-4,-9
,2,1,-2,-2,1,13,2,8
,1,3,-1,-5,-4,-42,-6,-4
,-5,-3,0,-2,1,-18,1,1
,5,-2,-1,0,-1,65,-12,-6
,-4,-3,-2,-1,-2,-48,-1,-4
,0,-2,-3,-3,-8,-13,-6,-4
,3,2,0,0,5,30,-11,3
,-1,1,0,1,5,4,-1,0
,-1,1,1,-1,-10,26,11,1
,-2,-2,-2,1,7,-4,-18,-2
,-4,-2,-1,-2,-8,3,-2,-7
,-1,-1,0,1,2,-29,12,4
,-1,-1,-1,-1,2,17,0,-5
,-5,-2,2,3,-4,-19,-8,4
,10,0,-1,-4,1,23,3,-2
,0,-2,-1,-4,-11,-40,4,7
,-3,0,-2,0,5,22,-7,-6
,-2,-1,-1,2,3,21,1,-2
,1,0,-2,-1,-4,-13,9,-2
,0,2,1,3,7,-2,6,3
,0,-3,-3,-3,-9,11,-7,-1
,0,-2,-2,-5,2,24,1,-1
,-5,-3,-3,0,-4,28,-4,0
,0,-4,-2,0,-8,-36,-3,-3
,0,-1,-1,4,12,24,-2,-2
,-2,1,0,-1,-11,21,1,-6
,-1,-1,-1,-1,-1,-36,4,4
,-4,-4,-3,-5,-6,21,-3,-3
,-3,-4,2,0,5,-19,-3,2
,4,-3,-1,-1,1,7,2,-1
,-8,-1,0,-1,-2,-11,-6,-3
,4,-1,-1,-1,-1,32,4,0
,-3,-1,-2,-2,-1,-89,-4,-5
,-1,-1,-4,-4,-3,23,3,-2
,3,2,-1,1,2,11,-2,3
,-4,-1,0,2,5,-6,-9,0
,-1,-3,-5,-9,-4,11,7,-3
,2,0,0,1,-7,-12,0,3
,0,-1,-1,-1,8,-1,2,-3
,-2,-2,-1,-4,-8,-9,-14,-5
,1,0,0,1,4,-11,-7,-6
,-5,-2,-3,-4,-5,-1,0,8
,3,-5,-3,-1,-3,-1,8,-7
,4,2,2,3,-4,-25,14,4
,-4,-1,-1,-2,-7,40,0,-2
,-3,0,-1,-1,4,-8,-14,-11
,7,1,-2,1,-3,-8,0,14
,-5,0,-1,1,10,47,19,3
,9,2,0,4,-3,-10,-1,-1
,-2,-2,-3,-5,-8,-30,-11,4
,-5,-2,-2,1,-1,13,-3,-4
,0,-3,-3,-2,-2,-36,-5,-4
,-3,-2,-1,3,5,23,0,1
,1,-1,-1,0,5,-2,7,-2
,0,-3,-2,-4,-15,-50,-9,-4
,-5,-2,-1,-2,-3,19,-7,1
,0,0,0,2,5,6,12,2
,1,-3,-3,-1,1,-11,-2,1
,-3,-1,-3,-4,-9,16,5,-1
,0,-1,0,0,2,6,-11,-8
,-3,1,1,-1,-4,2,0,0
,-1,1,-2,2,3,-3,14,1
,0,-1,0,2,-7,48,-5,3
,0,-2,-3,-2,8,-33,4,-1
,0,-3,-3,-5,-5,8,-11,3
,-9,0,-1,1,7,22,-7,-7
,5,2,0,-2,-15,1,1,-3
,5,0,-2,-3,-4,-46,0,10
,1,-2,-1,-1,2,-13,10,-3
,1,-2,-2,-5,-4,7,-2,5
,-5,-2,-2,-2,0,-16,-8,-8
,4,-1,-2,-3,4,28,8,3
,0,0,-1,-2,0,6,-18,0
,5,0,-1,1,-3,17,8,5
,-6,-2,-2,-3,4,-58,-3,-3
,-7,-1,-3,-1,-3,56,-11,-5
,-2,-1,-1,-1,-9,-73,-7,-1
,-4,-2,0,0,5,40,7,-5
,1,1,0,-1,2,23,-17,2
,-2,-3,-2,-1,-6,-4,4,-4
,-3,-1,-2,0,4,28,-1,0
,-2,-2,0,1,6,-3,6,0
,4,-3,0,5,-1,13,4,-2
,-4,-5,-2,-3,8,-16,-10,-4
,0,1,0,1,7,23,6,0
,2,-1,0,1,8,-33,-4,3
,-8,-1,-3,-2,-14,20,-2,-9
,0,0,-1,-1,-4,-25,-6,4
,-5,-2,-1,-1,3,17,16,1
,2,2,1,2,7,21,-11,-5
,-4,-3,-4,-4,4,-64,22,-1
,6,2,0,-3,-9,-10,-18,-6
,-5,-3,-4,-4,-2,41,7,-2
,-1,-1,0,-3,-15,-73,-12,-2
,1,0,-1,0,11,29,-10,0
,-2,0,0,-3,-4,-4,12,3
,0,-2,0,2,3,-10,-7,-4
,-2,-2,-1,-3,-10,9,7,1
,-3,-2,-2,0,1,-7,-11,-3
,-3,-3,-3,-1,-2,-4,7,-5
,-2,0,0,-2,-4,-11,-9,1
,2,1,2,2,-1,-3,9,0
,-5,-3,-1,-4,2,14,-20,-5
,-9,-3,-3,-2,-1,6,-1,-2
,-2,-1,-2,0,-3,3,-20,-8
,1,-1,-3,-2,-8,28,7,0
,2,0,-1,-1,4,0,-3,-1
,5,2,2,3,-5,39,5,2
,3,-2,-4,-4,-5,-54,3,7
,2,0,-5,-3,-4,-63,-8,-1
,-4,0,1,3,4,24,-6,-7
,-4,0,2,4,5,-7,6,-2
,-2,-1,-3,-4,-3,-2,-3,-2
,5,-1,-1,-2,-7,-9,-2,2
,-2,0,-2,0,4,26,10,1
,-3,-3,-4,-1,2,-16,-9,0
,-3,0,1,-1,4,46,5,-4
,-6,-1,-1,-1,-1,-41,-10,-9
,2,0,-1,-3,-6,-35,4,7
,-3,-1,-1,0,3,52,3,-3
,5,-2,-1,-3,-2,34,4,4
,-1,-2,-1,-2,6,15,-7,-5
,-2,-3,-3,-1,-3,-6,1,0
,0,0,-2,-2,-13,-36,2,4
,0,-1,0,2,4,-7,7,-4
,1,-2,-1,2,4,10,-4,1
,-2,-1,-1,-6,-15,-42,-4,0
,-1,0,-2,-4,-1,-14,-11,-4
,-2,-1,-1,0,-2,-15,-2,-2
,-7,-1,-3,-1,1,28,1,-2
,-1,0,0,3,9,64,10,2
,-1,-2,-4,-4,-5,6,-5,-3
,-2,-1,-1,-4,7,-28,-9,0
,-5,-3,-4,-1,-2,3,3,-7
,4,-1,0,0,0,23,-7,6
,-1,-1,0,4,13,46,23,3
,-5,0,-1,0,-6,-25,-12,-5
,2,-3,-2,-2,-2,25,8,2
,-6,-1,1,2,2,-23,15,-4
,6,1,1,0,-3,-15,-27,-2
,-5,-1,-1,-1,-5,46,12,-7
,5,-1,-1,-1,-1,-24,-7,7
,-4,-3,-3,-3,1,-2,8,-2
,-1,-1,-3,1,-8,-19,4,2
,-1,-2,-3,-1,2,25,-2,-2
,-4,0,1,2,2,-13,-13,-5
,-1,-1,-1,-3,-4,-5,-6,-4
,1,-2,-1,0,3,36,8,5
,-4,-2,-2,-4,-18,-50,2,0
,9,-2,-1,-1,4,44,5,3
,-2,-1,-1,-2,-3,-9,-5,-3
,-6,-2,-2,-4,1,14,-6,-5
,3,0,-2,2,4,17,0,-1
,-7,-1,0,-4,-3,-15,20,5
,7,-2,0,-3,-8,-10,-12,7
,1,-2,-3,-5,-8,-34,0,3
,-2,-1,-2,-2,-1,1,2,0
,0,1,1,0,0,12,6,-5
,-4,-5,0,4,8,18,3,0
,-3,-2,-1,0,-3,-42,-1,-2
,0,0,-2,1,-3,20,-3,1
,-1,1,-2,-2,0,-3,1,2
,-1,0,-2,-1,4,28,10,-5
,0,0,-2,-2,-7,0,-9,-7
,3,-3,0,-1,-2,-6,10,4
,-8,-1,-3,-1,-5,-13,-20,-9
,12,3,1,0,0,-19,-2,2
,-3,0,-2,0,11,49,2,-1
,0,0,-1,-1,-4,-42,-11,-2
,-3,-3,-3,-1,-4,-9,2,-3
,2,0,-2,1,-6,-10,-2,-1
,0,-2,-2,-4,7,-4,16,3
,3,1,-1,0,0,-57,-31,-4
,-9,-2,2,-1,3,13,-4,-5
,3,-3,-5,-4,-7,9,-1,-4
,-1,0,0,4,-4,-24,-6,-5
,-4,-1,-1,-1,2,50,16,2
,1,-2,-2,-3,0,-6,-7,1
,-10,-1,-3,-3,-1,7,-1,-7
,6,-1,0,-1,-8,-47,3,7
,-2,-3,-1,1,7,16,-1,-4
,1,2,4,7,-4,19,2,2
,-5,-1,-1,0,-2,-14,-3,-1
,-5,-3,-2,-1,-5,43,-3,-2
,-2,-2,-2,-2,-7,-52,-1,-2
,1,-1,-3,-2,8,3,-5,2
,2,-1,-1,-2,0,6,0,0
,-1,0,1,3,3,-72,4,-4
,0,0,-3,-3,-7,41,2,1
,-2,-3,-3,-4,2,48,-17,-6
,3,0,0,-1,0,-56,6,7
,-2,-3,-3,-1,0,20,-6,-3
,0,-1,1,-1,-1,18,14,4
,-3,-1,-2,2,-2,-35,-2,2
,0,-2,0,-3,-7,14,-17,-6
,-1,-1,2,2,8,28,6,-4
,-5,1,0,-1,-13,-77,-15,2
,-6,-3,-3,-3,13,5,4,-7
,2,-1,-3,-5,-4,27,-1,5
,0,1,1,1,-5,-43,-1,-3
,2,-3,-1,-2,3,1,-11,1
,-4,-2,-1,-1,-5,52,12,1
,-2,-1,-2,1,-1,-96,-13,-7
,2,-2,-4,-5,2,52,-1,-2
,-1,-1,1,0,1,31,10,3
,4,1,-1,0,-3,-19,4,2
,-5,0,-1,1,10,17,2,-1
,5,-1,0,1,7,2,-9,7
,-7,-3,-3,-4,-16,-30,-5,-11
,6,-2,-3,-5,-11,4,-9,1
,-13,-1,3,1,-5,-30,3,-3
,5,0,0,-1,-6,20,0,-3
,3,-2,-1,-2,8,19,-1,-1
,2,-2,-3,-2,-7,-35,1,6
,-5,0,-2,2,5,52,5,-3
,-7,-2,-5,-6,-13,-48,-4,1
,-3,0,-1,0,-1,8,-5,-12
,0,0,1,0,11,-5,13,7
,1,-3,-1,0,3,8,-11,-4
,-9,-1,-2,-3,-2,13,8,-1
,1,-1,-1,-2,-2,15,1,-1
,-9,-2,-2,-1,-1,-26,-10,-10
,2,0,-1,3,2,41,4,4
,-1,-2,-3,-4,1,-64,-6,-6
,-1,-2,-3,0,-1,48,-17,2
,0,-1,-1,-1,-11,-67,-6,-4
,-4,-1,-1,-1,3,-3,9,4
,9,-3,1,2,0,20,1,-2
,6,3,3,-4,10,-25,15,8
,-2,-3,-5,-6,-7,5,-15,-6
,-2,0,-2,-2,-7,-16,-1,-5
,-8,-3,-2,-3,-5,-4,7,0
,9,0,1,2,7,0,-1,1
,0,3,4,4,6,21,9,2
,3,-2,0,-1,-9,-12,-11,2
,-8,2,0,1,0,46,-4,-7
,-2,-1,-1,4,3,-17,0,-1
,-2,-4,-5,-9,-11,27,-1,-6
,1,0,1,2,2,-5,0,1
,-1,0,-3,0,-1,15,4,5
,-6,-2,1,2,2,-49,-3,-8
,-1,-1,0,-1,-9,-41,-3,7
,4,-2,-5,-4,-5,27,-8,-3
,0,-2,-3,-3,-9,-21,-16,-1
,-4,0,-2,-2,2,38,12,-1
,1,0,0,0,1,-13,4,-1
,-5,-1,-2,-4,0,4,-15,-7
,0,0,2,1,-1,2,-2,-3
,-3,-2,0,-1,-5,8,-4,-2
,1,0,-1,-1,5,53,7,3
,-8,-1,0,-2,-14,-42,11,1
,4,-2,0,-1,0,-54,-11,-5
,-6,-2,-2,-1,2,8,-2,2
,-4,-3,-4,0,-3,-15,-4,-9
,5,0,-1,0,6,16,9,8
,-2,1,2,1,4,20,0,0
,2,-2,-4,-4,-8,-12,2,1
,-1,0,-2,0,1,12,-7,-3
,-2,-2,-3,-3,-12,3,-3,-2
,-1,-1,0,-1,6,-2,3,2
,0,1,-1,0,-2,15,-4,-2
,-5,-2,0,1,1,11,4,4
,10,-2,-2,-2,4,-28,-10,-6
,-1,0,1,3,3,45,0,5
,-1,-3,-4,-6,-10,-17,2,-2
,0,-1,0,-3,-3,21,-2,-1
,-7,0,1,-1,1,-41,-6,0
,-4,0,-2,-4,-4,14,4,-2
,6,1,0,-1,6,28,0,3
,1,-1,-2,-3,-3,-13,-8,1
,-2,0,1,0,0,21,9,-3
,1,-1,-1,1,1,14,-3,2
,-8,-2,-3,0,-2,-19,5,-2
,6,1,-2,-1,-3,-4,-5,-3
,3,2,-3,-2,-1,9,3,8
,-4,-1,-2,-2,-5,-18,-4,-3
,-2,0,1,1,1,-8,-4,1
,4,-2,-2,1,1,9,-1,-1
,6,-1,3,4,6,10,-14,-3
,-1,-1,-2,-1,-14,34,3,-1
,0,2,4,2,16,-82,4,3
,5,-3,1,0,-5,2,-8,1
,-8,0,0,1,10,20,-2,-4
,-1,-3,-3,-3,0,-6,-4,-3
,0,0,0,0,2,26,5,-2
,-1,0,1,1,1,-15,15,4
,-2,-2,-1,-4,-2,-14,-1,-2
,-3,-2,-2,-4,-7,-16,-5,-6
,-6,-1,-2,-1,-3,18,-16,1
,-3,-2,-3,-4,-9,-39,-2,-9
,0,0,-2,-3,5,-5,6,3
,4,1,0,3,7,-13,2,6
,-1,-3,-3,-6,-18,24,-13,-6
,-3,-1,-2,-4,-4,-54,-5,-3
,-1,1,2,3,-3,1,-1,-3
,-2,-3,-2,0,0,-41,0,1
,-1,-1,-2,-2,2,37,6,-2
,2,0,2,4,3,18,-2,7
,-4,-2,-2,-2,-3,5,4,-6
,-3,-1,-2,-4,2,-15,9,0
,6,-4,-4,-4,-20,-8,-3,7
,-6,-2,-4,-1,25,-6,-31,-14
,-3,-4,-1,-1,-8,16,1,-1
,-2,-1,0,-1,0,19,-1,-3
,-2,0,-1,-1,-8,-9,3,-4
,-1,1,-2,-3,1,-27,7,0
,-3,-1,-2,-2,5,78,6,1
,-2,-4,-1,0,-5,-89,-15,-5
,2,-1,-4,-4,0,17,9,-1
,4,2,1,1,-11,19,6,8
,-1,-2,-2,-2,5,12,-6,-4
,-1,1,0,1,3,-1,8,1
,0,-2,-2,-1,5,12,-3,-1
,-3,-2,-1,-1,-2,6,0,-2
,-3,-2,-1,-2,-4,-32,-4,1
,-10,0,0,1,-5,12,-4,-8
,1,-1,1,1,5,-41,-9,-2
,2,-4,-2,0,5,50,3,-7
,-3,-3,-4,-3,-6,-27,-6,1
,3,-2,-2,-1,3,15,-1,-1
,-6,1,1,3,1,22,0,-5
,-1,0,1,1,-6,-22,13,3
,0,1,-1,1,0,-22,3,-3
,-3,-4,-3,-5,-12,-22,-14,-6
,-3,0,0,0,3,18,-2,1
,-1,0,1,2,0,14,11,0
,-4,-1,-2,0,-3,-12,-18,-10
,3,1,-3,-4,-5,27,0,9
,-5,-2,-1,0,5,-6,-4,-10
,2,0,0,1,-3,-33,1,3
,-7,-2,0,1,-9,20,14,-3
,2,-1,0,0,1,39,4,1
,-4,-2,-2,-4,0,-32,-5,-1
,1,2,-2,-2,7,45,-3,0
,-1,-2,-1,-3,-12,13,1,-3
,0,0,0,-3,-8,-51,-11,-4
,-3,-4,-2,-1,1,10,14,4
,-6,-3,-1,-4,-10,-5,-9,-2
,-1,0,-1,-2,1,19,4,2
,3,0,-1,1,6,5,2,-3
,0,-2,-1,-2,-8,18,-5,-4
,-3,-2,-4,-3,-2,-4,5,-2
,-2,0,-2,-3,0,-24,-5,-5
,0,-1,-4,-3,2,20,9,11
,4,0,0,0,-1,-32,6,3
,-3,-2,-2,-1,-4,11,7,-4
,1,0,0,-2,-1,-1,-5,5
,-1,2,2,2,3,4,1,0
,-1,-1,-1,0,-4,-33,-11,-7
,2,0,0,2,5,28,14,4
,-2,-2,-3,0,-7,8,-5,-4
,0,0,-2,-1,9,28,10,0
,-5,-1,0,4,-6,-9,-13,0
,-1,-2,1,0,-5,27,-3,-3
,-1,0,1,0,7,-16,8,2
,1,-3,-2,-2,2,16,-7,0
,0,3,1,1,2,35,6,3
,-8,-1,-1,-5,-4,-64,-10,-2
,2,-2,-3,-4,-4,14,-15,-2
,-8,-1,2,1,-10,5,4,-7
,0,-3,-3,-5,5,-9,-13,-2
,-1,-1,0,2,-3,40,-6,-7
,2,-1,1,-4,-6,-99,7,8
,-8,-1,-1,2,-7,-31,-17,-7
,0,-2,-1,-3,-5,2,-6,-2
,2,0,-2,2,0,-8,-5,0
,3,0,1,5,17,66,7,6
,0,-2,-3,-7,1,-88,11,-2
,-1,-1,-1,2,-10,6,-10,-6
,1,1,-1,-5,11,-9,-1,8
,-1,2,-1,1,-13,7,7,0
,-2,-4,-1,2,8,3,1,-1
,0,-1,-3,-3,-4,4,0,1
,-7,-1,-2,-2,2,-3,-10,-5
,8,0,0,1,1,30,4,3
,-4,-2,-4,-6,-17,-70,-18,-7
,0,0,1,1,6,15,15,3
,-1,-3,0,-1,-9,-3,-8,-2
,-6,-1,-1,-2,4,-16,-3,-5
,2,1,0,2,1,60,1,-2
,-6,-1,3,1,4,4,-3,-1
,7,-2,-3,-3,-3,-28,2,-3
,-2,-3,0,1,3,13,-2,3
,-1,-2,0,-4,-9,21,-6,-2
,-5,-3,-3,0,0,22,-1,-1
,-4,1,-1,2,1,-2,1,-1
,-2,-1,-3,-4,-7,-4,0,-5
,4,2,2,2,6,17,3,0
,1,-1,-1,-3,-2,-4,-10,-2
,-2,-1,-2,-2,-8,36,2,1
,-3,-2,-2,0,-6,-45,-6,-4
,-2,0,2,-3,-6,37,3,0
,2,1,-3,-4,5,-31,11,5
,0,-2,-2,0,2,35,-5,-3
,1,0,-2,0,2,-17,-5,5
,-2,0,-3,2,6,11,0,-5
,2,-1,-1,-3,-3,7,8,-1
,2,-3,-1,-2,2,26,14,3
,-10,-2,-1,-3,-1,38,-7,-11
,1,1,-4,-1,5,-57,4,4
,2,0,-2,0,1,6,2,0
,-6,0,0,-2,-4,-44,-8,-5
,1,1,0,1,4,41,3,4
,-3,-4,-3,0,-2,-17,-12,-6
,-3,-2,0,2,-1,44,-1,-1
,-3,-4,-5,-4,0,-26,-4,-6
,-2,-1,-3,-1,2,7,8,-3
,-3,0,1,-1,0,29,7,4
,-1,1,1,2,1,-2,3,-4
,-1,-5,-3,-5,-19,-18,-2,-1
,1,-2,-1,-2,2,-7,2,5
,1,-1,0,2,6,8,0,3
,-4,-2,-2,-2,-4,-9,2,1
,-9,1,1,2,2,-2,4,-7
,-2,-3,-6,-6,-13,-37,-20,-6
,-1,-2,-3,-4,-4,-2,-1,-2
,-6,-4,-4,-6,-6,-17,-1,-2
,3,0,-1,0,-1,-39,-7,-1
,0,-1,-1,2,16,94,10,2
,1,0,0,-2,-6,-49,-14,4
,-1,-1,-5,-6,-8,-23,-17,-6
,-2,-1,2,4,3,-17,3,0
,3,1,-1,-2,-4,-17,3,-3
,4,1,0,1,1,52,9,3
,0,-1,1,1,9,7,11,2
,-1,-1,-2,-4,-8,2,-3,-2
,-4,-4,-2,1,4,-35,1,-3
,-2,-3,-2,0,0,35,0,0
,0,-1,-1,-2,2,-71,-13,-4
,6,1,1,4,5,51,-4,4
,-8,-1,0,0,-1,-81,1,-6
,-4,-2,-1,-2,-2,18,-1,-5
,7,-1,-2,-2,-1,27,2,13
,1,-1,0,2,0,-4,-5,1
,4,-1,1,0,-5,2,2,-1
,-2,-2,-2,-2,-5,-16,-3,0
,-4,-1,1,2,11,9,-3,-9
,-1,0,-5,-6,-4,15,0,-2
,-2,2,2,2,-5,-21,-8,3
,8,-1,-4,-4,-2,29,3,-4
,-3,-2,-1,2,-4,-11,1,-5
,0,-2,-4,-6,-4,2,3,7
,-5,-3,-2,-2,-1,-45,-4,-3
,-1,-1,1,1,-7,-28,-16,-3
,-2,0,-1,0,1,1,-8,2
,9,2,1,-1,6,-10,2,-5
,-5,-2,-1,-4,-6,13,1,-1
,-3,0,0,0,-1,23,2,1
,1,-2,-1,-1,7,25,10,0
,-10,-2,-2,-3,-7,-57,-8,-8
,6,0,0,0,-3,21,-5,7
,-1,-2,-2,3,7,29,3,-5
,-4,-1,-2,-1,-6,17,-1,-1
,-1,-1,0,-2,0,-8,2,1
,3,-2,-2,-5,-2,16,-4,1
,-7,-1,0,-3,2,1,-2,-9
,1,-1,-3,-1,-13,-48,-9,-1
,-3,1,0,0,6,24,5,-1
,-7,-4,-2,-2,-5,-30,0,1
,7,-2,-2,0,3,7,7,0
,-1,1,1,0,-1,15,0,-4
,-2,-2,-2,-2,-13,-10,-6,5
,0,1,-1,3,9,38,-3,-2
,-6,-2,1,0,-9,-26,-5,1
,7,0,1,-1,-5,-12,5,-1
,-8,-2,-1,0,-6,-17,0,-7
,8,1,1,0,-6,-6,-2,8
,-7,-3,-4,-6,-3,-26,8,-2
,0,0,-1,2,5,40,-1,-2
,-6,-3,-2,0,-1,21,-7,-5
,1,0,0,-2,2,-43,3,-3
,1,0,1,4,2,17,-11,0
,-8,-3,-3,-5,-5,22,0,-3
,1,-4,-3,-5,1,-11,-1,1
,-2,-3,0,-2,-2,27,3,-7
,1,-2,-2,-1,-8,-21,-15,3
,-6,-2,-1,1,4,-1,1,-2
,0,-1,-1,-1,2,38,-8,-7
,-2,-1,-1,-1,2,19,-2,-2
,-4,-1,-2,-6,-1,-37,8,-2
,1,2,-1,3,-1,3,0,3
,-1,1,1,4,5,-43,2,6
,5,-1,-1,-1,-7,5,-6,-3
,-1,-1,-2,-3,6,52,4,-2
,2,0,0,-3,-6,-26,5,2
,-3,-1,2,4,7,47,-10,-5
,-1,-2,-2,1,-1,-75,-3,1
,-1,-1,-1,-1,2,12,0,1
,-4,-1,-2,-4,1,-2,-10,-1
,-2,-1,1,-4,-13,-1,-8,1
,6,1,-2,0,3,14,-3,-5
,1,-1,-2,4,2,-27,0,5
,0,-2,-1,-5,0,22,6,-3
,1,0,-2,-2,-2,5,6,3
,-4,-3,-2,-3,1,28,-3,-10
,-5,0,-1,-1,-5,-17,-5,1
,-1,-3,-3,-3,-3,-10,7,-1
,2,0,-1,-1,2,26,-14,0
,-2,0,0,-2,-3,-68,2,5
,-1,-1,0,-1,2,22,-1,-10
,-2,-3,-2,-2,0,0,-9,-4
,1,-2,-2,-2,-11,-9,17,6
,-9,-2,-3,-4,4,59,-9,-3
,9,-2,-1,2,-2,-23,0,3
,-4,-1,-1,2,2,-46,-8,-5
,1,-1,-2,-1,2,6,1,-2
,-9,-4,-5,-9,-10,37,-5,-6
,2,1,0,-1,-5,-13,-1,3
,-1,-3,0,0,0,25,6,2
,4,-2,-3,-2,2,-5,-3,1
,-8,0,-1,1,4,52,2,-3
,-3,-1,1,0,4,-43,-1,-6
,1,-1,-5,-4,-10,-13,3,2
,5,2,1,1,4,1,19,3
,5,0,1,4,5,32,-18,0
,-7,-4,-3,-2,1,-54,-17,-4
,-1,0,-1,-3,-7,1,-1,-3
,0,-1,1,-1,3,-3,2,2
,0,1,1,0,-4,-6,6,0
,-1,-2,0,0,8,27,-1,0
,1,-1,1,-1,-13,-10,-9,0
,-4,-2,-4,-8,-14,-28,-6,-5
,0,-1,-1,2,6,12,5,-3
,-4,-2,-4,-4,-6,8,-2,-3
,2,3,2,4,8,-1,-3,1
,-3,-1,-4,-6,-13,-2,0,0
,0,-1,-2,0,-7,-18,-4,-6
,2,0,-1,2,8,45,14,5
,-5,-3,-3,-4,-11,2,-4,1
,-3,-1,-2,-1,5,-51,-7,-10
,3,1,-1,-2,1,4,-3,1
,-6,-1,-2,-3,-9,-7,0,0
,8,0,-1,0,1,15,0,-3
,-7,-1,0,0,5,13,2,1
,-1,-3,-1,-4,-1,-21,11,0
,-4,-1,-2,-1,-10,-30,-9,-8
,-2,-2,-2,0,6,38,-4,1
,3,0,0,0,-2,-5,1,0
,1,-3,-2,-2,-5,-86,0,-1
,-1,0,0,-2,7,68,2,2
,-4,-4,-1,-2,-15,-28,-3,-3
,3,0,2,2,6,-26,-9,0
,1,0,3,0,-2,22,4,6
,4,-1,-2,-2,2,-2,4,1
,-2,-2,-3,-3,-2,-9,-10,1
,-4,-2,-2,1,16,9,-1,-6
,-2,0,-1,-1,-5,13,-7,-3
,10,3,0,1,-3,3,8,12
,-5,-2,-1,1,-1,-15,15,-3
,-3,0,0,0,-6,38,-3,1
,-2,-1,-3,3,3,-23,-10,-3
,-10,-1,-2,-2,-7,-33,4,-8
,4,0,1,2,7,-6,-4,-2
,2,-1,-3,-2,-3,22,-2,3
,-4,-2,-5,-9,-8,-36,0,-2
,-3,-1,0,0,-2,3,-3,-5
,-2,-1,1,0,7,28,3,-2
,-2,-2,-2,-3,-2,9,-4,-2
,1,-3,-2,-2,0,19,8,2
,-2,-2,-2,-2,-4,7,-11,-5
,-1,-1,0,-1,7,-7,6,-4
,1,-2,-1,0,-15,-19,-18,-1
,-3,-1,-2,-2,-4,11,-4,2
,2,-1,-3,0,2,-5,5,2
,-3,-1,1,0,2,4,-5,-1
,2,-1,-1,-1,-1,-31,9,-1
,-1,-1,-4,2,0,20,3,2
,-6,-1,0,-2,-3,36,-3,-4
,2,-1,-3,-4,-2,-23,-15,-1
,9,2,3,6,11,34,4,3
,2,0,2,-2,-8,-19,7,0
,0,-2,-3,-2,1,41,13,1
,-6,-2,-2,-3,-2,-42,-4,-7
,-5,-2,-2,-2,-3,13,-1,-3
,-1,-2,-1,2,3,-19,-5,-3
,4,2,3,3,3,93,7,5
,3,2,0,3,-10,-98,-3,-2
,0,0,-4,-2,3,24,10,0
,0,-1,0,-1,0,-7,6,0
,-6,-3,-3,0,-4,-11,-13,-3
,-4,-1,0,0,1,9,3,4
,5,-1,-2,-4,-7,3,-11,-3
,-3,-1,0,1,0,-24,-5,-3
,3,0,1,4,13,-28,1,5
,1,-2,-1,-4,-22,-25,-8,-12
,-2,-2,-3,-6,5,51,17,12
,-2,-2,-3,-5,-2,-18,-14,-5
,-2,1,0,-1,-3,-25,-3,-1
,0,0,-2,0,6,22,1,-4
,-6,-1,0,1,-6,-16,0,-4
,5,-1,4,4,7,44,14,7
,4,-2,-1,-4,-4,-53,-38,-6
,-4,-4,-3,-1,-1,44,11,5
,-4,-3,-2,-1,-4,-18,-5,-7
,-1,-1,-2,-1,0,5,-3,-1
,-1,0,-1,0,-3,-16,1,-1
,-1,-2,-1,-5,0,9,-8,-3
,-10,-3,-2,-1,0,-4,-6,-10
,-4,0,-1,0,4,-30,2,-1
,-3,-4,-2,-5,-14,42,12,-2
,0,0,-3,-6,-2,14,-15,0
,0,-1,-1,0,5,-9,-1,2
,-7,-2,-3,1,3,33,5,-7
,3,0,1,-4,-5,-17,-9,2
,1,0,0,1,-2,18,12,7
,-6,-5,-1,-2,1,-20,-7,-8
,0,0,-3,-1,-11,36,4,1
,-9,-1,-2,1,7,-14,2,-9
,8,-1,-1,-1,-2,0,2,6
,1,-1,1,1,-5,-18,9,1
,1,0,0,2,12,104,-16,3
,0,-3,-5,-7,-12,-84,2,-3
,-6,-1,-2,-1,-1,-6,2,-4
,4,0,0,1,3,1,6,0
,-3,0,-1,0,-3,-5,-4,-2
,8,2,1,0,-3,13,0,1
,-2,-2,-2,-2,10,2,2,4
,-6,-1,0,0,-7,-3,-1,-5
,7,0,0,-2,-8,-44,9,6
,-1,0,-1,1,4,25,-20,-2
,-3,-2,-1,-2,-8,-7,4,-4
,2,-2,-1,1,7,34,-7,-2
,-3,0,0,-2,0,-30,-8,-3
,-7,-5,-5,-5,-10,-56,13,-6
,-6,-2,-2,2,14,115,4,-5
,2,2,-1,-2,-15,-98,-9,5
,0,-1,-2,-3,4,25,-17,-5
,1,-5,-3,-1,-1,32,3,5
,0,1,-2,1,-11,-9,-9,-4
,-1,0,0,0,-1,9,15,3
,-3,-4,-6,-11,12,-39,-1,-11
,-4,0,3,3,-1,-23,6,2
,-4,-2,-4,-5,13,12,4,4
,6,-2,-4,-2,-15,-9,-15,-6
,5,0,1,2,-5,-6,6,4
,2,3,1,1,5,8,0,-1
,-3,-2,-4,-6,0,-68,5,-2
,-5,-3,-1,0,9,-4,-10,-3
,-6,-3,-2,0,-4,38,-5,-4
,1,1,1,0,-1,0,10,-1
,3,1,1,4,0,-14,-4,3
,-2,-2,-3,-4,4,3,-1,-4
,-2,-1,1,0,-4,-3,-1,-4
,-1,-3,-2,0,5,35,3,2
,-1,-2,-1,-3,-15,-30,-7,-2
,-3,1,1,-1,4,21,-7,-4
,2,-1,-2,-3,-6,-12,9,7
,-4,1,-1,-3,-2,-6,-7,-6
,-3,-3,-1,-2,-3,15,-5,-5
,-1,-1,-3,-4,-4,-51,-5,-1
,0,0,1,-1,4,14,-4,2
,0,-2,-1,0,-6,-10,3,-2
,0,0,2,2,13,24,4,3
,-6,-1,-1,-2,-14,19,-19,-7
,3,0,-1,-2,-1,-45,6,4
,-8,-3,-3,-4,-3,-16,-4,-4
,-6,-1,-1,-1,2,40,-18,-9
,5,2,2,4,6,-10,14,7
,-8,-4,-4,-6,-17,-28,7,-6
,-1,0,-3,-3,-3,12,-11,-4
,4,0,0,1,-2,-10,6,2
,-3,-3,-2,-5,-3,4,2,-2
,-2,0,0,2,-4,1,-2,1
,2,0,-1,0,3,6,5,2
,1,0,2,3,1,-4,8,3
,2,1,0,-3,2,39,-4,3
,-2,0,-1,1,0,-25,-4,-5
,2,0,-2,-2,1,48,0,7
,-1,1,-2,-1,-9,-52,0,-3
,-3,-2,0,0,1,32,10,4
,-1,-2,-1,0,-2,-6,-8,-4
,-1,-1,2,2,-2,-1,-9,-2
,0,-2,-1,-1,-4,11,3,0
,-1,-2,-2,-1,5,-7,4,1
,-2,0,1,-1,-2,15,3,-2
,0,-2,-2,-4,-7,-33,4,0
,0,-2,0,-1,-2,8,0,-1
,-1,0,-1,0,0,-8,-1,1
,-5,-1,-2,-2,-3,-3,3,0
,3,-1,1,0,2,47,-5,0
,-7,-1,-3,-3,-6,-99,-6,-1
,12,0,0,4,5,29,4,1
,-2,-1,-1,-4,-13,13,-1,0
,-2,0,0,1,6,-21,4,-2
,-1,0,-5,-6,-10,6,-13,-6
,-2,1,-2,-1,0,-13,0,3
,-1,-3,-3,-1,10,0,-1,-2
,-1,0,-1,-2,-5,-19,-2,-1
,0,-1,0,2,5,28,1,3
,-4,-1,-2,-1,-3,-15,-3,-4
,2,-1,0,-1,-1,13,-2,-1
,-4,-1,0,0,2,9,0,0
,1,-2,0,-1,-1,3,1,-1
,-2,-2,-2,-4,-5,-1,-2,-5
,-1,-2,0,2,0,-6,-2,-1
,0,-3,-2,-3,-2,-10,-4,-1
,3,0,0,0,-3,5,-1,-2
,-4,-3,0,-2,-2,-10,-2,-2
,0,0,0,-2,3,-1,-3,0
,-1,-2,-2,-1,1,-10,-3,-2
,1,0,2,2,2,24,6,0
,-2,-1,1,0,-2,3,-3,-2
,1,0,-2,1,-1,1,1,-3
,0,-1,-1,-3,-7,-4,-3,-1
,-2,-1,2,1,8,-1,-4,-1
,1,-1,-2,0,-8,-2,0,0
,-1,-1,-2,-4,-3,-2,-3,0
,1,-1,-1,1,1,-30,-1,-1
,-2,-1,-2,-2,-1,10,-3,-1
,-1,-2,0,-4,-3,-13,-7,-2
,1,0,-2,-1,1,3,0,1
,-2,1,-2,2,-5,5,0,-3
,-1,-1,-2,-3,2,-5,-5,-1
,-2,-1,-1,-1,-1,1,-1,-4
,-2,-2,-1,0,2,-3,0,-1
,-1,-2,0,0,3,9,-2,-4
,-2,-2,-4,-4,-21,10,-2,4
,-1,-2,0,1,6,-27,-1,-1
,-1,-4,-1,-2,-7,1,2,-1
,-5,-2,0,0,8,-1,-1,1
,3,0,1,2,-4,0,-2,-3
,-9,1,-5,-1,-13,10,-1,-4
,-2,-1,1,1,7,-1,1,-7
,-2,1,0,6,18,8,1,16
,-33,-8,-1,-7,-19,-8,-1,-7
,1,-2,-4,-10,-6,-7,-6,0
,25,1,-3,3,3,-3,-3,-2
,6,-3,-4,-4,-6,7,0,-4
,-20,4,1,2,19,13,5,0
,12,0,0,5,4,4,4,-4
,-25,-5,1,0,-11,-4,-5,-1
,12,-3,-4,-9,-4,-10,-7,-4
,13,1,-1,3,5,1,-1,2
,-8,1,1,-2,-6,-4,-5,-4
,-13,3,1,6,9,13,5,3
,1,-2,0,-4,4,-13,-4,-7
,-7,-3,-4,-6,-19,-12,-2,3
,-2,-2,1,1,8,18,4,9
,19,1,-1,1,0,-5,1,-7
,-21,-3,-1,-2,-14,1,0,-3
,13,0,0,-3,20,1,-2,0
,12,-1,0,-3,-3,3,1,1
,-8,-3,-2,1,-4,-5,-4,0
,1,0,-2,0,4,2,2,-2
,9,0,-1,-1,-5,-1,1,-3
,0,-4,0,3,3,0,-2,0
,-10,0,-2,-5,-6,-5,-2,1
,-4,-1,-4,-6,-19,-4,1,-3
,13,2,1,2,-1,1,-2,3
,-12,-1,0,-2,10,-3,-1,-3
,3,-2,0,-2,-4,-2,-2,1
,4,-2,1,2,2,2,-1,0
,-4,-2,-1,8,-2,1,1,0
,0,-1,1,-1,4,5,4,-1
,0,-2,-4,-3,-4,-2,-2,-2
,1,-2,-1,1,0,1,-3,-1
,-2,-2,0,-1,6,-4,-3,-3
,-3,-1,1,0,-4,-6,-5,-2
,2,0,1,-3,1,3,4,3
,-6,-3,-2,-1,-4,2,-3,-3
,3,1,0,-2,-2,0,-2,-1
,3,0,-2,-4,-3,0,11,1
,-2,-2,-1,-3,-4,-5,-1,-1
,-2,-2,0,-2,-4,-4,-2,-2
,1,-2,-2,-3,1,2,-1,0
,-2,-1,-2,0,-4,-1,-3,1
,-3,-1,-4,-4,-3,-4,-2,-4
,-2,3,2,1,1,2,3,0
,0,-1,-4,-7,-5,-7,-2,1
,-4,-3,-4,-1,-3,2,3,-4
,-3,-3,1,2,3,4,-5,0
,0,-1,0,-1,-7,-17,-9,-4
,-1,-1,1,-2,-2,1,-1,-1
,-1,0,-2,-2,-3,-3,-4,-1
,-1,1,-2,-3,1,1,0,-1
,1,0,-2,-1,1,3,2,0
,-2,-1,0,-1,1,1,2,-1
,-2,-1,0,-2,-2,-4,-4,-1
,1,-2,-1,-2,-1,-2,4,0
,-1,0,-1,1,-1,3,-4,-1
,-2,0,-2,-2,-2,-4,0,-2
,0,1,-3,0,-2,1,-3,0
,-2,-2,-1,-1,-2,-3,-2,0
,0,-2,0,0,4,0,4,0
,-1,-2,-3,0,0,0,-4,-1
,0,-2,-1,-6,5,0,-2,-1
,-2,-1,-1,-2,-3,-3,0,0
,-3,-1,-2,7,-5,-2,0,0
,0,-2,1,-8,-7,0,-5,-4
,-3,-3,-5,7,-1,-1,1,0
,1,2,7,-3,-29,-3,-1,-1
,-1,-4,-3,-8,37,-3,-3,1
,-1,-4,-6,-5,15,2,2,-1
,-2,-1,-2,-3,-11,-1,-2,-2
,-1,-2,-5,0,2,1,-3,-2
,0,2,0,3,-15,2,1,-1
,1,0,4,3,12,7,3,2
,0,-2,-1,-2,-10,-6,-3,-1
,-3,-3,-2,1,9,-6,-4,-1
,-2,-1,0,-3,-8,0,1,-1
,-3,-2,-5,4,19,4,-3,-3
,-1,-2,-4,1,3,5,1,-1
,0,-2,0,0,0,13,4,3
,1,7,12,-2,-34,-2,3,0
,0,1,5,11,-12,-6,-4,0
,-6,-10,-13,-15,-67,-15,-9,-5
,-2,-4,-9,-7,24,0,-4,-3
,1,1,2,3,12,13,1,1
,3,3,13,16,8,10,7,2
,3,7,7,11,25,11,7,4
,-5,-7,-14,-23,-17,-23,-10,-5
,-3,-5,-7,-3,14,-7,-2,-2
,-5,-6,-12,-20,-48,-28,-8,-7
,-2,-3,2,2,19,10,-2,0
,2,1,3,7,19,9,5,-2
,-2,0,-2,-2,8,17,-2,-3
,1,2,3,1,-18,-13,13,5
,-3,-3,-2,-7,17,-10,-25,-7
,0,1,2,5,-4,33,13,-3
,-1,-5,-4,-7,-14,-60,-19,5
,0,-1,-6,0,-2,28,5,0
,1,1,0,0,-10,-16,8,2
,2,2,4,1,4,3,-5,1
,-1,-2,-1,-3,-8,-3,7,0
,-2,-2,-5,-3,15,43,-3,-1
,0,0,4,5,23,8,1,0
,-2,-1,0,-13,-29,-2,-6,-2
,-1,-2,-2,2,18,-60,2,0
,-3,-1,-3,-5,-5,-15,-11,-3
,-2,-2,-1,0,15,42,1,-4
,-1,1,1,11,-1,-29,5,2
,2,-1,-4,-10,-19,40,3,6
,0,-2,-1,-3,8,-34,0,-1
,-1,1,-1,-3,-3,-25,-11,-7
,-1,-1,2,0,-8,-9,1,3
,-1,0,0,4,-5,9,1,-5
,-3,-1,-1,0,5,34,0,-1
,-1,0,-2,-4,1,-12,7,2
,-2,0,0,2,-4,-7,-8,-1
,-2,-1,0,0,2,11,-1,-4
,0,-2,-3,-1,-3,-14,-1,-3
,-1,0,0,-1,-7,-6,2,0
,0,0,-2,0,6,-2,-3,-1
,-3,-1,-4,-1,0,15,2,-1
,0,-3,-3,-2,1,-13,-3,-2
,-1,-3,-1,-1,-2,-6,1,1
,0,-1,-2,1,3,10,0,-1
,-1,0,-1,-1,0,5,-2,-2
,-1,-1,-2,0,-8,-19,-5,-1
,-1,0,-1,9,3,20,3,1
,-1,1,9,-6,-5,9,6,-1
,0,0,3,1,-4,-2,0,-2
,-2,-5,-6,-3,3,56,-23,-6
,0,0,0,-31,-19,-4,2,0
,1,-1,-3,9,4,-12,-4,-3
,-2,-1,-1,-6,0,8,7,0
,0,-2,0,8,-1,-9,7,3
,0,-2,-1,9,16,-10,-2,0
,-2,-2,-3,-5,-2,9,-2,-3
,-1,-2,-2,-1,-4,-9,-5,-2
,-1,-2,-2,-1,0,-11,-2,-1
,-2,1,-2,-3,-7,-5,-3,-1
,0,-1,-2,-2,2,-12,-2,2
,0,-3,-2,0,-4,4,-5,-3
,-3,1,-1,-5,6,-16,-3,-2
,0,0,0,-8,-7,7,-3,-1
,-3,0,-3,1,2,-2,-4,0
,0,0,-1,2,0,3,-7,-2
,0,0,1,-3,-8,0,3,-1
,0,1,2,6,-30,-8,3,1
,-3,-4,-4,-3,24,0,-2,-3
,-3,-2,-6,-6,22,-2,-8,-4
,-2,-1,1,-2,-6,-6,4,-2
,-1,-2,-1,5,-2,-2,-2,-1
,1,1,2,2,-20,-3,1,1
,0,2,0,0,-4,7,7,0
,-2,0,-1,-3,7,-3,1,-1
,-2,-2,-1,3,-4,0,2,1
,1,-1,-2,-2,6,-1,2,-1
,-1,-4,-1,-1,-1,-3,-1,0
,-1,0,-1,0,-1,-4,0,0
,0,-3,-1,-2,3,0,1,0
,-2,0,-3,-2,2,-5,-4,-2
,-1,-1,-2,1,-11,4,3,-1
,0,-1,-1,-1,21,-5,0,-1
,-3,-1,-3,-2,5,-1,-3,-2
,-2,-2,-1,-2,-2,0,-2,-1
,-2,-1,-1,-1,-8,1,0,-1
,-2,0,0,-3,-9,-1,0,-1
,0,-2,-3,-3,7,-1,0,-1
,-1,0,-1,0,1,0,-2,-2
,-2,-2,1,0,-4,-1,0,-1
,0,0,0,-4,7,0,-1,-2
,-2,-2,-4,-7,-9,-10,-4,-2
,-2,-1,-2,0,-6,0,-1,1
,-1,-2,-2,0,1,-2,-3,-2
,-2,-1,0,2,0,1,-2,-1
,0,0,3,5,2,7,3,1
,-1,-2,-3,-9,-18,-4,-3,-1
,-2,-3,-5,-2,18,-6,-4,-2
,-1,0,-2,1,-8,2,1,0
,-1,2,0,0,2,-10,-7,-2
,0,1,4,5,-23,5,5,-1
,-3,-4,-10,-17,-4,-20,-10,-4
,0,-2,-1,1,-2,0,-1,-1
,0,1,0,6,6,2,1,1
,-2,-2,-1,0,2,1,-1,-1
,-1,0,2,2,-2,7,2,0
,-1,-1,1,0,12,1,2,-1
,-2,-2,-1,2,-4,8,3,-1
,-4,-5,-9,-12,-21,-20,-9,-4
,1,0,0,1,2,2,1,0
,0,-1,-1,-3,-12,-2,-1,-1
,0,1,5,14,-5,19,7,1
,1,0,1,-1,24,-3,3,2
,-6,-6,-10,-9,-7,-7,-11,-6
,2,2,4,10,-28,21,9,3
,-4,-2,-6,-17,45,-28,-8,-6
,-2,-4,-4,-4,-34,0,-6,-3
,1,3,4,4,-7,2,5,2
,0,-1,-1,-1,9,-3,-5,-2
,0,-1,2,4,-11,12,3,1
,-1,-2,1,2,6,-1,2,0
,0,-2,0,0,14,2,-1,-1
,-3,-1,0,-3,-5,-7,-2,-1
,-1,-4,-3,-5,-9,-4,-4,-1
,0,-1,-3,0,16,-2,-4,-3
,0,-1,3,3,-8,5,2,2
,1,2,1,9,-6,9,3,4
,-1,-1,-1,-13,-26,-16,0,0
,-8,-12,-18,-38,-15,-20,-23,-11
,-1,1,1,9,-1,5,1,-1
,-1,-1,-5,2,11,-11,-5,-3
,1,1,5,-2,-14,15,0,0
,2,4,6,9,-9,6,10,3
,-3,-4,-3,-16,16,-11,-5,-4
,-3,-4,-7,-5,-6,0,-4,-4
,0,0,-2,8,16,-7,0,1
,1,2,3,10,7,0,0,1
,1,0,-1,-2,-12,4,3,0
,0,-1,-1,-3,8,4,-2,0
,-2,-4,-3,-1,-1,-11,-3,-3
,1,0,1,2,10,4,5,3
,-2,-2,-1,4,-10,-1,-3,-2
,-1,-2,-2,-8,-4,-11,-2,-1
,-2,-1,-3,-4,6,-1,-1,-1
,-2,-1,0,9,4,9,2,0
,-1,-1,0,24,15,-1,3,1
,0,1,2,12,-23,13,2,-1
,-1,-1,-2,-48,9,-39,-12,-3
,2,3,1,3,6,15,2,1
,-1,0,-4,-18,-21,-4,-1,1
,-2,-4,-4,9,1,-18,-4,-2
,0,-1,-4,30,21,21,6,1
,0,0,-2,-10,16,-7,-8,-3
,-1,1,1,2,27,2,-1,-1
,-1,1,1,-7,-11,-6,3,-1
,-1,-1,-2,-1,0,5,-2,-1
,-1,-1,2,6,9,0,1,0
,-2,-1,-2,-4,-34,-21,-3,-2
,-2,-2,-1,-11,5,-4,-1,-2
,0,-2,-1,4,-2,1,0,-2
,0,-2,-1,1,-4,-4,-2,-1
,1,-1,-2,0,-11,-5,-1,-1
,-1,1,-1,-6,3,-3,-1,0
,-1,-2,-1,3,18,20,-1,-2
,0,1,1,7,-32,-11,3,0
,0,-2,2,12,14,13,0,-2
,-3,-6,-8,-36,64,-35,-13,-5
,-2,0,-1,7,-14,11,-1,0
,-1,-3,-1,2,7,-5,-1,-1
,0,2,2,4,5,16,3,0
,-1,1,3,3,-4,-11,3,1
,-2,0,-3,1,-6,-1,0,0
,-2,0,-5,0,12,-7,-5,-3
,0,2,2,2,-17,16,4,2
,-1,-4,-4,-5,-23,5,-2,-1
,-3,-3,-2,-6,-15,-23,-9,-3
,-1,-1,-1,4,-16,5,-2,1
,-1,-2,-3,-8,28,5,-3,-1
,0,1,1,12,-25,10,2,1
,0,-1,-1,0,27,5,0,-1
,-2,-2,-5,-12,-31,-3,-1,-2
,-3,-4,-4,5,-5,1,-3,-1
,0,-2,2,-21,-16,31,1,-2
,-2,0,-2,-2,-7,-10,-8,-2
,0,-1,-1,-1,7,-15,3,0
,0,0,-2,-10,-15,-10,-2,1
,-1,-3,-3,14,5,-7,-1,-2
,-1,-3,-2,-2,1,19,-1,-2
,0,1,0,0,10,10,5,0
,-2,-2,-3,-8,-18,-10,-3,-2
,0,0,-2,-1,16,-3,-3,-1
,-1,-2,-3,-1,-16,-12,-1,-1
,-1,1,1,2,16,-2,1,-1
,1,0,1,3,12,10,1,-1
,0,-3,0,-1,-10,-3,-2,-2
,-2,-2,-3,-3,-7,-7,0,-2
,0,0,-2,-1,-2,11,-1,-1
,-1,0,-1,-2,3,-2,-3,0
,-1,-1,-2,0,-5,1,0,-2
,-2,1,-1,0,-8,-4,0,-2
,-3,-2,-1,2,3,2,-3,-2
,-2,-1,-1,-5,-6,-7,-1,0
,1,-1,-5,2,-1,-7,-1,-1
,0,-1,-2,0,-3,4,1,0
,-2,0,-2,0,1,2,-1,0
,-3,-2,0,3,2,-1,-2,-2
,-1,0,2,-11,-20,-6,-2,-2
,1,0,2,-27,1,-5,5,2
,-1,-4,-5,-1,22,21,-2,-2
,1,-3,-4,-9,-70,-27,-2,-2
,-2,-4,-5,10,32,-3,-6,-1
,1,0,-1,10,2,-1,0,2
,0,0,1,-5,14,-5,0,-2
,-1,-1,0,3,21,11,1,0
,-2,1,1,0,-14,3,3,-1
,-1,-1,-2,0,-16,-4,-2,-3
,-2,-1,1,3,3,4,-2,0
,0,-1,0,0,7,-1,-2,-2
,-1,0,-2,-3,-7,-3,-1,1
,-1,-1,0,1,11,16,-1,-1
,-1,-1,2,3,-11,-9,-3,-1
,0,0,0,1,0,1,1,-1
,-3,-3,-3,-2,24,6,-4,-3
,0,-2,0,10,1,20,1,1
,0,0,0,7,-4,-25,1,1
,-1,-2,-3,-22,-2,27,0,-2
,-1,-2,-2,6,-16,-12,-2,0
,-2,-3,-5,-18,15,12,-6,-3
,1,1,1,23,-18,-9,1,0
,-1,0,1,3,34,-8,-1,-1
,0,1,1,-10,-15,4,5,1
,-4,-3,-5,7,-12,-15,-5,-5
,-1,-3,-2,-22,-39,2,-1,-2
,-2,-4,-5,4,15,-9,-4,-2
,0,-3,0,6,0,4,-3,-1
,-1,1,5,-1,-11,-13,3,1
,-1,-1,0,-4,21,18,2,0
,-1,-1,-2,2,-12,-18,-5,-3
,-1,-2,-4,-11,33,1,-2,-2
,-1,-2,-2,6,-11,-7,-2,-1
,-2,-2,-3,1,5,-3,-5,-3
,0,0,2,-9,-12,5,1,1
,-2,1,0,-8,-8,-1,-1,-1
,-3,-3,-4,6,5,1,-2,-2
,-2,-2,-1,2,8,-6,-1,-2
,-1,0,-1,-23,-23,8,-1,-1
,-2,-3,-3,9,9,-5,-4,-2
,-2,-2,-2,-8,-16,-10,-4,-2
,-1,2,-2,5,-1,2,1,0
,-2,-2,-4,7,7,-14,-3,1
,0,1,3,30,-5,12,0,-1
,1,2,9,-22,0,6,5,0
,0,-4,-5,-18,8,-3,-7,1
,1,1,3,11,-6,14,18,3
,-5,-3,-10,-15,-14,-30,-29,-10
,0,0,-2,24,27,-7,2,0
,-3,-1,0,1,0,-3,-2,-3
,1,1,1,3,5,-2,3,1
,2,0,1,6,-4,10,9,1
,-1,0,-2,-1,4,0,-4,-1
,-1,0,1,-11,-4,-2,-1,-1
,-3,-3,-5,2,-5,-6,-8,-2
,-2,0,1,-3,-3,-1,4,3
,-1,0,-3,-2,-2,-2,-6,-1
,0,1,-1,1,-3,8,3,-3
,-2,-6,-5,14,2,-3,-6,-4
,-1,-2,-5,-15,-10,-3,-1,-3
,-2,-1,7,0,3,-3,3,-1
,1,-2,0,-9,-16,2,-2,-1
,0,3,4,-16,7,2,-3,-2
,1,-1,-1,8,1,8,2,3
,-1,-2,-7,11,-9,-3,0,-2
,-3,-2,-1,4,3,11,-2,-3
,-1,-1,-2,1,1,-9,-3,-2
,1,-1,2,-2,-2,-20,9,1
,-1,-1,-3,-7,-2,26,-4,-4
,0,-2,-2,2,0,-16,-5,-1
,0,-1,-2,-4,0,-9,-2,0
,-1,-1,0,-4,4,-1,5,1
,-1,0,-2,5,-13,-3,0,0
,-1,0,-2,-2,10,4,-5,-2
,0,-3,0,4,-3,3,8,0
,-3,-1,2,-11,-5,-6,-8,-2
,1,-2,-2,-4,-1,-11,-2,0
,1,-1,-1,-1,-4,25,-3,1
,-3,-2,-4,0,-1,23,-6,5
,-7,-2,0,1,1,-24,27,-7
,-4,-2,-2,0,2,28,-8,-5
,-2,-3,-4,-8,-8,-28,-23,-5
,-1,-2,-1,2,1,-26,-13,-2
,2,-2,-3,-7,-1,8,-8,1
,1,-1,-3,0,-10,-15,13,0
,-2,-2,2,1,5,1,15,-2
,-1,-3,0,-3,-6,14,-6,-2
,-1,0,0,1,4,6,-3,-1
,2,0,1,3,-1,-2,4,1
,-1,-1,-4,4,-10,1,-3,0
,-2,1,0,-4,-8,-21,-5,-4
,3,1,2,-9,-11,-17,0,3
,5,0,-3,-2,23,45,1,3
,-8,-1,6,5,0,-15,1,-5
,-9,-9,-10,-3,-3,12,5,-8
,1,-1,-2,10,1,-6,-2,5
,0,2,1,-2,4,-10,-3,-6
,9,3,1,3,-15,-6,8,5
,-1,-2,-1,-1,-12,11,4,6
,-10,-4,-3,-3,1,-19,-13,-7
,-8,-6,-8,-16,-1,-9,-12,-11
,2,-1,-2,-2,-17,-34,0,1
,4,3,4,4,14,0,3,0
,0,-3,-3,-3,-3,32,-1,-2
,2,2,3,8,-9,-27,2,6
,-2,1,0,0,23,19,6,-2
,-1,0,2,-2,-19,3,-3,-3
,-3,-3,-3,1,11,2,-2,-4
,-1,-1,1,-1,3,-9,0,0
,-2,-4,-1,2,23,24,2,2
,4,2,2,4,-6,-4,7,-1
,-2,-4,-9,-15,-1,-3,-11,-4
,-4,-3,-2,-6,10,-8,-4,0
,-1,-3,-6,-2,-12,1,-4,-2
,-6,0,4,1,11,22,5,0
,2,6,10,21,25,15,10,1
,0,-4,-11,-29,-31,-16,-9,-6
,2,-4,-4,-4,15,-3,-5,13
,-3,-3,-5,-8,-43,-44,-19,-10
,1,2,4,12,15,24,7,1
,1,2,1,0,-35,-7,6,3
,-1,1,2,7,12,14,6,-3
,0,-1,-3,1,28,7,2,1
,5,0,-3,-9,-27,8,-1,-1
,8,4,10,30,-12,19,15,16
,-3,-2,-4,-21,-8,-30,-5,-10
,-10,-11,-15,-38,-55,-33,-28,-8
,3,0,4,13,5,1,-5,-1
,-3,1,4,20,-24,29,10,-3
,0,-4,-6,-27,-3,-27,-8,-3
,3,2,0,3,-26,-11,7,2
,-4,-9,-7,-11,58,-25,-13,-3
,-1,8,-3,12,-2,14,-5,-2
,-2,1,8,15,8,15,6,-2
,0,-7,2,0,61,4,5,1
,-5,8,-5,-8,-29,-7,-4,1
,-14,-44,0,-1,27,-10,-6,-9
,-3,26,-4,1,-10,-2,-1,-2
,22,17,8,8,-2,12,10,6
,-3,-2,5,-4,-36,3,3,3
,-4,1,-4,-11,33,-16,-12,-13
,-8,-25,-8,5,32,7,-9,10
,-3,-5,-1,13,-10,-1,-5,-11
,0,3,-6,-12,-41,4,2,19
,1,3,-1,-26,-28,-14,2,3
,0,0,2,-14,-18,11,0,-13
,-6,2,-5,23,40,-4,-7,-8
,2,-2,-3,-8,-31,3,0,-4
,-3,2,-2,8,39,-8,-4,-4
,2,3,5,3,20,5,21,-2
,-6,-4,-4,3,-2,0,-11,14
,-4,-6,1,6,13,0,-17,-10
,3,1,-5,-4,-27,-3,-1,11
,1,0,-2,-5,-8,-2,-1,-3
,0,1,6,-17,-7,9,11,1
,1,0,-1,5,8,-7,3,3
,-2,6,-2,-3,13,-5,2,-9
,-2,-6,-5,17,-7,5,9,3
,-3,-4,2,8,12,5,-23,-7
,1,3,7,-16,-5,-3,-5,0
,3,3,1,-12,11,-3,3,2
,-2,-3,-5,-10,-39,-2,2,-2
,2,0,-2,14,24,3,17,5
,0,-2,-6,10,3,-4,-5,0
,-4,-2,-4,-5,-15,-12,2,-4
,-3,-1,-3,9,2,4,2,0
,-1,1,2,-3,-1,5,-11,-4
,0,-1,-1,-9,-3,-2,0,-1
,0,-1,-3,1,-4,-7,-8,-2
,-6,0,1,-6,-9,2,-7,0
,9,1,0,-1,1,-3,13,5
,-9,-5,-4,-1,-8,0,-6,-13
,4,0,-2,-4,2,7,-3,5
,6,1,1,2,-2,-14,-5,3
,1,-2,-2,-4,-1,5,2,4
,-15,-8,-6,0,4,2,4,-18
,-7,-3,-3,-3,-6,-3,-3,-9
,2,1,3,2,2,1,-8,4
,3,6,0,-9,-1,0,6,4
,11,3,5,-2,-4,-11,8,9
,-18,-11,-7,-11,-10,-5,-14,-12
,-7,-8,-5,10,3,1,-8,-7
,0,0,-3,-22,-8,-4,2,1
,9,3,2,14,7,15,7,5
,9,8,15,3,2,-22,3,7
,-1,-3,-4,-19,-8,-40,-8,1
,-8,-6,-10,24,16,-10,10,-9
,-2,0,6,-22,-25,57,-17,-6
,3,-1,-5,-3,-12,5,-3,4
,-3,-3,-2,2,-2,-2,-10,-6
,-3,0,-1,4,10,-2,1,-1
,0,-1,-4,5,9,-3,8,-1
,-1,-1,-1,15,-9,4,1,1
,2,0,1,-6,6,16,2,-1
,-3,-5,-5,-17,-23,-9,-9,-9
,7,2,-1,-4,-6,-18,3,7
,5,-1,-2,-2,14,7,0,11
,-1,-1,-1,9,-9,-2,2,-2
,-4,1,4,0,17,13,-1,-5
,0,-2,-2,0,4,-12,-3,-4
,7,7,2,3,7,1,8,6
,-2,-2,0,-10,-31,-11,-4,-6
,2,0,-1,1,-4,6,-4,3
,-7,-2,0,9,30,16,6,8
,-9,-26,-9,-13,-54,-51,-15,-16
,7,20,-3,-3,5,24,5,8
,7,8,5,0,-3,-5,-1,-1
,-10,-3,-11,-12,-3,-16,0,-7
,2,1,4,5,32,24,5,2
,-4,-14,-1,-5,1,-7,-2,-4
,-5,-4,2,2,-10,-7,-7,-3
,5,3,1,7,5,8,6,3
,-2,2,0,8,54,25,3,-1
,0,-1,3,3,-35,-13,3,-1
,-11,-7,-19,-57,-25,-57,-23,-7
,-3,-4,-3,8,-2,3,-8,-8
,-5,5,-1,-1,-11,-18,1,1
,1,-1,5,6,11,16,0,0
,0,-1,5,19,17,15,8,5
,-5,-4,-6,-12,-9,-18,-1,-7
,-4,0,-3,-12,-22,14,-5,-13
,3,4,2,12,59,16,4,6
,-5,1,-6,-26,-102,-29,-13,-7
,5,-10,-8,1,31,-3,-3,-3
,1,9,4,12,-42,18,7,3
,-5,-8,-4,-10,22,-8,-5,-5
,0,-3,2,14,30,17,1,-3
,-3,6,4,4,-32,-6,2,-2
,2,-2,-4,-5,6,-2,0,10
,-1,0,0,-7,-76,-20,-7,-4
,0,0,3,11,33,14,11,4
,-2,-4,-6,-15,3,44,-15,-8
,1,2,1,0,-32,-1,-8,4
,-1,4,2,-6,56,1,3,-4
,-4,-8,-9,2,-26,13,-6,3
,1,1,3,12,11,-10,5,4
,-2,0,-4,-11,-3,0,-4,-3
,-1,2,0,2,-2,13,2,-1
,1,-1,4,1,1,3,6,0
,-1,-2,-1,0,-8,-16,2,-1
,-1,-1,-4,-3,21,2,-3,-2
,-2,-4,-4,2,6,-9,0,-1
,-1,-1,-2,3,10,3,4,-2
,0,-1,1,5,-8,3,-1,1
,-1,2,2,-8,19,-18,2,-2
,-1,-4,-1,-1,-31,41,-3,-2
,-3,-3,-5,0,15,-30,-6,-3
,-2,-2,-2,1,6,14,0,-3
,0,-3,-1,3,4,-6,1,-1
,0,-1,-2,-9,0,-11,1,0
,0,2,4,0,-9,10,1,1
,-1,5,4,-1,-1,-15,5,2
,-4,-2,-4,18,-4,-7,-3,-10
,-1,-5,-7,-22,-23,-20,-12,-3
,-3,-5,-5,14,42,4,-2,4
,1,-1,1,-11,-17,-18,-1,1
,-2,0,-2,-3,6,1,-2,-2
,0,2,3,10,-6,5,4,-2
,1,3,2,-4,-8,7,1,-4
,0,-1,-1,-2,-1,-14,-5,0
,0,0,-1,-2,-4,8,0,-1
,-1,-5,-1,-1,10,-7,1,-2
,0,-2,-2,-5,-9,-1,-1,0
,-1,0,0,3,-4,4,-1,1
,0,-2,0,0,6,0,-1,-1
,-5,-2,-3,-2,-18,-13,-5,-1
,0,-2,-1,-2,3,-1,1,-1
,-2,-1,-2,2,-4,2,2,-1
,0,1,5,11,13,5,-1,0
,-2,-2,-6,-16,-4,-11,-5,0
,-2,-2,-1,6,12,8,0,-4
,1,0,0,-5,0,-2,2,-1
,-3,-2,0,-3,0,-10,-6,-2
,0,0,-4,1,10,1,1,-1
,1,3,9,-1,0,6,2,0
,-2,-1,-6,4,-8,-4,-1,-3
,-2,-1,-4,-5,9,12,3,0
,-2,-2,-2,-1,-8,-16,-5,0
,1,-3,-2,-3,-22,-27,-3,-1
,-1,-2,1,-5,-1,15,-2,-8
,0,-4,-2,-1,3,-2,-1,-2
,-1,-1,0,11,2,18,0,0
,2,1,-1,-3,-2,12,0,13
,-1,1,3,-3,-14,-53,-4,-4
,-1,0,-3,-2,2,10,-3,-2
,-4,0,1,-4,-5,-34,7,3
,0,-3,-5,10,11,39,-10,-23
,2,-2,-2,-4,19,8,5,21
,-1,-3,-4,-8,22,-19,-6,-2
,1,0,5,13,15,14,2,2
,-4,-2,0,-10,7,-12,3,-6
,0,0,-3,0,-4,6,-3,-5
,1,0,-3,-5,-2,6,1,2
,1,2,5,7,-10,4,-1,-1
,-1,-1,-2,-8,-12,-7,2,2
,-1,-3,-3,0,13,4,-3,-1
,-1,-1,-1,-2,-16,-3,0,2
,0,-1,-1,17,12,0,-2,-4
,0,-2,-5,-35,-16,-3,-3,3
,0,1,4,-16,-3,-6,-1,-2
,-2,3,5,3,-23,10,3,-7
,-4,-8,-12,0,21,-6,-8,1
,-3,-2,-3,12,-21,-5,1,0
,-3,-1,-2,0,5,-3,-2,-2
,0,1,1,-1,-7,0,0,0
,0,3,1,7,-1,4,-2,-3
,-1,0,1,-6,-6,7,4,-3
,-1,-1,-3,5,-2,-10,-5,0
,-2,-3,-2,-2,5,6,2,2
,1,0,0,-4,-6,14,-1,-1
,1,2,0,3,7,-35,-7,-1
,1,0,-2,1,-18,2,1,-2
,0,-3,-7,25,11,6,0,0
,1,3,12,-27,0,-4,3,2
,-8,-1,-2,-1,-10,41,1,-1
,6,-3,-3,-2,-6,-47,-7,-19
,-2,-4,-4,-2,-12,21,-1,28
,-1,-1,-3,5,5,5,1,-3
,-1,0,1,6,7,-8,2,3
,-3,2,2,0,13,22,4,0
,-2,2,6,2,-17,-13,-5,-22
,-23,-9,-10,-7,14,-10,-3,13
,45,1,-10,-5,-28,11,-5,-21
,-6,-2,-2,5,7,2,-1,3
,5,4,2,-9,-2,-8,-1,-3
,-3,-1,4,7,14,-22,3,-5
,-13,-5,-1,-1,-6,20,2,1
,0,-2,-5,-10,-24,2,-3,1
,-3,-1,-1,-4,5,-12,-11,-8
,3,0,-1,2,3,36,4,0
,-7,-1,-2,1,10,-15,-2,5
,3,2,1,-3,-11,-7,-1,-2
,-8,-4,0,-5,1,-1,3,4
,5,-2,-7,-4,-8,-6,-5,-5
,-2,2,2,2,4,9,1,3
,-2,3,8,35,21,25,5,3
,0,-1,0,-37,37,27,-5,-15
,8,-3,-8,3,-48,-67,2,7
,-13,-7,-5,-15,-27,-56,-22,31
,-6,-4,-6,23,28,16,-6,-5
,4,1,2,-30,-11,-31,3,7
,3,4,4,-3,0,43,3,-10
,-7,-1,0,5,11,11,6,-6
,-2,0,-1,2,1,-22,-1,5
,-2,-5,-7,10,-12,-46,-2,0
,1,2,0,-10,12,32,-4,-4
,-1,2,1,14,13,-3,1,-3
,0,-3,-1,-11,-6,-24,11,2
,-1,-1,-2,5,10,31,5,-6
,-2,-4,-4,-12,-16,14,-14,1
,-2,-1,0,2,-2,2,-2,-10
,0,-1,-1,-11,-8,-12,0,0
,-2,1,2,9,5,5,5,6
,-1,-4,-6,12,-26,-28,0,-1
,0,1,5,-16,-10,31,7,-2
,1,1,-1,5,73,33,3,0
,-5,-9,-16,-18,-50,-13,-14,-8
,-2,-2,-1,7,-17,8,-7,-9
,-8,-2,0,4,10,-21,-6,-8
,-1,2,1,-3,-26,1,2,1
,3,1,2,8,28,24,2,2
,3,1,4,3,21,-19,6,0
,-3,-3,-7,-15,-13,-2,-1,-3
,-3,-2,-2,-6,-28,-5,-4,0
,0,-3,-1,2,-9,-6,-1,0
,-1,-2,2,-6,10,9,-2,-2
,3,3,1,10,18,-11,2,1
,-2,-2,-1,-2,-2,20,-5,-2
,-2,-3,-4,-4,-7,-16,1,-2
,-1,-1,-2,-3,-5,36,0,1
,-5,-4,-7,8,5,-31,-8,-13
,8,1,0,-9,12,13,7,14
,-1,-2,-4,-42,-29,-41,0,-2
,-2,-4,-3,2,10,81,-5,1
,-1,0,1,-24,-6,-7,2,-1
,-3,-3,-7,15,0,11,-7,-10
,0,2,3,22,9,-4,3,-2
,3,1,-1,-1,-2,-6,-1,4
,-1,0,-3,13,9,8,9,6
,-1,-2,-4,-15,-20,-53,-21,-21
,13,6,6,11,-2,4,4,28
,4,4,0,7,4,-19,5,-2
,16,9,14,24,14,27,21,14
,3,-4,-3,-49,-27,7,13,14
,-14,-13,-10,17,-1,-12,-31,-37
,-13,-11,-9,-18,1,-30,-29,-9
,19,10,7,8,11,6,25,24
,-2,0,2,10,-6,3,18,1
,2,-1,3,0,2,6,5,6
,-1,1,-1,1,1,-17,6,-5
,-27,-17,-18,-6,-6,-22,-81,-35
,-5,-4,-3,-4,-4,4,-32,-8
,-1,2,-1,2,5,18,-8,1
,5,3,6,14,7,-2,20,7
,6,3,5,-8,-5,-2,32,10
,2,3,4,8,2,1,0,0
,-4,0,-6,-3,-11,-12,0,0
,2,5,3,-5,-3,-16,4,0
,-2,-3,-2,-5,-1,4,4,-3
,-7,-9,-6,-1,-2,-5,-9,-6
,0,0,2,4,2,9,10,-2
,1,-2,-1,-7,-7,-18,1,0
,1,-4,-2,-2,0,2,-4,0
,-12,-2,-3,3,-4,0,-7,-14
,2,1,3,-3,3,2,7,5
,0,-1,-1,-1,-1,-7,-13,-6
,-1,-2,-3,1,-1,0,3,10
,-1,-2,0,3,3,-4,15,6
,-2,-2,-3,-3,-3,3,6,-8
,-4,-1,-1,-3,-4,-7,-1,-2
,0,-4,-4,-1,-5,-3,-9,-5
,2,0,2,-1,2,2,2,4
,-7,-4,-2,1,5,1,1,0
,-1,-2,0,0,-3,-2,2,0
,-7,0,1,-2,2,1,-2,-4
,-2,-1,-2,0,-6,-2,6,-1
,0,-1,0,3,3,-4,-6,-2
,2,-2,0,-6,-8,-4,-1,-1
,-2,-1,-3,-4,2,5,0,-5
,-3,-3,-4,-4,-8,-7,-13,-4
,-1,-1,-1,-1,-3,2,-3,-1
,-3,-2,-2,-1,2,-4,-1,1
,-3,-3,1,-1,-2,0,4,-3
,3,0,-1,2,1,1,3,2
,-1,2,0,-4,2,5,-2,0
,-3,-1,2,-6,-6,-9,-2,0
,-1,-2,-2,-3,1,-2,2,3
,-2,-2,-2,5,-8,-13,-23,-7
,1,0,-1,-8,-6,-2,-2,3
,1,0,-1,3,-6,5,7,2
,-1,0,-2,-12,7,-6,-16,-6
,-4,-4,-3,-4,-13,-6,-1,-2
,0,0,1,8,11,2,2,-2
,-2,-1,-5,-4,-8,-1,-1,-2
,0,-1,1,4,-1,5,4,-1
,-1,-4,-1,0,0,0,7,-1
,-2,-1,-1,0,0,0,-3,-3
,-1,1,-1,1,6,0,1,1
,-2,2,-2,2,-3,-3,0,-1
,5,0,1,-3,6,5,4,5
,-14,-12,-2,-3,-6,-5,-5,-11
,2,2,-1,0,4,-3,-2,-2
,17,14,6,6,-4,3,17,20
,-4,-5,-3,-4,3,-3,-18,-5
,-10,-10,-6,-5,-5,-10,-2,-6
,0,-2,-1,-1,-10,-5,-7,7
,-1,6,-4,-7,-3,3,-5,-10
,7,4,8,6,5,4,17,7
,9,7,3,2,3,6,6,7
,-10,-7,0,8,19,26,-6,-11
,-7,-13,-3,-5,-31,-25,1,1
,-3,5,-8,-15,-22,-26,-8,-7
,4,4,2,6,10,7,2,-3
,-2,1,-1,1,0,0,7,2
,-18,-9,-2,-5,4,11,-4,-12
,-6,-15,-2,-1,6,4,-1,-1
,-1,9,0,-2,-12,-9,-4,-3
,-2,22,3,-3,-7,-8,-2,0
,20,10,-4,2,32,16,2,-5
,9,-9,-1,-1,-25,-5,3,24
,3,-2,-4,-5,21,-2,-4,1
,-25,-25,-5,-2,1,20,-10,-9
,-4,-7,0,-2,-24,-50,-4,-4
,-1,1,0,2,5,40,9,-6
,5,1,1,-2,13,4,0,6
,3,-4,-6,-13,-27,-34,-8,-7
,-6,-3,2,6,14,24,3,-2
,0,6,-1,2,-2,-28,-7,-3
,-2,-2,0,0,-18,26,0,0
,0,1,0,5,20,-35,6,-5
,1,-3,-3,-6,-15,24,8,7
,-2,5,1,-3,8,6,5,1
,-4,-2,-1,0,-9,-48,-10,-5
,8,-4,-2,-6,-1,37,11,4
,-2,-2,-2,6,2,-8,11,-1
,3,3,0,0,0,-20,-10,0
,-6,-2,-2,-2,7,44,-4,-5
,-15,-3,1,-2,1,-13,-15,-13
,6,-5,-2,-1,-1,8,-8,3
,2,3,-1,-4,-12,31,4,-3
,12,1,2,15,0,-8,18,13
,9,-1,-5,-8,-2,-17,-5,13
,-28,-12,-2,19,11,23,-17,-36
,-4,0,1,-33,-16,-16,3,-1
,25,0,0,8,-9,7,-2,28
,-10,0,2,1,12,65,22,-16
,7,0,-3,-2,-7,-67,4,16
,-35,-11,-10,9,5,46,-20,-54
,2,-1,-1,-9,-10,-35,-40,4
,7,3,0,5,-3,7,-1,6
,4,0,1,0,6,8,20,16
,20,10,6,6,9,1,39,33
,-3,-8,-11,-28,-6,-7,19,-17
,-44,-10,-2,12,3,-10,-94,-64
,-5,1,2,-14,-21,-2,17,-6
,6,1,-1,9,9,-12,-30,12
,4,4,0,19,8,12,-37,-3
,22,3,0,-13,-16,-25,5,15
,-2,-1,-1,-3,11,-8,-5,12
,-13,-8,-6,-37,-20,24,0,-19
,-6,0,3,13,39,-77,-6,-5
,9,-2,0,-11,-40,20,19,14
,2,-2,-11,-12,-16,-11,-33,-3
,0,-1,-2,15,9,-3,7,-10
,5,3,2,-1,2,35,43,13
,-8,-6,-5,0,19,-45,14,2
,7,4,4,-4,2,5,-14,1
,0,1,-1,4,-3,-27,-59,-8
,-23,-6,-3,-17,-20,21,0,-26
,22,5,1,9,-1,-5,29,24
,2,0,1,5,6,19,10,6
,-3,-4,-4,-8,-4,-22,18,-6
,-12,0,0,9,-13,2,-26,-27
,9,1,-4,-19,-7,-15,-3,27
,-17,-6,0,2,11,27,-9,-26
,4,0,-2,3,-2,-3,16,17
,-12,-3,1,-3,-3,0,-1,-16
,17,2,0,-6,5,39,32,16
,2,1,-2,-2,-2,-9,0,5
,-6,-4,-2,12,8,-5,-13,-6
,-4,-2,-1,-16,-6,-17,9,5
,-22,-8,-7,-10,-17,-17,-11,-21
,-3,-2,-2,-2,-7,-5,-25,-10
,7,1,1,7,18,16,38,10
,5,1,-2,-5,-16,-24,-19,10
,-3,-1,2,9,13,30,16,-6
,0,0,-2,-1,-8,-17,3,2
,-15,-6,-3,-4,-6,-20,3,-8
,2,0,1,2,6,34,8,2
,0,1,0,2,-6,-25,-29,-2
,-2,-2,-3,-10,-14,-7,7,-7
,3,1,0,-1,2,0,2,1
,0,-1,-1,2,2,6,7,4
,0,-1,-2,3,0,-4,-6,-4
,6,0,0,-4,-1,-8,-3,11
,2,2,2,2,4,13,4,-8
,4,-2,-5,-1,-5,-8,-12,13
,-4,-1,1,4,3,-10,3,-13
,0,0,-1,5,11,24,-1,4
,1,-1,0,-10,-27,-22,-9,2
,-6,-2,-1,-2,-1,11,16,-8
,-3,-2,1,10,12,9,3,0
,2,0,2,-2,1,0,-24,0
,-2,-4,-3,0,-4,-7,-16,-7
,-1,-2,-1,-4,-2,1,12,0
,1,2,1,-4,2,10,2,-1
,-1,-1,-3,-3,-9,-11,9,-1
,2,2,0,-2,4,2,7,4
,-2,-2,-4,6,4,16,4,-2
,2,0,2,-4,-1,-10,-3,2
,-10,-8,-3,-1,3,6,14,-6
,-2,-1,3,9,10,-1,-12,-3
,4,0,4,0,-7,-21,2,0
,-4,-3,-2,-3,0,25,-1,-6
,1,1,1,-1,2,-6,10,-2
,-1,0,-2,2,6,8,-20,1
,0,0,-1,-5,-8,-22,-13,1
,3,-2,-2,-2,2,3,28,4
,1,-2,-3,13,2,6,3,-1
,4,2,3,-9,4,10,-18,7
,1,-1,-6,1,-4,-47,-15,-1
,-7,-1,1,-6,-2,-16,-12,-7
,4,3,2,-3,-5,15,9,0
,2,0,-2,2,0,17,9,0
,-2,0,2,0,4,21,9,3
,-7,-5,-6,1,-8,0,0,-5
,-4,-1,-1,5,-1,-17,-8,-3
,-6,-2,-1,-2,-9,-47,6,-8
,-3,-5,-4,-10,-8,40,-23,-8
,6,1,-1,3,2,9,1,9
,-2,0,-1,-6,-4,-22,-6,-2
,1,-1,0,1,-3,-5,15,5
,-1,-1,-2,1,7,9,12,-4
,-1,-3,-4,-6,-14,-23,-13,-3
,5,1,-2,-7,-4,10,-4,13
,-4,-1,-2,3,3,-7,-10,-5
,0,-2,-3,2,2,2,0,0
,-1,-1,1,4,-1,-4,6,-7
,-2,-2,0,2,3,-2,4,2
,-3,-2,-3,-7,-9,3,11,-10
,3,-1,1,2,4,15,6,20
,-1,1,3,7,6,-12,-10,-10
,-1,-2,-3,0,0,9,18,-2
,3,0,-2,-6,-7,-20,1,4
,-4,-2,-3,-5,-7,32,2,-7
,2,0,-1,-1,7,-14,7,5
,-2,-2,-2,4,4,29,-4,-10
,6,2,2,2,7,51,15,18
,-8,-3,-4,-11,-9,-49,-17,-11
,-1,1,1,5,3,-1,-4,-2
,-3,1,-1,-8,-8,-8,-4,-5
,-2,-5,-4,-1,-1,15,11,-1
,-3,-1,1,1,-2,-4,21,-3
,0,2,0,5,14,17,-9,1
,5,-1,-2,4,-6,-2,-4,6
,-10,-7,-4,-8,-3,-21,-40,-16
,1,1,1,-3,2,-5,-5,4
,0,-3,-3,-5,-7,-17,19,-4
,-1,0,-1,2,1,11,-3,1
,4,0,-3,0,1,2,17,3
,-5,0,-1,9,-2,12,1,-14
,6,-1,3,2,4,21,4,15
,-1,-3,-6,-18,-12,-20,-16,5
,-3,-2,-2,5,6,-17,-18,-9
,-3,-3,-3,-11,-13,-30,-3,-10
