,10,13,11,14,65,62,24,14
,-6,-2,9,10,-23,-12,13,3
,-13,-17,-16,-23,-97,13,-13,-2
,1,-2,-14,-1,23,-5,-9,-10
,0,1,4,3,14,8,-3,5
,7,6,9,-1,-46,8,11,7
,-2,-5,6,24,40,28,2,-5
,-5,-1,1,18,49,33,14,-1
,-9,-11,-19,-62,12,-117,-36,-11
,-1,-2,-7,20,22,29,-3,-5
,2,2,2,5,24,1,0,-1
,1,1,-1,2,8,-3,-1,3
,3,0,8,11,55,17,13,5
,-4,-3,-9,-27,62,11,-5,-4
,0,-1,-5,3,2,-34,-10,-4
,2,-1,6,-17,22,-23,7,5
,-2,-4,-4,-2,58,22,1,1
,0,3,1,5,-15,-42,-12,-7
,-1,-11,4,7,47,14,3,3
,2,12,0,7,-53,-23,11,7
,-11,-13,-27,-32,-47,-23,-30,-23
,0,0,-3,6,100,29,0,0
,-3,-3,-6,-8,40,23,2,-1
,-1,-6,7,11,16,-4,2,5
,3,10,10,9,-49,62,29,7
,-2,-6,-9,-9,-2,54,-8,2
,-2,-5,-11,-30,15,29,-13,-10
,1,2,1,7,43,19,7,5
,3,9,6,7,31,47,14,5
,-7,-7,3,30,8,-16,3,0
,9,13,17,18,-26,-9,8,4
,1,-2,-16,-41,-45,3,-6,-6
,0,-3,6,41,-88,-20,-3,0
,2,7,4,-17,-84,-33,5,2
,-7,1,-16,-16,-31,-63,-31,-15
,1,4,-2,-29,-70,-1,9,4
,-3,-8,1,49,28,-9,-4,-3
,4,-1,0,-17,-70,-23,-1,2
,-9,-2,-3,-20,28,31,1,-2
,2,-5,-1,-4,41,-48,-15,-5
,-1,3,5,-24,37,-15,0,3
,-1,6,-10,13,73,23,-4,-10
,9,4,13,25,-18,-4,11,15
,-5,-7,-2,-1,10,8,-10,-7
,-3,2,12,14,52,36,13,4
,-10,-18,-7,18,-15,-41,-14,-12
,-1,12,-6,-20,-34,-12,0,0
,0,6,2,21,12,7,3,-4
,1,-5,1,12,41,10,-1,2
,9,7,7,15,98,7,1,2
,-9,-18,2,14,104,17,7,-2
,-6,-2,-4,6,-2,-8,-2,0
,10,16,-2,-32,-40,-15,-7,-1
,-5,-2,-3,-20,-52,-21,1,-1
,-3,-6,-6,-1,-55,-50,-11,-7
,1,1,9,20,42,41,5,2
,-1,0,-4,-20,-77,-16,0,0
,-10,-7,-9,-5,77,12,-10,-5
,-6,-8,-3,11,43,0,-4,-4
,3,-10,13,21,81,73,18,7
,6,17,-6,-11,13,-9,-1,-1
,-8,3,-6,-5,-102,-67,-17,-11
,14,10,6,3,8,10,9,16
,-5,-9,-2,-5,14,18,-2,-3
,5,-2,9,-26,-4,12,10,4
,-6,-12,-12,0,54,11,-10,-2
,1,5,-1,-10,-16,4,2,1
,-3,-1,-5,-7,-7,-39,-13,-1
,-3,-5,-1,2,-29,-15,1,2
,6,6,6,-22,-15,3,6,2
,-4,4,3,14,57,24,5,-4
,-5,-14,-11,-16,62,-11,-11,-6
,-12,-17,-7,7,-23,7,-6,-6
,1,4,-7,-60,-23,-15,-14,-6
,-4,-15,-6,53,35,2,-9,-11
,-4,4,-7,-47,-90,-21,-6,-3
,-6,-7,-9,-10,-37,-33,-17,-7
,-1,-8,9,30,38,40,19,6
,6,20,5,-5,-109,-5,7,2
,3,-1,-8,-17,12,1,-2,1
,-10,-13,-14,8,-73,-32,-21,-14
,7,7,11,9,-97,37,22,12
,5,7,8,-9,33,10,7,1
,-8,-8,-6,4,-48,-29,-14,-20
,7,2,4,1,70,15,11,22
,3,3,6,29,52,4,4,3
,-3,-6,-3,-26,49,31,0,-2
,0,5,1,-2,-104,5,0,-2
,-1,3,1,-7,-9,16,8,-4
,-4,-4,2,13,36,29,-4,-3
,-9,-12,-20,-24,-31,-83,-28,-15
,-2,-2,-5,-9,6,-27,-4,-3
,3,3,7,13,16,-6,10,3
,0,-7,-5,5,-99,20,0,1
,-1,6,6,-2,7,-7,-6,-4
,-8,-11,-12,-4,45,-19,1,-3
,3,8,-1,-3,-82,-43,-6,1
,-1,3,3,-6,32,-18,4,-1
,-4,-8,-1,6,17,18,6,3
,-3,-5,1,0,-105,-16,-11,-2
,0,4,-5,-2,59,10,-3,-6
,7,11,5,2,35,-37,2,3
,-4,-6,-7,-14,-45,10,-6,-4
,4,6,5,21,28,18,4,3
,-13,-17,2,3,12,4,-1,-3
,0,6,-1,-5,-47,-19,-6,-1
,8,0,8,10,2,-14,9,7
,-7,-5,-7,-5,-30,19,-4,-7
,0,-6,-6,6,0,-7,-7,-14
,0,-1,-4,-5,48,-25,-7,11
,-9,-4,-6,-8,25,-13,-7,-6
,5,3,7,16,45,10,7,5
,-8,-8,-12,-17,28,-36,-19,-12
,1,0,1,3,19,28,8,0
,3,4,4,-1,2,9,6,2
,-1,-10,-5,-10,-23,-9,-4,1
,-3,-6,-3,-8,-54,27,-3,-4
,5,16,7,7,-4,16,12,3
,-6,-7,-14,-43,-13,-42,-20,-9
,0,2,5,13,0,14,6,3
,-1,-7,0,-10,-11,-19,1,4
,-2,1,-2,-12,-63,-5,-6,-1
,1,0,1,12,34,50,12,3
,-6,-5,-4,-11,83,-14,-6,-4
,5,4,4,-3,2,16,9,7
,-6,-18,-13,2,22,-32,-14,-7
,-4,0,1,1,-24,20,5,0
,0,2,5,11,-28,-18,-4,-1
,-1,-1,-3,-2,-14,10,-1,-1
,-3,-4,-5,-10,13,16,9,-7
,7,-2,1,7,24,9,4,15
,-1,-1,-4,-5,-5,-6,-3,-2
,0,6,3,7,39,3,2,0
,0,-2,1,9,18,-4,-5,-4
,3,1,1,5,7,-1,-1,-1
,1,3,7,8,-49,-5,10,6
,-1,1,-9,-16,-73,-28,-7,-3
,-3,-12,-3,-3,97,23,-8,-6
,-5,10,2,6,-10,2,5,-1
,8,7,-1,-2,18,-2,-3,1
,3,2,2,12,13,10,4,1
,2,3,11,22,-2,16,14,8
,-14,-21,-24,-37,-78,-51,-34,-21
,2,5,7,2,39,-11,3,4
,1,4,3,9,46,13,0,0
,-1,-1,1,1,-11,8,1,2
,6,6,10,1,14,8,10,6
,-2,-3,-6,3,5,21,1,-3
,-2,-1,-2,-4,16,-1,-4,-1
,-1,3,-4,-18,-57,9,4,1
,-1,3,5,19,-3,5,3,-3
,-7,-15,-8,-21,-51,-41,-13,-7
,-3,2,-4,-5,24,-5,-8,-4
,4,7,1,-4,10,-4,2,1
,2,-5,-4,12,46,14,0,-5
,-4,-8,-1,0,-65,5,1,3
,-1,3,3,6,83,17,4,2
,-5,-18,-11,-14,-31,1,-1,-6
,0,6,-2,-20,-4,-30,-5,-4
,1,7,5,11,-56,-14,-1,-4
,-2,-3,-2,9,41,16,2,3
,-2,0,-2,-6,-24,-14,-3,-3
,0,-5,1,1,5,21,4,3
,0,3,2,-3,37,18,4,-1
,-1,1,1,3,40,-12,-1,-1
,-1,-2,-4,-19,28,-1,-11,-4
,-1,-2,-1,2,13,-15,-7,-2
,-8,1,-5,12,96,15,-8,-4
,5,1,-2,-2,6,18,9,-1
,3,3,9,16,28,2,3,10
,0,1,0,-6,-14,10,8,3
,4,6,5,11,58,10,3,4
,-15,-24,-18,-19,-75,-26,-28,-18
,2,7,1,-1,-80,-1,3,0
,3,5,6,3,18,0,3,3
,1,-1,-6,-5,-24,1,3,5
,3,1,4,-9,-30,-7,6,2
,-11,-12,-14,-11,25,-33,-26,-15
,1,-2,4,-3,-28,11,3,4
,0,-3,-5,5,91,29,11,-3
,-1,-7,3,8,25,-12,0,0
,1,7,0,11,-16,23,6,-1
,-2,3,-3,0,57,-20,-3,0
,-1,-3,0,-24,-21,2,-3,-3
,-7,-9,-14,-19,-38,-14,-14,-9
,-3,-1,2,-1,-43,-2,4,0
,-3,-9,-12,-19,33,7,-2,-7
,4,2,-1,0,-45,-12,-4,0
,-1,3,12,17,59,26,11,6
,-2,0,-3,-2,-46,-11,-5,-1
,3,1,4,30,22,40,14,2
,-1,-4,-7,-30,60,-26,-15,-4
,0,-2,-2,10,33,-7,-2,-1
,-3,-5,3,21,103,3,1,-2
,-1,-9,-2,-3,-15,3,6,3
,-3,6,2,11,40,-1,0,-3
,3,5,3,-5,29,21,7,5
,-1,-9,-1,1,19,-4,-1,-2
,2,8,0,5,-22,-34,-10,-2
,3,1,3,2,22,37,12,3
,-3,-2,-5,-28,-24,-32,-11,-3
,-1,-3,0,-19,23,17,6,1
,-9,-14,-13,-13,-103,-17,-16,-11
,3,3,3,7,-21,3,4,3
,7,8,8,11,-6,17,13,4
,-2,0,-5,-12,-55,-8,-8,-2
,4,5,10,1,13,12,7,7
,-11,-12,-16,5,-36,-40,-18,-11
,2,1,3,1,-10,16,-4,0
,-1,0,1,-3,2,-20,-4,1
,-2,-3,-1,9,21,10,0,-1
,3,7,5,6,-7,-4,-3,1
,0,1,3,9,8,-7,4,2
,0,-5,-4,-8,-44,-11,-6,-3
,-9,-12,-3,2,-28,-3,-6,-6
,1,7,5,-7,5,8,5,2
,6,9,3,15,-4,-3,1,1
,-9,-8,-7,-23,-16,-14,-8,-5
,6,5,2,6,55,-3,-3,3
,-3,-7,-6,-5,-65,-9,-2,-1
,-5,-3,-4,-1,9,-8,-6,-3
,5,6,11,30,76,37,14,7
,-3,-5,-4,-9,35,2,1,-3
,-6,-4,-4,-14,-27,-8,-8,-5
,4,3,0,-4,-62,-3,5,3
,-5,-9,-10,-9,-35,5,-6,-7
,0,4,3,-8,21,-11,1,3
,0,-3,0,1,-20,12,2,-1
,-3,-3,-3,1,-3,4,-2,-2
,3,5,9,17,23,13,4,3
,0,-6,-1,-6,-13,6,6,4
,-3,1,-6,-12,3,7,-7,-4
,-3,-6,-2,-8,-4,-31,-7,-4
,3,5,-1,5,4,-1,0,3
,0,6,0,-4,1,-4,0,0
,-4,-11,-3,9,41,16,5,0
,-5,-6,-8,-16,-13,-2,-2,-2
,4,10,7,9,-19,-8,-2,-1
,-1,-2,0,1,-73,2,1,1
,0,2,4,3,19,12,-2,-1
,-6,-10,-8,-16,69,-38,-13,-10
,0,5,0,-3,-11,-5,0,-2
,-1,-5,-4,-1,64,-8,-8,-4
,6,8,9,10,-43,4,9,4
,1,-1,-2,3,12,58,12,3
,-2,-5,-1,-3,-21,-17,-6,-4
,-4,-1,-3,7,5,-1,-7,-4
,2,3,10,35,127,28,6,6
,0,0,2,-3,-31,-6,-3,-1
,-2,-4,-7,-13,70,-12,-1,-2
,-2,0,-5,1,-61,8,-2,-6
,1,1,5,-6,-21,-22,-7,0
,-4,-4,-5,8,-3,1,0,-2
,-1,2,1,12,34,-4,-3,-2
,3,3,5,1,-9,1,11,7
,-5,-6,-7,-6,30,-29,-8,-5
,-4,0,-1,-14,57,-5,-6,-5
,-3,-5,-5,-3,3,-5,-3,-2
,1,1,4,10,42,1,1,-1
,1,-1,-1,-1,-11,-8,3,-1
,-4,-1,0,1,3,17,-4,-1
,0,-4,1,-2,7,19,6,2
,1,5,-2,-7,-46,-20,-1,-1
,0,-3,1,6,1,22,7,3
,-3,-3,-4,-1,-79,-38,-8,-4
,3,12,0,4,36,-5,-1,0
,-1,-3,4,5,-69,25,2,-1
,-5,-5,-13,-21,-15,-37,-9,-5
,-1,-7,0,7,21,5,1,0
,-2,-6,-3,-12,-60,0,-2,-1
,0,7,3,-14,-11,-8,0,2
,0,-4,-1,7,-32,4,-2,-3
,-1,-1,0,7,-43,0,-1,2
,-2,-3,1,2,40,4,-5,-2
,0,2,-3,-10,-20,18,4,0
,-2,-5,0,-14,-6,1,-4,-1
,-1,1,-3,9,4,9,0,-1
,-2,-1,-3,-2,10,-3,1,-1
,2,-1,2,-9,-4,-17,-1,0
,-4,0,0,10,-14,9,-2,-2
,-1,-4,-7,6,-17,1,-5,-5
,3,-1,4,9,23,18,10,5
,-4,-7,-6,-6,11,-4,-11,-8
,3,3,2,-6,21,19,3,4
,0,2,2,4,27,-6,-4,2
,0,-2,1,-1,0,4,-2,0
,-5,-9,0,12,17,-4,6,-3
,4,7,-5,5,-15,6,3,3
,1,-1,0,-6,22,7,-1,-1
,0,0,-3,-15,-41,-7,-3,0
,-2,-11,-2,8,9,-4,-3,0
,-1,5,2,0,35,-6,-2,-3
,2,-1,-2,-12,-25,14,9,0
,-2,-2,-5,-6,1,-11,-1,-2
,-2,-2,-4,-5,-83,-1,-8,-4
,-5,-11,-11,-17,47,-22,-5,-4
,4,8,4,5,9,6,8,3
,-3,-4,-5,-13,-39,-18,-5,-2
,2,2,3,15,59,-11,2,3
,-5,-8,-9,-25,-79,-6,-10,-8
,0,3,1,0,-49,-16,-3,0
,-1,-3,-2,-6,27,8,1,-2
,0,3,5,14,53,-33,-4,-1
,-5,-7,-8,-15,-41,-10,-2,-5
,0,-9,-1,-32,87,0,-1,1
,-5,5,-5,10,-34,4,-6,-4
,2,0,-3,6,19,3,0,0
,2,4,7,11,9,20,-3,3
,4,2,8,13,-9,18,6,5
,-4,-8,-8,-11,22,-8,-7,-7
,3,1,-5,-10,47,19,-4,0
,0,2,1,4,-8,-2,3,0
,-2,1,-3,-6,27,-4,-3,-3
,1,3,8,14,-6,4,6,6
,-2,1,-2,-12,-43,-8,-3,-4
,-7,-11,-10,-19,47,-27,-13,-7
,1,3,4,17,12,1,6,3
,0,1,0,-9,-45,1,1,-1
,1,4,2,4,-34,-6,1,4
,-2,-3,-1,14,69,7,-1,-3
,-4,-2,-8,-2,-74,0,-7,-6
,-1,-1,-1,5,19,3,2,-1
,-3,-4,-9,-24,-58,-14,-7,-5
,-1,1,4,11,-5,-16,-6,-1
,-1,2,2,9,6,8,4,0
,-3,-5,-4,-9,-40,-19,-3,-2
,-3,-1,-2,-6,71,7,1,1
,2,3,4,10,-36,15,9,3
,-3,-4,-8,-12,2,-29,-7,-6
,-2,-8,-5,7,24,3,-7,-3
,1,0,2,11,56,27,-3,1
,1,0,-1,-3,-23,-5,3,1
,-1,0,4,-12,-48,-7,-3,0
,-1,5,-1,18,-23,-24,-3,-6
,-6,-8,-11,-23,-19,-55,-12,-2
,-2,-1,-2,5,-56,21,-2,-3
,3,4,6,4,-50,2,13,6
,-5,-5,-7,-19,-14,0,-9,-5
,-1,-1,-1,8,16,9,-3,-4
,3,3,5,2,8,7,2,1
,-3,-6,-11,-3,-57,-65,-6,-6
,1,-1,3,2,-23,17,6,2
,-2,-1,0,11,13,6,0,-2
,-3,-1,-3,-15,-55,-25,-7,-3
,4,7,11,38,33,43,19,9
,-6,-10,-15,-25,-72,-7,-17,-13
,0,0,4,4,-3,0,1,2
,5,4,7,12,10,27,17,6
,-7,-8,-13,-23,-11,-21,-20,-11
,2,2,5,7,30,-2,4,4
,1,2,2,-5,-18,36,11,0
,-6,-3,-3,-12,-44,-19,-10,-6
,-2,-3,-6,7,32,12,-5,-3
,5,4,8,5,24,19,7,7
,1,0,2,-9,-15,-9,-5,-3
,0,-1,-2,10,49,7,6,1
,-4,-4,-3,-12,-35,-35,-14,-6
,1,1,2,-1,20,11,5,3
,0,0,3,14,32,15,0,-3
,3,0,0,10,-18,-30,12,5
,-2,1,-4,-9,21,12,-5,-5
,0,3,1,-4,-24,7,0,2
,-4,-4,-6,-18,-83,2,-1,-3
,-3,-4,0,21,44,8,-2,-2
,-1,-2,-5,-13,-26,20,4,1
,2,3,3,2,10,-8,2,1
,0,-1,-4,-3,62,-6,2,1
,-5,-8,-8,-18,-23,0,-12,-8
,1,-1,2,5,13,16,2,0
,1,0,2,8,19,-8,0,-1
,0,-2,-2,-3,-15,-4,-2,0
,-3,-3,-5,-11,-18,-5,-2,-3
,2,3,3,-3,-9,-11,7,5
,0,4,5,18,-2,18,1,1
,-3,-5,-5,-1,-54,-2,-4,-6
,2,6,6,9,72,5,2,2
,-1,-1,-2,1,28,10,2,-1
,-3,-6,-9,-22,15,-20,-9,-3
,-2,-3,-1,1,37,-18,-2,0
,0,3,2,3,48,32,3,1
,-4,-4,-3,-14,-27,-30,-11,-4
,1,2,3,13,82,25,11,1
,-8,-8,-10,10,70,-12,-15,-11
,0,-2,0,-9,-19,-23,-3,1
,4,4,5,5,41,27,10,4
,-6,-6,-6,-9,-25,-50,-17,-7
,-1,0,-2,-10,-52,-9,1,-1
,-2,1,-1,16,20,-2,-6,-2
,-1,1,1,0,39,10,3,0
,3,2,5,3,10,-9,9,6
,-2,0,1,-1,30,24,0,-2
,-2,-5,-7,-21,-17,-15,-8,-6
,4,5,7,1,0,5,10,7
,-5,-7,-11,-10,22,1,-12,-9
,-1,-1,2,18,37,23,8,2
,1,1,-3,-11,-10,-17,-4,-2
,-3,-5,-5,4,35,11,0,-1
,-1,0,0,1,-52,0,0,-4
,1,4,2,-2,4,14,3,1
,1,3,8,16,-12,-14,3,6
,-9,-13,-18,-45,-40,1,-15,-12
,-2,-2,-4,1,18,5,-1,1
,2,2,5,8,25,-10,3,3
,1,1,1,-4,-87,24,5,-1
,-2,-6,-1,-2,19,-19,-9,-3
,-3,-2,0,10,4,-2,3,-2
,5,3,1,-2,11,29,8,6
,-10,-11,-16,-21,64,17,-12,-11
,-1,1,3,5,-3,-7,-8,0
,3,-1,0,-7,-23,-7,3,4
,-5,-3,-5,-7,-29,-2,-3,-6
,2,1,2,1,-34,-3,2,2
,-3,-1,-3,2,-16,-7,-6,-4
,-1,-1,-3,-1,24,8,0,0
,3,4,3,-12,-66,-30,-2,0
,1,-3,-1,8,40,16,10,1
,-4,-6,-6,-8,-22,10,-7,-5
,3,4,3,5,-23,1,2,3
,-4,-6,-9,-12,3,-13,-1,-5
,0,-2,-2,-3,12,-2,0,0
,5,5,8,24,-45,2,11,5
,-5,-5,-6,-11,-5,-16,-9,-7
,-1,-2,-3,-2,3,-9,-5,-1
,-1,1,-1,2,8,-1,-1,-1
,1,3,1,5,0,6,8,2
,-1,-1,1,3,12,-14,-5,-1
,-4,-6,-7,-10,21,29,-8,-6
,0,0,2,8,-78,-20,-6,-1
,-5,-7,-7,-16,13,-10,-6,-8
,2,2,7,9,-48,7,7,4
,1,3,2,1,13,-19,-3,3
,-3,-1,-1,3,20,15,1,-4
,5,6,8,18,80,10,7,6
,-9,-10,-16,-17,-59,-2,-5,-8
,0,-2,0,19,57,-1,1,1
,-3,-3,-6,-16,-6,-12,0,1
,0,4,5,17,25,0,5,4
,2,3,5,-5,33,19,3,3
,-5,-9,-11,-7,7,-21,-2,-4
,-2,-4,-7,-4,-31,2,-3,-5
,2,3,-2,-6,19,-11,-4,-2
,1,0,5,6,-31,22,7,3
,0,0,-3,3,6,3,2,1
,5,7,14,29,91,5,11,8
,-14,-13,-22,-41,4,-9,-29,-19
,2,5,3,-2,12,-17,0,2
,0,-5,4,1,53,4,7,2
,-2,4,-5,-17,8,-9,-8,-4
,4,9,11,31,50,26,10,5
,-6,-10,-15,-10,32,10,-2,-7
,-2,2,1,2,-102,8,-2,-2
,-1,-3,-4,-15,-3,-20,-8,1
,-2,-4,-4,-6,-45,-13,-4,-2
,-2,-4,-6,-17,-41,-1,1,-1
,1,4,6,15,23,-17,-2,2
,-2,-3,-4,-11,-60,10,0,-2
,-4,-8,-1,8,12,-14,0,-2
,3,10,6,-2,36,-4,3,2
,1,0,0,-19,-45,5,3,0
,-5,-7,-8,19,-39,-36,-9,-7
,3,1,4,-5,34,4,3,2
,0,-3,2,15,56,2,3,2
,0,-1,-1,-1,15,-3,-6,-6
,-1,-2,-3,-11,36,-2,-6,-5
,4,8,14,21,21,-2,11,5
,-3,-7,-6,-2,70,25,7,0
,-1,6,1,14,-4,-25,-3,1
,1,1,4,2,18,12,4,0
,2,3,3,1,-39,21,13,6
,-5,-4,-7,-19,19,-13,-14,-8
,-5,-8,-7,-9,-10,5,-8,-4
,1,-2,5,8,81,15,15,5
,0,-2,-8,-8,41,10,-5,-3
,0,2,5,5,-49,-15,-5,-1
,2,-3,-2,-12,43,5,1,-1
,-3,1,-2,8,-28,2,-7,-4
,1,1,2,-1,22,-7,-3,1
,-1,-1,0,4,-46,-16,-6,-3
,-3,-1,0,14,55,16,-4,-5
,4,2,7,10,9,7,7,4
,-8,-8,-13,-30,-99,-17,-14,-9
,-1,-3,-9,0,-51,12,0,-1
,0,2,3,-1,24,-2,-1,2
,2,5,5,0,23,9,0,2
,-1,-4,-3,-2,48,-4,2,-2
,-2,-1,-1,-8,-6,-11,-7,-5
,0,-1,-4,-7,-84,-5,1,-1
,-3,-3,-3,-1,66,-10,-9,-6
,-1,2,-1,-8,-104,-11,-2,0
,-1,1,8,7,10,-3,-1,2
,-1,-1,-2,-5,-56,4,5,0
,-4,-1,-3,-7,-70,-18,-2,-1
,-2,-3,2,9,31,4,-6,-4
,-4,-5,-4,-2,33,9,-8,-6
,1,2,2,3,12,-10,1,3
,-1,-1,0,-4,80,-9,1,0
,-2,-2,-2,4,3,-9,-3,-2
,0,-3,-2,-9,106,-11,1,2
,-8,-12,-14,-33,9,-28,-22,-14
,-1,2,1,2,32,2,1,-1
,1,2,2,12,25,-2,4,2
,0,1,2,13,84,10,1,0
,1,2,2,-7,-25,23,7,3
,0,-3,1,0,-63,-8,0,1
,-1,-1,-5,-11,20,-8,-4,-4
,-1,0,-1,4,-64,14,2,0
,-3,-2,-1,-15,-5,-10,-9,-5
,-3,-4,-2,-11,-51,16,7,-2
,3,1,5,7,58,7,12,8
,-3,-9,-5,-3,-35,-11,-6,-5
,8,16,20,38,88,10,18,13
,-11,-12,-28,-41,-38,4,-17,-16
,-1,-2,-1,13,18,5,0,-3
,1,-1,-1,-7,18,-6,-3,1
,3,5,12,19,-7,-8,8,6
,-4,-8,-12,-25,-60,28,3,-1
,-1,1,1,4,-5,-16,-7,-2
,0,5,4,-8,0,-1,-1,-2
,-1,-7,-12,-1,-36,7,-9,0
,-1,0,4,-5,-19,-14,-8,-4
,-4,-6,-10,-5,-70,-7,-5,1
,2,4,6,3,-6,-3,6,1
,-3,-3,-4,-3,63,23,0,-4
,2,2,1,1,-38,-29,-4,1
,1,0,4,15,-22,7,3,-2
,-4,-3,-4,-5,9,12,0,0
,0,3,-2,5,9,0,2,-2
,-3,-7,-7,-14,-50,-15,-8,-5
,-2,-3,0,-14,-65,-7,-5,-6
,2,3,5,17,37,12,5,3
,-6,-9,-11,-23,3,-15,-9,-5
,4,4,6,8,-27,11,0,1
,2,4,2,-13,45,10,10,6
,-7,-8,-12,11,60,8,-6,-6
,-1,-1,3,12,-44,-18,-2,-3
,1,7,10,23,104,-25,-6,0
,-4,-8,-10,-6,33,8,-9,-10
,4,4,3,-4,-44,6,8,8
,1,1,3,1,80,4,2,0
,4,7,10,15,9,16,10,8
,-5,-7,-12,-15,-87,-12,-18,-9
,-2,-1,-5,-5,25,-10,3,-3
,4,5,8,16,0,26,8,5
,-3,-4,-4,-10,39,-15,-5,-3
,-3,0,-3,-5,67,-23,-15,-7
,-2,-4,-4,5,-60,-5,-6,-5
,1,-1,-3,-16,-14,-8,0,0
,-3,-2,1,-1,10,21,2,-1
,-1,-2,-1,5,-51,-16,3,1
,-1,-2,0,5,21,-12,-7,-2
,-1,-2,-4,-6,-9,2,3,-1
,-1,1,2,14,79,11,0,0
,-3,-4,-3,-5,2,21,2,-1
,-3,-2,-4,-16,3,-83,-21,-8
,-5,-4,-6,-27,-89,6,1,-2
,-1,-2,-2,2,-21,9,2,1
,2,3,6,6,15,0,1,3
,4,6,5,1,15,3,11,4
,-10,-12,-17,-12,-14,-11,-19,-12
,0,-2,-3,-9,23,-1,5,0
,3,3,5,16,36,13,8,4
,-3,-3,-1,-16,-26,-10,-4,-2
,5,7,13,19,91,21,16,7
,-1,-2,-6,-2,-35,1,-3,-3
,1,5,9,4,5,12,7,4
,-5,-12,-17,-4,-76,10,-2,-7
,-1,-4,-5,-17,15,4,-8,-1
,-2,-2,0,16,73,-3,-3,0
,-2,2,0,-5,13,-14,-6,0
,0,3,4,1,13,25,8,4
,-2,0,0,4,-5,-12,-5,-2
,-2,-5,-7,-2,-58,2,-3,-2
,-2,-1,1,-6,35,-17,-5,-2
,-4,-5,0,19,70,16,-3,-4
,5,2,2,1,53,-5,2,1
,0,0,2,-8,27,-5,-5,-2
,-1,-3,0,10,1,10,2,0
,0,-2,-1,-18,-64,-2,-2,-1
,-2,-1,0,22,30,-20,-2,-2
,3,5,6,10,42,15,7,3
,-3,-5,-8,-3,-8,8,-1,-3
,1,3,4,3,51,-6,0,2
,-3,-3,-4,2,-71,-16,-1,-2
,-3,-2,0,7,60,-5,-1,-1
,-2,-4,-5,-14,-68,-4,-3,-1
,1,4,0,5,16,4,0,1
,3,-1,4,-1,66,7,3,3
,-4,-6,-3,1,-58,-14,-10,-5
,-1,-1,-5,-5,11,6,1,-2
,3,5,8,-2,15,-15,8,6
,-9,-11,-16,-33,-69,-4,-14,-11
,-1,0,2,20,40,1,2,1
,0,1,1,-3,-26,-10,1,0
,-4,-7,-6,-1,-29,6,-9,-6
,-4,4,2,6,41,1,-4,-2
,0,-2,-6,-20,-4,-3,3,1
,-1,-1,0,2,4,16,2,0
,1,1,2,6,72,1,4,0
,-3,-7,-6,1,-61,-22,-6,-6
,0,1,2,-9,-39,2,1,1
,-6,-4,-7,-3,-43,-21,-9,-7
,-1,-1,2,15,-16,4,-2,-1
,1,3,2,0,69,17,1,1
,-2,0,-4,-7,-21,-5,-2,-2
,2,3,3,11,6,-12,2,3
,0,-1,1,-6,52,-7,6,0
,1,4,4,-1,-24,-2,0,1
,-1,0,4,15,74,2,-1,2
,-3,-4,-3,-6,58,16,-1,-1
,1,1,-2,3,-28,6,3,2
,-1,-2,-2,-9,-41,-8,-4,-3
,1,-3,-6,-17,-1,-4,-1,-1
,0,-1,-1,10,8,8,-2,-3
,-2,-2,-2,-11,-41,-8,-9,-3
,3,2,3,10,11,20,12,6
,-6,-6,-9,-31,-113,-54,-11,-7
,0,-3,-4,-17,43,-2,-1,-2
,0,0,-1,2,54,8,-3,-3
,-4,-6,0,8,26,-7,-5,-3
,-2,3,0,0,-30,7,1,1
,7,8,12,-3,42,4,17,10
,-18,-22,-28,-17,-44,-53,-30,-20
,6,7,7,-10,-20,10,7,5
,-7,-10,-11,-7,-16,26,-14,-11
,-2,-4,-5,-12,-32,-21,-5,-5
,5,5,6,4,-46,22,10,6
,-5,-3,-4,-2,-43,-9,-3,-2
,-1,-1,-1,5,6,-5,1,0
,1,5,6,24,11,48,14,4
,-8,-10,-18,-29,38,-20,-22,-14
,0,-1,-1,12,27,14,5,1
,3,0,5,0,7,4,5,5
,-1,-3,-1,0,13,-2,-4,-2
,2,5,9,19,12,27,14,7
,-4,-4,-6,-21,-50,-24,-9,-4
,4,1,2,-12,2,14,6,3
,-4,0,0,13,23,-18,-8,-3
,-3,-1,-2,15,42,1,-1,-1
,0,2,1,-9,-10,5,1,0
,0,2,3,21,23,5,3,1
,-4,-5,-6,-28,-70,-40,-13,-4
,4,3,6,6,42,7,6,4
,-5,-7,-8,-5,-18,-27,-9,-6
,-1,-3,-3,5,-40,5,3,-2
,0,0,1,8,-23,0,1,1
,1,2,5,12,66,10,2,1
,-7,-10,-13,-18,-36,12,-11,-10
,-1,0,-1,-4,-42,-11,-1,-2
,3,2,1,-5,-9,6,6,3
,-2,-3,0,1,-63,18,5,-2
,2,6,11,36,82,23,10,7
,-5,-9,-14,-21,99,-4,-4,-6
,-3,-1,-4,-7,5,5,-4,-2
,4,3,3,2,-34,-4,6,2
,1,-1,4,25,96,27,5,-2
,2,3,1,-25,-78,1,0,1
,1,0,2,5,100,4,6,4
,-5,-9,-15,-32,-64,-35,-16,-6
,4,5,7,7,3,7,5,5
,0,2,3,15,-65,-28,-5,1
,-4,-6,-8,-15,14,-12,-11,-5
,2,5,6,-1,-11,13,7,5
,-2,-6,-5,2,-2,-15,-6,-3
,1,5,4,3,4,-15,-2,0
,-3,-5,-2,-6,-72,17,1,-3
,0,-3,-2,-3,-36,-8,-4,-4
,-2,3,0,-9,-20,4,0,-1
,0,2,5,37,89,4,2,1
,-2,-2,-3,3,6,11,2,-2
,4,2,3,1,-23,-1,4,3
,-3,-4,-8,-26,-103,-22,-4,-2
,-1,-2,0,6,14,14,2,0
,2,4,2,2,46,3,1,1
,-3,0,-5,-17,-88,0,0,-2
,2,5,10,17,65,-23,-1,3
,-5,-8,-13,-11,35,19,-8,-6
,-2,-2,0,7,6,-13,-4,-1
,3,7,11,9,17,16,13,9
,-4,-5,-12,-13,-1,4,-11,-9
,2,2,4,-8,-38,-9,5,3
,-3,-4,-8,-4,50,-22,-14,-7
,-2,-1,2,12,102,10,-2,-2
,-2,-1,-1,5,-44,-10,-3,-4
,0,-1,-2,-18,-43,-3,3,2
,0,1,0,1,-29,15,0,0
,1,1,2,3,22,12,7,4
,-4,-11,-8,-11,55,25,-3,-6
,0,5,1,7,40,-7,-5,-3
,2,2,4,15,-37,0,10,2
,0,2,2,-10,-10,3,2,0
,1,-1,-2,1,7,-4,-1,0
,-6,-5,-2,-1,93,3,-3,-5
,-7,-10,-13,-16,-48,-38,-17,-9
,-1,0,-2,-4,-7,-2,-7,-3
,5,6,6,-1,32,11,10,7
,-8,-10,-12,-2,-35,-26,-13,-7
,-1,0,-2,-15,42,-6,-3,-2
,-1,-1,1,6,-14,-6,-2,0
,-10,-8,-12,-16,-101,-12,-15,-11
,2,1,4,10,21,-3,3,2
,0,-1,0,5,4,19,5,2
,-2,-3,-4,-12,-23,-18,-5,-3
,3,5,6,6,27,23,13,5
,-2,-2,3,5,-46,-14,-10,-5
,-6,-8,-10,-4,42,-1,-8,-6
,2,1,2,6,-13,2,3,1
,5,3,6,5,11,4,4,3
,-1,-5,-5,-13,1,2,4,-2
,0,0,2,5,-1,-19,-3,0
,1,1,5,5,64,2,3,2
,-2,-4,-3,4,-27,-7,-3,-5
,-1,-1,0,-2,33,13,1,-1
,3,7,8,20,4,11,8,5
,0,-2,-4,-20,39,20,4,0
,-7,-9,-10,1,-46,-35,-13,-6
,0,3,2,-1,16,8,-4,-1
,1,0,2,4,36,-2,3,0
,-2,0,0,-3,-10,-4,2,1
,0,-1,0,-3,-39,-2,-4,0
,-1,-4,-7,-21,-10,-1,-6,-2
,-1,0,1,7,-37,11,6,-1
,-4,-4,-5,-4,-15,-12,-4,-5
,1,3,4,3,8,4,3,2
,0,-1,1,10,28,-4,4,3
,-3,-1,-8,-16,17,-8,-8,-5
,0,0,-1,6,-26,-12,-8,-5
,-2,-8,-1,-3,16,-8,1,0
,1,11,9,18,22,24,10,4
,1,-1,-1,-25,-42,-7,-1,1
,-10,-10,-14,-15,7,-4,-10,-8
,0,2,1,-9,21,4,0,3
,0,-3,5,21,46,6,3,1
,-1,-1,2,8,43,28,6,0
,-5,-5,-10,-8,-33,-20,-16,-9
,-1,0,-2,-10,-15,-14,-1,-1
,4,6,7,-8,-3,-7,2,4
,-2,-1,-1,-4,-61,12,8,0
,-4,-8,-10,-12,79,-4,-7,-2
,-1,1,1,9,44,14,-1,-1
,2,0,-3,-10,-44,-6,-3,0
,-1,0,2,3,71,1,-3,-1
,-1,-1,3,6,16,21,7,2
,-2,2,-3,-7,11,-18,-6,-4
,-4,-6,-4,5,30,4,-2,-4
,0,-2,-1,0,-35,-9,-4,1
,1,1,4,10,-12,11,5,1
,0,-4,0,4,32,-17,0,1
,-1,3,-6,-16,15,-12,-9,-4
,0,2,-3,3,96,13,2,-2
,-1,-5,-4,5,-39,-10,-3,-2
,-3,-6,-8,-19,14,-13,-9,-6
,-1,-6,-1,-1,-2,-2,-5,-1
,0,-1,2,4,-54,-20,-1,0
,7,12,13,7,42,39,17,10
,-14,-17,-26,-48,-23,-21,-32,-20
,-1,-2,-2,7,-48,-7,1,-1
,1,2,1,4,22,1,0,2
,0,-1,1,9,-20,6,1,-1
,4,4,7,3,-27,-7,8,5
,0,1,-1,2,-12,-7,0,-1
,-3,-7,-7,-17,51,14,-8,-6
,0,-1,0,-4,-7,-18,-1,0
,3,5,6,20,-20,6,7,3
,0,0,0,-4,-5,11,2,2
,2,4,1,-2,2,-12,2,3
,-7,-7,-8,12,-41,-21,-13,-9
,0,3,2,-4,-54,-7,1,1
,0,-6,2,11,27,0,4,0
,-3,2,-3,-10,-108,12,-3,-5
,-1,0,-5,-9,24,-29,-11,-7
,3,4,4,6,0,24,8,6
,-2,-2,0,0,-31,-24,-3,-3
,2,-1,3,2,-40,-3,2,1
,3,1,4,5,23,9,11,5
,3,0,3,3,-17,4,3,1
,-4,-5,-9,-6,84,4,-13,-7
,-2,1,-1,8,-14,-9,-4,-3
,-2,-1,-3,-7,-9,-5,-4,-3
,4,4,6,17,8,23,13,6
,-1,-6,-4,-25,-10,-15,-1,-3
,-2,1,1,5,19,-4,-4,-1
,0,-7,3,15,-36,1,1,1
,-1,4,-4,-5,56,12,0,-2
,1,6,-1,-4,-45,1,-3,-1
,-1,-3,0,1,33,-7,-2,0
,-2,-1,1,-10,-11,5,1,-1
,-1,-6,-5,-3,7,-3,-1,0
,1,0,4,18,63,32,9,4
,-2,-2,-5,-20,51,-25,-7,-6
,-2,0,-4,-16,67,-6,-7,-4
,-4,-5,-2,12,-37,-1,-4,-1
,4,5,3,-5,11,17,4,4
,0,-1,1,9,-12,4,2,3
,-3,-4,-9,-25,-60,0,-2,-2
,0,3,10,18,108,16,1,1
,-6,-7,-7,-6,-86,-16,-6,-5
,-4,-4,-4,-10,-37,-10,-10,-4
,4,7,8,34,44,6,9,5
,-2,-5,-9,-41,13,-8,-6,-5
,-2,-1,4,12,-1,11,3,0
,-5,-8,-9,-3,-33,-14,-6,-6
,1,1,-1,1,48,9,0,-2
,-3,-1,3,13,-5,-3,-3,-2
,-2,-6,-7,-33,-98,-55,-8,-6
,-1,0,-2,9,-21,2,-4,-2
,1,1,10,15,-13,16,8,4
,-8,-3,-18,-35,-52,-42,-13,-11
,-1,-1,3,14,36,5,-2,0
,0,1,5,6,-22,1,3,1
,-4,-7,-7,-10,-21,-5,-5,-2
,2,4,7,23,2,18,7,4
,-3,-3,-4,2,70,-1,-7,-4
,-2,-4,-4,-4,-65,-6,0,0
,-3,-4,-1,-8,9,3,-5,-4
,1,8,-2,-4,-41,-9,2,-1
,0,-1,0,25,101,-7,2,0
,0,-2,-4,1,-46,17,-3,-3
,1,4,2,4,-8,-15,-5,2
,-4,-7,-2,8,53,11,-1,-3
,2,4,1,-9,-28,11,1,0
,3,0,7,21,40,24,19,7
,-3,-1,-3,-13,-37,1,-6,-3
,-2,-2,-4,-1,-37,-11,-4,-2
,-1,7,-3,4,80,16,-1,-1
,3,0,-1,-13,-73,-1,-3,0
,-8,-1,1,13,18,-14,0,-1
,3,0,7,25,29,16,11,6
,-3,-15,-6,-26,-11,13,1,-2
,2,12,4,-10,-25,-19,-3,1
,-2,0,-4,-3,100,-16,-3,-5
,-3,-1,-8,-10,-80,-11,-13,-6
,3,2,7,18,-37,6,6,4
,-1,-3,-1,-11,34,-9,0,0
,0,-3,1,-12,12,-6,-1,0
,-7,-11,-7,4,-20,-9,-9,-7
,2,6,4,4,-25,3,0,3
,-7,-10,-10,-17,47,6,-11,-8
,-3,-1,-4,1,-28,-4,-5,-3
,1,0,8,9,1,3,8,5
,-1,6,-1,-19,-118,-7,1,-3
,1,7,-3,20,39,-2,0,-2
,1,-1,-1,-2,-40,4,-2,0
,-1,-4,-5,-7,46,3,-7,-4
,-3,-10,-1,2,-30,-16,-6,-2
,-2,1,3,2,24,9,8,3
,0,0,-1,-8,-23,-27,-10,-3
,1,-2,-1,-14,-26,-6,8,3
,-5,-2,-4,-6,-27,5,-2,-4
,1,0,2,17,7,-6,2,2
,-2,-5,-5,-1,34,28,0,-1
,2,10,1,-2,33,0,3,2
,-2,-3,-5,2,39,-31,-8,-2
,-2,1,0,-13,-7,2,-4,-3
,2,-1,5,10,8,9,9,3
,-5,-8,-5,11,83,27,2,-3
,-1,3,-3,-11,-44,-1,-1,-3
,1,-3,4,7,8,5,3,2
,-1,3,-1,-8,-24,4,0,-2
,1,-1,0,3,36,-1,-3,-1
,0,-2,-3,-9,-59,0,0,-1
,2,0,3,4,100,16,11,5
,-4,-5,-7,-15,-53,-20,-10,-4
,2,5,-2,6,21,-17,-4,-3
,-4,-9,0,1,28,8,2,-1
,0,3,1,8,5,4,-6,-2
,4,7,2,-6,-63,5,9,4
,-1,-2,-6,-26,-19,-9,-8,-5
,-2,-5,-6,0,21,-14,-7,-4
,-2,-5,-1,-8,-43,-25,-2,-1
,-6,-5,-6,-3,-43,-10,-10,-5
,2,-3,5,0,-11,-4,1,2
,-2,2,-1,6,19,16,6,0
,-3,-5,-4,-7,9,-2,-1,-1
,6,9,10,4,-30,-15,8,5
,-4,-3,-5,-12,36,24,0,-2
,-5,-5,-6,20,58,-13,-12,-5
,1,2,-6,-8,16,-4,-4,-2
,2,1,3,12,40,10,4,3
,0,2,7,12,-42,-2,-1,1
,2,1,1,-1,17,0,5,2
,-5,-8,-4,-7,-79,-3,-3,-2
,-2,-1,-7,-3,5,1,-5,-5
,1,3,4,3,-12,-11,-1,2
,2,4,3,1,-32,16,1,1
,-8,-10,-13,-10,37,-12,-14,-9
,-2,-4,-3,0,-4,-11,-2,-3
,-2,-4,-1,-2,-45,-8,-1,0
,2,11,3,4,-7,6,5,2
,-2,-5,-7,-14,-46,1,-9,-7
,-5,-3,-2,-8,21,18,2,0
,-3,-3,0,-10,-47,-34,-3,-2
,1,-5,5,20,92,14,5,3
,-6,-5,-12,-21,2,-2,-6,-6
,-6,3,-12,-30,-25,-39,-19,-9
,1,-1,3,22,9,15,3,2
,-1,2,3,-9,-28,-4,2,2
,3,1,8,4,-3,7,8,5
,0,-4,2,11,49,16,4,0
,-5,-3,-9,-22,50,-5,-8,-6
,-1,-2,-3,-8,-40,-15,-3,-3
,1,4,5,8,20,-1,2,2
,1,-2,0,1,-93,-10,3,2
,-4,-6,-12,-26,-2,19,-7,-6
,3,-1,-1,2,57,13,3,0
,-2,-3,-2,4,-4,-14,-6,-2
,2,-2,3,7,-49,21,6,1
,4,7,4,13,-1,-11,4,3
,0,4,-2,5,43,12,3,2
,-4,-8,-8,-4,58,-4,-11,-7
,3,5,6,17,7,14,7,5
,3,0,3,6,45,19,9,6
,-6,-8,-10,-6,-103,-20,-14,-10
,4,8,11,22,98,11,10,7
,-4,-7,-5,-11,41,-6,-8,-5
,4,5,10,6,-14,3,9,6
,-4,-4,-6,-5,-15,2,-6,-6
,1,4,5,-2,9,37,5,2
,-2,-4,-7,-15,-89,-17,-7,-4
,0,0,2,8,23,0,2,2
,-2,0,-1,-12,-9,-5,-1,-1
,0,-4,1,6,-14,-15,-4,-3
,-3,2,0,-1,16,15,3,0
,-4,-19,-3,-6,-10,7,3,-1
,0,4,-2,-8,-17,4,-2,-1
,3,10,-2,6,-5,-5,-2,-1
,5,8,5,11,79,11,6,4
,-4,-6,-5,-6,-51,-7,-4,-3
,-2,-5,0,3,70,21,-7,-1
,2,0,-2,1,-4,-1,4,1
,-6,-3,-2,-12,-30,-18,0,0
,-3,1,-1,23,30,3,-8,-6
,-3,-4,-4,-24,-86,-19,-7,-2
,-2,5,-4,-24,1,-3,-1,0
,-3,-13,-8,20,120,6,-9,-7
,-1,8,0,-6,4,-18,-4,0
,2,5,3,4,7,-3,4,3
,-2,-5,2,3,-31,-2,2,-1
,2,0,1,-9,-25,-4,0,0
,-3,-3,-5,-5,-6,0,3,0
,0,1,2,1,68,3,1,0
,-3,-13,0,-1,7,-3,1,0
,-1,-3,-2,-5,-26,-3,-1,-1
,0,19,-2,-7,30,1,-4,-3
,1,3,0,20,23,1,-5,-3
,2,0,1,1,4,-3,5,3
,-3,-7,-5,-3,-4,11,-7,-4
,3,-1,8,5,19,1,6,3
,-7,-10,-13,-17,51,-35,-11,-7
,-3,2,-2,8,-64,-22,-6,-2
,0,-1,2,-1,26,-4,-2,-2
,2,1,2,15,48,-6,-1,0
,-2,-2,-1,0,13,8,5,0
,0,1,2,8,13,8,2,0
,-2,2,-7,-15,-11,-31,-8,-3
,-3,-3,0,2,0,12,0,-2
,2,3,6,9,-35,4,5,6
,0,-2,-4,-6,-79,16,0,-3
,-3,-4,-2,-1,-22,-9,-4,-2
,1,5,1,-3,-3,-9,-3,-2
,1,-6,-2,-3,-18,2,4,0
,-1,2,0,-1,0,7,0,0
,0,1,-2,6,43,19,3,-1
,-7,-17,-7,1,0,-8,-2,-4
,0,7,1,-8,-43,-7,-3,-1
,4,6,5,17,86,10,9,4
,-2,-4,-6,-12,-63,-9,0,-2
,-3,-3,-1,12,45,-2,-6,-2
,-2,-10,-4,-14,-19,6,1,-1
,0,7,2,-5,5,-17,-3,0
,-1,-2,-7,-24,-31,-5,-6,-6
,3,5,-1,1,-44,-1,-3,-1
,-3,-2,14,32,75,25,12,5
,-14,-17,-22,-28,79,-30,-24,-15
,4,3,3,10,22,-2,2,2
,-3,-6,-4,-8,-50,1,6,1
,0,4,-2,-12,-11,0,0,-1
,5,10,12,19,-35,33,5,5
,-5,-3,-4,-2,-5,-19,5,1
,2,6,-3,-12,-18,8,-9,-5
,0,-2,-2,8,30,10,-3,-3
,-4,-7,-5,-5,-68,-17,-3,-2
,3,4,11,19,20,27,9,5
,-7,-8,-9,-17,-48,-5,-7,-5
,-1,-1,-5,-8,-33,-23,-8,-3
,0,-3,1,-3,-55,8,-2,-1
,2,3,5,-2,9,4,2,3
,-3,-6,-2,-11,35,-10,-6,-6
,-6,-4,-7,-10,-75,-23,-7,-5
,2,9,8,19,42,23,11,7
,2,3,0,1,-61,-2,-1,-2
,3,4,5,-3,3,1,-4,1
,-6,-7,-8,-8,-31,-12,-13,-7
,0,-5,0,12,20,1,10,5
,-4,0,-4,-6,-16,-2,-11,-9
,2,1,2,10,29,4,8,4
,4,2,5,-3,29,20,9,5
,-6,-7,-9,-22,-44,-55,-22,-11
,4,7,-2,3,33,14,2,1
,-9,-12,-6,-3,-35,-2,-2,-1
,2,5,4,-3,19,-4,1,2
,-1,-4,-2,-7,14,9,2,-1
,-5,-8,-4,13,64,-26,-10,-7
,3,-3,0,-6,-5,-2,1,0
,1,5,-2,-11,-97,23,4,-1
,-2,3,-2,6,64,-24,-14,-5
,0,-6,-2,-7,-14,5,5,3
,5,6,5,3,3,19,16,7
,-6,-11,-6,13,91,12,-7,-8
,-1,-2,-5,-12,-128,-18,-9,-3
,1,5,3,9,92,9,4,3
,-6,-5,-8,-20,-66,-22,-9,-4
,1,1,2,-3,55,21,4,2
,5,3,6,4,13,-6,5,2
,-6,-11,-9,12,62,16,-6,-7
,-1,0,-2,0,0,-6,-1,-1
,2,1,1,3,4,-16,0,0
,-1,-7,-3,-11,3,-1,5,-1
,0,5,3,2,-36,-1,0,-1
,-1,-2,-2,4,-17,9,1,-3
,-3,1,-3,-11,-23,-20,-10,-2
,-4,-7,-2,-4,-23,2,-3,-2
,-4,-3,0,-7,-27,-3,-1,-1
,1,3,0,5,9,1,-1,-2
,-3,-2,3,4,3,-3,4,2
,1,-1,2,9,-6,15,6,-1
,-3,-7,-7,-33,-64,-55,-16,-5
,-3,-2,-1,9,40,5,-3,-2
,1,4,2,-3,-38,-12,-1,-1
,-3,0,-3,-4,-42,-4,-5,-3
,4,8,10,16,59,50,20,9
,-5,-9,-6,-2,-59,-76,-17,-8
,2,0,-4,-10,-21,-11,0,1
,-2,0,-1,-7,12,7,0,0
,0,0,3,-4,17,11,-3,-1
,2,7,8,4,-82,3,9,6
,-10,-16,-14,-6,-60,-2,-8,-11
,-2,-2,-6,1,0,-13,-10,-7
,1,0,4,4,10,6,3,5
,-2,-3,-6,-7,-10,3,-1,-3
,1,2,-1,5,2,-17,1,2
,2,0,1,-9,41,24,3,3
,-5,-9,-7,-3,-38,7,0,-4
,4,7,5,2,2,1,-3,1
,5,9,6,13,52,29,4,3
,-7,-11,-14,-30,-30,-44,-15,-9
,-1,1,1,18,12,-13,-3,-1
,1,1,3,-2,7,7,6,3
,-1,-5,-2,-3,54,12,0,-2
,-1,1,-3,9,47,11,6,-1
,3,5,8,9,10,8,5,3
,-9,-8,-10,-5,53,-18,-17,-8
,3,3,2,-6,-35,-6,6,2
,0,1,1,9,-8,-4,1,0
,-6,-8,-13,-24,-16,0,-4,-6
,4,1,1,6,42,23,7,3
,1,3,5,1,-27,-15,3,2
,0,1,-1,-8,-8,-5,-1,0
,0,0,1,1,13,4,-3,-3
,-1,0,-1,5,-3,1,0,2
,-1,-2,-4,-3,-28,-1,-2,-1
,3,1,2,-15,-28,1,1,2
,-3,-3,-9,12,34,1,-5,-6
,-3,-3,0,-5,-26,5,-1,-1
,-1,-2,1,9,40,4,1,1
,-1,6,1,5,12,13,2,2
,0,2,4,-1,6,3,3,2
,5,5,5,14,52,16,9,3
,-1,-2,2,-9,113,8,-2,0
,-12,-20,-16,8,-27,-8,-20,-13
,0,10,1,-2,-33,-37,-6,-3
,1,-4,0,2,25,11,1,0
,-1,2,4,6,-23,2,5,2
,4,3,9,-2,0,17,13,7
,-6,-7,-2,13,-22,-10,-8,-5
,-3,-3,-9,-11,-24,4,-8,-6
,1,0,0,-3,-27,-9,-7,-1
,1,5,6,8,8,-8,7,3
,0,-6,-5,0,-70,4,0,-1
,-2,4,3,0,19,-8,3,1
,-7,-7,-10,-14,-60,-25,-11,-9
,0,0,2,16,80,41,11,2
,0,1,-1,-7,-12,-30,-4,2
,-1,-4,-2,0,56,3,-4,-2
,1,1,7,17,-2,12,6,1
,-3,-10,3,3,-92,-12,-1,2
,-1,12,-10,-4,78,6,-3,-6
,-1,-4,-3,-2,0,-23,-9,-4
,1,2,0,5,-23,0,0,0
,1,0,5,-6,10,3,2,1
,-4,-11,0,0,65,1,-4,-3
,2,2,1,0,-45,1,3,2
,0,-1,-6,-5,7,8,-3,-2
,-12,-8,-13,-22,-35,-30,-15,-9
,0,-3,0,-11,15,8,5,2
,4,8,4,-3,-5,6,5,3
,-7,-13,-13,-3,61,9,-4,-9
,0,3,-1,-7,7,-19,-7,-2
,1,0,2,0,-48,13,5,1
,-8,-9,-8,-9,-47,-16,-8,-9
,2,2,3,-4,-11,-22,-2,0
,2,5,-1,-8,-10,3,-1,-1
,0,-2,1,2,18,-10,-4,1
,3,1,2,-7,-1,16,7,3
,-2,-1,-4,-1,7,-6,-6,-2
,-1,0,-2,1,32,3,-2,-4
,0,-3,1,-2,-40,-8,-1,2
,0,0,3,8,42,16,7,1
,-8,-13,-16,-25,65,-49,-25,-10
,5,9,1,-1,-48,0,4,0
,-1,-6,-5,-9,22,5,0,0
,0,6,4,5,-24,5,1,1
,-4,-5,-2,-3,-13,-1,4,1
,-4,-11,-6,-2,-6,4,-3,-1
,0,8,0,-9,18,-13,-7,-3
,0,-3,2,-3,19,23,10,3
,0,2,2,5,-10,2,1,1
,-1,-6,-4,-7,29,10,-3,-2
,0,-1,1,7,-31,-1,1,1
,-2,-3,-1,4,0,13,3,1
,1,6,2,10,33,15,6,1
,-1,1,-2,-5,-65,-2,2,0
,2,-4,-1,1,14,6,-1,1
,-9,-6,-4,-12,-1,-10,-10,-4
,1,0,0,-12,-34,10,6,2
,0,-1,-4,4,41,-17,-5,-2
,-3,-3,-1,-4,-50,-17,-1,-2
,-2,-1,-6,-6,57,2,-10,-6
,2,4,5,6,-12,0,4,1
,0,2,2,-1,-7,3,6,2
,-3,-7,-5,6,-72,8,-4,-4
,-2,-4,-6,-1,14,-18,-5,-4
,1,1,1,-2,-43,-6,1,1
,2,7,7,8,81,30,8,5
,-5,-3,-5,-5,-58,-26,-12,-7
,-1,-2,-5,-5,5,-4,-3,0
,0,-7,0,6,-5,10,4,2
,3,8,6,6,-33,9,9,1
,-5,0,-5,-8,38,18,-3,-6
,-1,-4,-3,-5,-25,-11,-6,-1
,-1,2,1,-2,-22,3,-3,-1
,-1,-6,-4,-2,10,-8,-6,-1
,0,1,2,0,41,10,7,2
,1,1,-1,2,-13,-6,-4,-2
,-9,-5,-1,-5,-1,-14,-6,-3
,-3,-5,-3,3,48,-3,-10,-5
,2,2,3,-3,-2,7,5,1
,-3,-3,-4,-3,-16,-13,-6,-4
,3,1,2,29,65,24,2,0
,-1,0,-4,-9,-36,-13,-2,0
,2,2,1,-8,-34,-1,1,1
,2,3,4,-3,-18,5,8,2
,-2,-11,-1,6,68,17,0,1
,-2,6,-2,17,-5,-12,-4,-6
,-2,-6,-9,-20,6,-42,-10,-5
,-4,1,3,7,2,7,1,0
,1,3,-1,-7,-27,-6,-1,-2
,0,-7,-1,2,18,15,4,-1
,1,2,1,-6,-10,3,5,3
,-1,-1,-4,-4,-20,-11,-4,-2
,-3,-2,-4,-12,-52,-6,-4,-4
,0,-9,1,-1,-62,-21,5,-1
,1,10,0,22,68,5,-3,-2
,-1,-5,0,6,-8,-3,-6,1
,2,6,1,-6,21,-9,-2,3
,-2,0,2,-2,0,8,0,1
,-2,-5,-1,0,-33,8,1,1
,-1,1,1,-8,-39,2,1,-2
,-2,-2,-1,2,-38,1,2,-3
,-4,-4,-10,-19,-75,-22,-17,-7
,-3,-3,0,4,-34,5,6,0
,-2,-5,-10,-4,20,-28,-11,-6
,-3,3,1,-7,-88,-14,-1,2
,0,-3,-4,-10,-23,7,-3,-5
,-2,-2,3,7,51,12,3,1
,-1,-1,1,11,-6,15,2,0
,1,1,0,-14,-70,-7,1,-2
,0,1,0,9,96,5,-4,-1
,-5,-23,-6,-21,-75,3,-5,-3
,3,17,-1,2,6,-3,2,0
,-7,-8,-3,5,48,3,-5,-1
,2,1,4,1,77,9,3,4
,-1,2,0,-11,-42,-23,-3,-3
,-3,-7,-3,-5,24,-7,-2,-2
,-2,-3,-6,1,53,-6,-7,-5
,0,0,1,9,-19,3,-1,1
,1,2,1,9,37,-5,-1,3
,-1,-3,-1,-8,19,10,-1,-3
,2,2,-5,-8,40,4,-1,-2
,-3,3,2,7,36,10,4,1
,1,2,-3,-12,-35,-2,-2,-2
,2,4,6,6,1,15,11,6
,-2,-7,-6,-5,96,4,1,-4
,-2,-2,-4,2,-17,0,-4,-1
,0,3,3,12,37,18,3,1
,2,1,4,-4,-13,5,3,3
,0,0,1,11,13,5,4,0
,0,0,0,-2,16,14,4,0
,-2,1,-5,-2,18,-14,-2,-1
,-2,-6,-3,1,-8,-3,-4,-2
,-1,3,3,2,-43,-6,-1,0
,-1,-6,3,3,52,13,-3,-2
,-2,4,-8,-8,-27,-22,-9,-6
,-1,-9,-3,-8,4,-14,-8,-4
,0,8,0,-15,-60,-13,-4,1
,3,-1,5,-14,-5,-9,6,5
,-1,-6,-1,21,80,3,-2,2
,-5,-4,-6,-6,-37,-4,-5,-5
,3,-1,5,9,26,8,6,3
,-2,-2,-9,-17,-71,-9,-4,-3
,0,-2,-1,-30,-92,-40,-4,-1
,-4,-3,-7,19,46,8,-7,-6
,3,0,4,5,4,11,-2,-1
,-2,1,1,4,-22,-3,5,2
,-1,3,3,3,20,13,-1,-2
,-3,-4,-6,-15,-15,-10,-8,-4
,-2,-5,-3,5,-28,-7,-3,-2
,-1,2,0,6,28,-3,-3,-1
,-1,-2,-1,0,-34,-2,0,0
,-3,-8,-1,-1,-1,-3,0,0
,-2,5,-6,-13,-31,-9,-4,-2
,-6,-5,-4,3,19,-7,-6,-5
,-1,-2,2,7,56,20,1,0
,2,1,3,2,38,3,1,3
,-2,-5,-4,-9,-108,-15,-1,-2
,-1,-1,-2,2,42,0,3,-1
,-3,-4,-7,-7,40,-5,-10,-6
,-1,-3,-1,5,-47,-14,-4,-3
,1,4,2,11,49,2,4,2
,-1,-1,-3,-1,-16,-11,-3,-4
,-1,-1,2,9,8,11,7,1
,-3,0,-3,-5,-34,-10,-2,-3
,-1,-3,-1,-10,-28,-5,-2,-1
,2,2,-3,-17,-73,-34,-9,-1
,-5,-7,-4,12,-15,34,1,-5
,1,0,-1,0,-4,-3,2,3
,2,-2,2,6,28,2,2,0
,-3,0,-3,-8,-12,5,2,-1
,2,1,5,0,-43,0,6,3
,0,6,2,-5,-14,-11,-1,-1
,-4,2,-7,-10,14,-5,-8,-5
,0,-3,4,0,-7,5,2,1
,3,-2,-4,8,38,3,0,0
,-4,-7,-2,-11,-27,6,1,0
,-1,-4,1,-6,31,8,-2,0
,1,3,-3,14,13,-9,-4,-3
,3,4,5,0,-92,-3,10,4
,1,-1,-2,-2,32,2,1,-2
,-1,-2,-1,11,42,30,0,-1
,-5,-10,-13,-33,-31,-40,-20,-9
,0,0,1,4,46,-7,-1,1
,1,6,3,3,3,6,5,4
,-1,1,3,5,-5,8,2,0
,2,2,9,21,46,11,6,1
,-1,1,-3,-10,12,-11,5,1
,-8,-8,-12,-4,-4,-22,-18,-13
,0,-2,-3,7,26,-5,0,0
,0,3,5,8,7,10,1,2
,0,0,-1,-15,-37,0,-4,0
,1,3,3,10,-6,18,8,4
,-1,-6,-3,-4,6,-8,0,0
,-6,-3,-5,-5,-50,-14,-7,-6
,1,1,2,4,80,5,-2,1
,3,1,1,0,7,17,6,2
,-1,-1,0,6,-32,-11,-2,0
,-2,-1,-4,-19,-50,-11,-7,-3
,-7,-6,-6,-12,13,-17,-10,-8
,0,-2,1,4,-3,-9,0,1
,-2,-2,1,-5,20,16,0,-2
,1,1,1,1,-11,9,3,3
,-4,-5,-4,-11,-13,-13,-14,-7
,-5,-11,-8,-6,43,-1,-10,-8
,-1,-1,-6,-15,-69,-27,-3,-1
,-1,-10,-2,3,67,27,6,2
,1,11,3,8,21,-10,3,2
,6,9,10,-1,-47,27,11,6
,-8,-14,-9,2,57,-17,-15,-8
,1,6,1,23,4,-5,2,1
,-2,-7,-2,-16,-10,6,0,-2
,-2,-3,-4,-4,-6,-4,2,-1
,1,6,4,1,0,4,1,1
,0,-3,-2,-12,-1,-3,1,2
,-4,-3,0,12,8,7,-2,-7
,-2,-1,-3,-5,8,-2,-2,4
,-1,-3,-1,-6,2,2,-2,-7
,0,-1,1,5,79,18,5,13
,-2,0,-5,-29,-61,-33,-11,-2
,-4,-6,-3,7,46,-6,-6,-6
,1,5,5,12,-26,6,5,0
,3,1,0,4,15,0,0,-4
,2,2,5,28,91,35,13,4
,-3,-3,-8,-6,9,-11,-12,-5
,0,2,-1,-6,-11,-15,1,4
,1,-1,3,2,-25,10,5,-2
,-3,-2,-4,-3,10,-1,-6,-3
,1,3,6,8,36,8,3,-2
,2,2,0,-8,-49,4,1,3
,-7,-6,-7,-5,-40,-10,-8,-6
,0,0,3,11,55,19,3,2
,-2,-1,-2,-5,-16,-14,-5,-5
,1,-4,3,10,57,30,6,4
,-2,-2,-3,-2,21,-18,-5,-2
,5,14,1,-2,-59,-1,4,1
,1,1,-2,-12,-9,-11,-3,-4
,-2,-1,1,2,15,-7,4,-2
,-2,-3,-2,2,10,4,-4,-3
,0,-4,-1,5,11,22,7,5
,3,4,0,-24,-52,-14,1,5
,-3,-7,-9,-13,-30,-18,-4,-5
,0,-1,-1,-1,2,15,3,-1
,-2,0,1,-6,-117,-14,-6,-2
,-1,-2,1,4,-32,17,4,1
,-4,-4,-4,-10,-23,-20,-13,-6
,-1,2,-5,-8,-5,13,0,-2
,2,-4,0,8,17,-9,4,2
,-1,-3,0,12,42,6,2,-2
,-2,3,0,-3,23,1,-3,-1
,0,-1,-4,-15,-48,-24,0,-4
,-3,-1,3,13,104,20,2,-2
,-5,-12,-6,-17,-21,-10,-8,-3
,1,8,-4,1,-7,4,-4,-3
,4,5,7,1,47,-16,7,3
,-3,-7,-2,4,37,9,-3,-2
,0,1,1,8,24,-2,-1,3
,0,1,7,8,-1,7,8,4
,-3,-2,-4,-16,-15,-3,-2,-3
,-3,-5,-2,9,22,11,0,-1
,2,7,4,-3,21,-22,1,3
,-2,-6,-3,-3,-47,5,1,-2
,-1,2,4,23,-8,-4,-1,-1
,-2,2,-5,-15,-41,-29,-6,-4
,1,2,3,9,-1,16,9,2
,2,4,1,-22,64,-6,-2,-1
,-9,-11,-11,23,126,4,-9,-8
,-1,-6,-4,-5,-14,-18,-5,-2
,-1,1,-3,-7,-19,11,-6,-5
,4,1,6,11,20,-6,9,6
,-3,-1,-3,-24,-91,-13,-9,-4
,-1,-5,-6,2,24,-11,-4,-3
,3,7,10,21,-20,15,15,6
,-8,-10,-15,-4,-31,7,-14,-10
,2,3,6,7,47,10,1,8
,-2,0,0,-4,42,-34,-5,-2
,1,3,4,-6,41,16,2,2
,-7,-9,-12,-7,-14,-13,-12,-9
,2,-1,0,-4,-5,5,2,3
,1,0,1,-6,-37,2,3,1
,-3,-4,-4,-4,39,10,-3,-4
,0,0,2,17,23,-2,1,4
,-2,-4,-9,-41,-81,-4,-8,-6
,-4,4,0,9,11,1,1,-3
,5,1,1,-1,-23,-31,1,2
,-6,-12,-8,-2,2,33,7,-1
,-3,1,-1,-6,-36,5,-11,-2
,-1,-3,0,-6,-9,-12,-1,-2
,-6,-6,-6,7,6,2,-4,-7
,4,5,4,-9,-24,4,1,4
,-4,-6,-6,-13,23,-15,3,-2
,-4,-4,-7,-9,-62,11,-5,-2
,-1,-4,3,19,53,-3,-3,-1
,1,2,1,-4,-47,-7,0,2
,-1,0,1,6,-13,8,3,-3
,2,3,1,-1,27,0,0,0
,-2,-2,-3,-8,-47,-16,-4,-2
,2,0,0,-18,-19,43,5,1
,0,1,-1,11,-12,-10,-5,-4
,0,-2,-1,-10,-46,6,2,-1
,-5,-9,-4,-12,-1,-4,-5,-1
,3,15,3,-6,3,-18,0,0
,1,-2,-1,16,35,5,2,-1
,1,-3,1,4,32,15,6,3
,-6,-4,-8,-15,-60,-3,-11,-9
,1,0,5,12,-25,-17,-3,3
,-3,-4,-1,10,68,2,-6,-5
,-1,-4,-6,-5,-46,-27,-10,-3
,1,2,-1,0,3,-24,1,1
,-5,-5,-3,-1,14,-6,-5,-4
,4,6,7,9,31,17,12,7
,1,-2,4,7,-3,20,4,2
,-4,-2,-7,-8,10,-15,-7,-5
,-2,-3,-3,6,-12,-1,-2,-4
,3,-4,-1,-5,-18,-2,4,9
,-4,2,-4,-6,46,11,-1,-4
,3,1,2,7,9,12,-1,1
,1,-2,1,-5,33,-17,-1,-2
,-1,0,3,-14,28,15,3,-1
,-8,-12,-14,-12,-58,-31,-19,-8
,1,0,-2,-4,-1,-5,2,2
,-2,1,-1,1,4,5,2,0
,0,-2,1,2,-51,-2,3,1
,3,8,10,14,37,-7,3,3
,-5,-8,-8,7,11,11,-5,-6
,0,-2,1,10,36,-14,-4,-1
,0,3,3,5,-28,-6,2,1
,-4,-1,-1,-5,-27,-14,-1,1
,2,-7,1,11,17,7,5,3
,-5,0,-10,-25,-43,-13,-14,-7
,2,6,4,7,22,5,-1,-1
,1,-3,-1,-8,38,2,-4,-1
,0,2,2,7,47,17,7,1
,-1,-7,-1,-2,-4,-2,2,0
,0,5,5,16,2,-1,2,1
,-5,-3,-7,-18,4,6,-7,-5
,-2,0,-1,2,-12,-7,-4,-1
,2,0,0,6,8,5,1,1
,-9,-6,-6,-5,-13,-1,-1,-3
,5,4,5,13,22,17,9,4
,-1,-1,-1,-14,-84,-4,-1,2
,-5,-4,-4,10,51,15,-2,-6
,3,2,1,-1,-46,9,0,-2
,-8,-13,-14,-14,6,6,-15,-10
,1,1,0,-7,30,-7,3,1
,3,8,2,3,31,0,4,2
,-2,-2,5,13,71,-12,-1,1
,-2,-2,-7,-11,-90,-17,-4,-5
,0,-2,-3,2,17,-4,0,-2
,0,-4,-3,-2,-68,1,1,0
,2,4,5,-3,-10,-13,3,0
,0,0,0,-14,-2,15,2,2
,-7,-9,-8,1,-48,-1,-7,-6
,4,9,2,2,14,-4,4,4
,-5,-6,-6,-15,-11,-18,-8,-6
,2,-1,4,18,4,-8,4,2
,-2,4,0,-1,-5,14,-3,1
,-2,-3,1,1,37,-1,-1,0
,2,-2,-4,14,19,6,3,1
,0,1,0,2,33,14,0,-3
,1,4,7,21,-8,-9,4,1
,-3,-3,-6,-16,-42,-22,-15,-3
,-1,-5,-6,-5,2,-1,-4,-3
,2,-6,4,-2,-24,4,9,6
,-2,5,-1,2,-34,-2,-1,-5
,3,-1,1,3,46,19,4,1
,-5,-12,-4,-9,30,-19,-5,-4
,1,10,-1,-5,-34,3,0,-1
,4,0,4,-4,2,-10,-3,3
,-2,-2,1,11,109,-5,3,1
,-6,-5,-8,0,-65,-5,-14,-9
,-2,-2,-1,-3,-38,-17,-4,-3
,2,3,4,-1,35,11,6,4
,-1,-1,0,6,45,6,1,0
,-4,-1,-8,-19,29,-20,-10,-5
,0,2,4,8,-1,-15,3,1
,-3,-4,-9,-11,-47,33,-1,-5
,0,-4,2,-4,63,15,3,2
,0,4,-1,-1,-43,5,-3,-2
,0,0,-4,-1,21,9,-2,0
,-7,-3,-5,-20,15,-16,-7,-4
,-1,-10,-2,-4,3,-5,-1,-4
,-1,7,4,14,14,14,8,4
,5,3,3,-1,11,9,9,4
,0,-2,-1,-4,35,4,2,2
,-6,-7,-5,-6,-36,10,-3,-6
,4,15,8,-5,0,5,9,-4
,-9,-21,-20,-1,32,1,-23,-1
,4,5,2,3,39,-19,-2,1
,-2,1,0,5,-43,-12,0,0
,0,-4,2,8,57,20,2,1
,2,9,7,7,-44,19,11,-1
,-2,-2,0,25,90,-2,3,-2
,-5,-17,-17,-21,-41,-5,-17,-6
,-3,5,0,-9,-61,-12,0,0
,3,9,5,11,8,-10,1,-1
,0,-2,2,-16,-24,0,-1,3
,-1,-1,-2,14,-86,-12,0,-6
,0,-3,1,6,31,17,3,2
,-1,9,-3,-3,24,-6,1,-1
,-1,-4,-5,-16,-42,5,2,0
,0,9,7,2,3,6,5,1
,-4,-16,-14,-36,-82,-13,-9,-5
,-4,-5,-1,2,9,-15,-8,-7
,2,5,6,28,13,31,8,1
,-7,-5,-13,-57,-86,-45,-17,-5
,-1,-2,-1,15,3,12,6,3
,1,-1,1,-8,-7,-9,2,1
,-6,-9,-13,-12,-37,23,-10,-8
,0,1,3,17,34,-3,3,0
,7,7,10,12,24,7,12,8
,-8,-7,-10,-13,59,5,-17,-10
,0,1,0,-5,9,-21,1,2
,3,4,6,13,28,10,8,3
,-6,-9,-9,-11,1,-7,-14,-9
,7,-13,11,21,10,-3,10,20
,-3,14,-2,6,31,-8,-4,-5
,4,18,2,5,16,-18,-6,1
,-6,-11,-7,-6,-26,-11,-5,-5
,1,0,4,8,-1,8,3,-2
,2,-10,4,-6,-16,3,1,-3
,1,0,-1,10,-27,9,7,14
,5,14,8,1,-7,0,5,1
,-4,-8,-6,14,27,17,10,3
,-8,-5,-7,0,23,-29,-14,-9
,4,2,6,0,24,18,5,-4
,-2,-4,-3,5,20,-12,-5,0
,0,2,1,-20,-58,-10,-3,-1
,-1,-2,1,3,-21,10,1,-2
,-4,-8,-7,10,14,-10,-5,-7
,-1,-2,-3,-4,25,17,-4,2
,-2,5,0,2,13,-9,0,-6
,1,1,-1,-15,-79,-11,2,3
,-6,-10,-9,-21,-45,-20,-16,-8
,-3,-15,-1,10,16,4,-1,-7
,2,17,-1,-11,-65,-7,-1,-2
,-1,4,6,1,19,1,2,3
,-4,-4,1,-2,-14,22,3,-5
,8,-2,-3,-18,-41,-10,3,-2
,-5,-9,-7,-5,14,-18,-11,-1
,2,-1,-2,-6,-25,-1,1,1
,-2,5,0,-5,-8,4,4,0
,-2,1,0,5,-22,-8,-2,1
,1,-1,0,-2,0,10,2,-5
,-1,-2,-4,0,33,0,-1,1
,-3,-7,-3,-22,-58,-4,0,-2
,-4,-3,0,16,61,5,-9,-6
,0,-9,-4,-16,-53,-2,9,0
,-4,4,-7,-1,6,-5,-11,-6
,2,-5,2,-9,-2,12,9,3
,0,5,-1,2,47,1,2,2
,1,5,1,-8,-84,-9,-7,-2
,-6,-10,-4,-1,100,15,1,-3
,-2,5,-8,-14,-45,-49,-15,-7
,-4,-12,-4,6,11,7,-1,1
,-5,3,-1,0,-8,6,-2,-3
,0,-4,2,-7,-70,2,6,1
,-1,-1,4,7,30,4,-1,1
,-1,1,-4,-4,8,1,1,-1
,0,-5,-2,7,104,-6,-1,-4
,5,4,8,8,40,8,5,3
,0,-1,-3,3,-5,6,-2,1
,0,5,1,-6,-59,-4,-1,1
,-2,-1,2,2,57,4,-3,-2
,-2,0,-2,-7,-39,-6,0,-2
,1,3,1,8,4,16,3,3
,1,1,0,-29,-94,-8,2,2
,-5,-6,-6,8,-33,4,-8,-7
,-1,-5,-3,0,-37,-14,-6,0
,2,0,6,16,34,16,7,1
,1,2,-2,2,14,-14,4,0
,-2,-2,-3,-18,15,20,-1,0
,-1,-2,-6,-5,-11,-16,-5,-3
,-3,-3,-2,5,44,4,-7,-5
,1,7,4,8,89,18,5,2
,1,-1,2,6,-23,-6,7,2
,1,-3,-1,1,-19,-3,-1,-1
,-3,-4,-7,-10,-23,-14,-7,-4
,-3,-4,-2,7,35,2,-7,-4
,-2,2,-3,-2,-2,-2,-2,-3
,2,1,1,-1,-16,-9,0,1
,-1,-3,1,6,23,-8,0,-1
,2,-2,8,-1,-84,13,8,5
,-2,-3,-6,-12,45,3,-6,-3
,-1,3,-5,-10,-41,-6,-9,-6
,0,0,0,0,-8,5,-3,-2
,3,2,0,-7,27,-1,2,1
,0,0,8,22,29,13,6,4
,-5,-12,-5,-4,49,1,-4,-3
,0,-3,-4,7,13,28,2,1
,-3,7,-3,-6,2,-3,-7,-4
,0,-3,1,-4,-35,-37,-2,1
,1,8,5,2,40,8,4,1
,-6,-7,-8,4,-22,-5,-1,-5
,-5,-8,-7,-11,-11,-25,-15,-8
,0,4,-3,5,15,4,3,6
,0,-4,5,8,19,5,-2,0
,1,3,6,1,13,-4,3,3
,2,0,7,14,108,22,6,0
,-9,-11,-14,-14,-90,-10,-17,-8
,2,-2,3,-1,-35,-9,0,2
,0,7,0,1,43,1,1,-1
,1,6,4,19,62,12,4,2
,3,4,1,-10,31,-22,3,1
,-3,-2,-2,16,-24,20,-4,-4
,-5,-11,-5,4,28,1,-6,-4
,-1,2,-4,-5,-51,-16,-1,-1
,3,4,2,4,49,14,5,1
,-3,-6,-6,-19,-109,-19,0,-3
,1,-3,8,14,7,16,4,3
,-11,-8,-21,-24,-43,-7,-19,-13
,1,2,2,5,6,-1,-3,-1
,0,2,0,-1,3,-13,-1,2
,2,1,4,1,-22,1,3,3
,2,-1,5,10,3,12,11,5
,-8,-10,-10,-3,28,13,-8,-10
,2,2,0,2,68,6,3,-1
,-1,0,0,-10,14,-17,-3,-2
,-2,-2,-1,4,-15,-10,-5,0
,2,5,5,-2,5,0,7,2
,1,1,2,21,76,20,4,1
,-2,-5,-8,-23,-13,-13,-8,-3
,-1,-5,-2,-9,-38,-3,-5,-2
,-2,-3,-2,-2,-37,-4,-4,-4
,-4,-6,-4,-5,-10,-5,-3,-2
,6,16,9,2,-76,0,9,3
,-4,-10,-5,20,42,31,0,-4
,-1,1,1,-2,38,-5,-4,-3
,-3,-3,-3,1,-1,-10,-5,-2
,-3,-2,-2,-2,-20,-7,-1,-1
,1,3,2,-12,2,-7,3,2
,5,3,9,23,-6,1,11,6
,-7,-11,-15,-23,45,28,-10,-10
,-2,-5,-3,-6,22,-5,-5,-3
,-1,0,-3,-6,-99,-17,-7,-2
,2,-1,4,0,5,14,7,4
,2,5,2,-4,-9,-16,5,1
,-6,-7,-10,5,10,-11,-12,-9
,0,-2,-1,-3,-1,0,0,-2
,-1,-1,-1,-3,-15,1,-4,-2
,-3,2,2,3,-51,-35,-3,1
,1,-1,-4,-24,40,-13,1,0
,-5,-2,-6,5,-21,-21,1,-2
,0,5,2,5,-1,4,-3,-1
,-2,-2,-3,-7,42,15,-2,-1
,2,0,5,10,54,2,7,5
,-2,1,-3,-21,-39,-13,-5,-1
,-8,-13,-11,-1,61,-7,-11,-8
,1,5,0,3,-14,7,6,2
,-1,-7,3,20,26,2,0,1
,2,8,5,2,53,7,4,2
,3,1,0,-4,-7,15,3,0
,0,-2,1,6,-31,2,2,1
,-4,-7,-9,-11,-30,1,-7,-4
,-2,-2,1,-14,-86,-10,1,0
,-3,-1,-1,1,35,8,-3,-2
,0,-3,-3,10,94,-2,0,0
,2,-1,0,7,-9,5,4,2
,-3,-1,-1,-10,16,-16,-6,-3
,-2,1,-3,-14,-34,-14,-6,-2
,-3,4,1,-2,-14,1,-2,-3
,3,-3,2,9,-24,1,5,5
,-1,-1,1,4,-20,-5,-7,1
,-3,-16,-3,2,-28,1,0,0
,-1,4,-7,-16,1,-19,-10,-4
,4,7,3,1,46,6,-2,0
,2,1,2,19,40,5,6,4
,-2,-3,-1,-3,-59,-17,-4,-3
,-3,-16,-3,-3,-36,-1,-2,2
,-4,8,-4,-7,-3,7,2,-3
,4,6,1,9,84,18,1,0
,0,2,-1,-5,-89,-19,-1,-1
,-2,-5,-5,-4,24,5,-8,-7
,-2,-6,-5,-11,5,5,-3,-1
,-2,-11,-3,4,5,-3,-3,-5
,4,13,3,12,39,3,4,2
,-9,-21,-1,-3,-28,-8,1,0
,1,12,-3,-17,-58,7,-1,-3
,1,9,3,13,52,3,2,-1
,0,-4,-4,-29,-55,0,4,3
,-2,-2,-3,6,11,-2,-9,-7
,-4,-9,-6,-3,-10,-3,-4,-2
,-4,-4,1,-1,20,15,2,1
,0,-1,0,-8,46,-19,-3,-1
,3,5,0,-6,-4,2,7,4
,-3,-1,5,17,-11,-1,-3,-2
,-1,-8,-10,-13,-20,5,-4,-3
,-2,-1,4,12,30,10,2,1
,1,-3,1,-3,-36,-7,-2,-1
,1,9,3,2,15,13,5,1
,3,0,0,-9,-30,-15,1,0
,-2,-2,-1,19,83,12,-5,-3
,0,4,-6,-15,26,9,-2,-3
,-9,-11,0,4,-11,2,1,-3
,-1,-4,-1,0,-19,-11,-6,-2
,2,8,-1,-6,1,11,7,0
,8,11,10,13,-46,1,10,6
,-6,-9,-8,6,54,-6,-14,-5
,-2,-10,-7,-17,7,20,-2,-1
,0,-1,-1,-4,-14,-32,-2,-1
,2,8,9,17,61,32,12,6
,2,1,3,6,50,-24,-3,-1
,-1,2,3,3,-77,-4,1,2
,-4,-10,-11,3,35,5,-2,-4
,-2,0,-1,-8,-40,-11,-4,-2
,3,0,0,-2,1,1,-1,1
,-2,0,4,7,58,23,1,-1
,0,6,4,-2,24,-8,-4,0
,0,1,-1,-15,-50,-20,-3,-1
,-3,-4,-9,4,50,14,-5,-6
,-5,-7,-6,-6,12,12,-3,-3
,2,2,3,1,-33,5,-5,-2
,2,0,-4,-11,-18,-14,0,-2
,1,0,7,11,32,3,8,5
,-8,-12,-14,-32,-41,-12,-13,-9
,-5,-7,-4,-7,25,-3,-7,-5
,2,3,3,17,-24,-7,-2,0
,3,2,-1,-15,-30,1,5,1
,2,0,2,11,40,-5,2,-1
,-2,-3,-2,-5,-39,-6,-1,1
,-1,-3,-4,1,31,21,-3,-2
,-5,-5,-7,-12,-58,-22,-6,-6
,-3,-7,1,0,-26,-16,0,1
,0,5,4,10,33,19,0,0
,0,3,1,0,40,4,3,0
,-2,-8,-2,-9,-3,-3,0,1
,0,3,-2,-2,-8,-2,-2,-2
,-1,-1,1,-3,-1,-2,-2,0
,-1,-1,-4,4,1,-2,-4,-3
,-1,-2,4,0,-15,5,-2,-3
,0,-1,-3,-6,27,-18,-6,-4
,0,-2,2,-6,10,10,10,1
,-5,-7,-5,-1,12,-11,-7,-6
,2,5,1,5,1,-4,0,0
,1,1,-1,-2,17,15,4,3
,-1,1,0,11,32,-24,-3,-3
,-7,-5,-7,-11,103,4,-14,-7
,3,6,5,4,-3,10,12,3
,-2,-1,-4,7,54,-24,-3,-3
,0,-4,-5,-19,-102,22,-2,-2
,-11,-6,-2,0,6,0,4,-1
,-5,-9,-8,-4,2,-2,-9,-3
,3,5,3,5,15,18,4,3
,4,6,4,0,-6,2,-1,2
,-5,-21,-6,12,-47,-47,-4,-1
,2,22,-2,-12,-18,20,-6,-4
,0,-2,1,0,-53,-25,-1,-2
,-8,-9,-7,2,32,-7,-4,-5
,3,0,3,-10,-19,-2,-3,1
,-1,-7,1,5,75,-1,6,2
,-2,-1,-3,4,-38,-8,-10,-6
,-1,-2,-1,-5,-55,4,-1,-1
,0,1,-1,-11,-72,3,1,0
,-5,-10,-9,-2,16,-16,-12,-7
,2,6,2,-3,33,19,6,3
,-3,-6,-1,18,25,14,2,-1
,-2,3,-6,-23,-22,-7,-2,-2
,-2,0,-4,-3,21,11,-3,-3
,2,4,10,-2,16,-17,4,4
,-5,-8,-5,16,-18,-11,-9,-4
,5,2,4,2,-3,17,6,5
,1,2,4,3,-78,-5,1,2
,-2,-4,-5,-4,25,18,3,-1
,-1,-2,-2,-3,81,-4,0,-1
,3,11,2,8,12,14,0,-1
,-5,1,-2,-2,-15,-15,1,0
,-2,-12,-2,-1,-80,2,-3,-2
,2,14,4,0,-4,15,3,4
,-4,0,0,-1,5,-7,-2,-1
,-3,-5,-3,-13,-24,-20,-5,-4
,0,1,-4,7,54,-1,-2,-3
,-3,-11,0,-3,50,10,0,-4
,-1,-2,-6,-18,-95,-19,-8,-3
,1,2,2,6,8,0,3,1
,-2,-2,-3,-3,11,-9,-7,-1
,1,-1,1,1,-21,3,2,1
,4,3,5,1,25,0,7,3
,-3,-5,-5,-4,25,6,-12,-7
,-3,-3,-4,-7,-32,-4,-4,-1
,-1,1,-1,-4,-9,-29,-3,-2
,0,1,-1,8,81,22,3,0
,-2,-6,-5,-2,-35,-30,-5,-3
,-2,1,0,1,22,5,-1,-1
,0,2,-1,-1,-12,9,4,2
,-3,-5,-1,0,-3,-13,-3,0
,0,1,2,8,17,17,8,4
,4,14,6,7,-38,20,8,4
,-5,-12,-11,-8,-66,-24,-18,-13
,-4,2,0,7,52,7,1,-3
,1,-5,1,-10,-75,10,3,2
,-2,0,2,18,3,1,4,1
,-4,-2,-5,-16,-33,-10,-5,-3
,-1,-2,-2,-1,-6,0,-6,-5
,0,1,3,5,-13,-1,0,1
,-1,-2,0,-10,32,-6,2,0
,-1,-4,-3,8,-55,31,2,-3
,-2,0,-3,1,35,0,-2,-1
,2,2,6,16,49,9,7,3
,2,0,-7,-25,-53,-14,-2,-2
,-3,-1,-1,16,97,3,-5,-2
,5,7,-2,-16,-97,-6,0,0
,-4,-6,-4,-7,9,4,-4,-2
,-6,-3,-1,6,6,-5,-7,-4
,1,-6,1,-5,19,-1,3,4
,3,9,2,7,13,3,-1,0
,1,4,-1,-8,-59,-17,-2,-1
,-4,-5,-4,-14,41,0,-7,-4
,-1,-6,-2,-6,-21,-18,1,0
,-4,-7,4,2,0,-5,3,1
,-4,-5,-7,8,37,-2,-5,-6
,-2,-3,-3,-13,-32,-8,-4,-3
,3,4,1,-2,-6,-8,2,2
,-2,-4,-1,7,4,-6,-7,-2
,0,-1,1,-2,26,1,1,1
,-1,-2,-2,1,42,3,4,-1
,0,3,0,-6,9,11,-1,0
,0,-5,-6,-4,-3,-10,-10,-4
,-5,-5,-6,-10,-5,-18,-11,-7
,4,-1,3,11,1,11,7,4
,-1,5,1,-6,42,7,7,0
,-2,-4,-3,2,-20,1,-7,-3
,1,0,-1,-3,5,11,3,1
,-6,-11,-1,3,-20,-19,-2,-3
,-5,3,-6,-19,9,-1,-7,-2
,1,0,2,13,-12,6,5,-1
,0,3,-3,-9,5,-2,-3,-2
,1,4,-1,-3,-62,-18,-7,-2
,-3,-5,0,3,-77,-8,-4,-3
,-1,-1,2,1,66,9,5,4
,1,-4,2,3,-30,9,6,1
,-1,0,0,12,104,13,-1,-3
,-2,0,-3,-4,-11,6,-1,-4
,1,2,1,2,10,-9,-1,-2
,-1,-2,-6,-21,36,9,0,-1
,-1,-1,-3,-1,-13,-20,-6,-2
,1,-1,3,4,3,1,3,2
,-4,-7,-4,3,56,3,2,0
,0,6,6,4,-30,-4,0,-1
,-2,-1,-5,-11,-99,-2,-4,-2
,0,-3,-5,-12,56,9,-5,-3
,-1,-3,-2,-4,-60,4,-2,-1
,-1,-3,-1,6,-15,-10,-1,-1
,0,0,2,7,4,11,1,0
,3,-2,6,14,29,0,8,4
,-3,2,-8,-12,-3,2,-5,-3
,-1,1,-5,-6,-24,7,-1,-4
,-1,-2,-3,-8,6,-2,-1,-3
,-1,-1,6,18,31,1,5,1
,2,0,5,-4,23,19,9,3
,-6,-10,-8,11,40,-12,-14,-7
,1,8,2,18,54,6,-1,-1
,-1,-2,0,-3,-5,5,1,-1
,3,8,2,0,-8,31,9,5
,-1,-5,-3,3,32,-37,-6,-3
,-3,-12,-4,-2,-36,3,-2,-1
,-2,4,2,0,-14,-4,3,0
,-2,2,-2,-3,-42,-11,-4,-3
,4,6,11,8,95,2,11,8
,-7,-9,-15,-30,6,10,-10,-8
,-1,-5,-5,-12,-59,-10,-6,-1
,-3,-5,0,15,64,-10,-2,-5
,0,3,-3,-5,-22,-2,0,-1
,1,-1,5,2,-34,13,6,3
,1,3,0,-6,-36,-23,-5,-1
,-5,-6,-7,-16,-1,-5,-6,-5
,-1,1,5,16,60,20,6,2
,1,-9,-1,-2,-17,0,1,1
,5,6,-2,-17,20,-16,-8,-1
,-4,-2,-4,6,-15,-2,1,-5
,-1,-10,-3,6,-27,19,3,-4
,-5,5,-1,-13,-1,-13,-4,-1
,2,-5,-1,11,-9,11,5,4
,2,0,7,9,36,-6,0,1
,0,-1,-4,-12,-14,6,1,0
,-6,-5,-2,11,17,5,2,-1
,-3,-1,-3,-7,9,-2,-6,-4
,-2,-5,-2,-5,1,7,0,0
,-1,6,1,-3,4,-3,-3,-2
,2,-1,-4,6,14,-26,-1,-2
,-2,2,0,1,-49,0,-4,-3
,0,-3,-5,-11,-23,-11,-2,0
,1,-2,3,-5,-80,6,-1,-1
,1,0,3,2,63,-3,-2,-2
,-1,7,-4,-4,-30,-5,1,-2
,-2,-11,-3,-6,-92,-3,-9,-4
,2,5,2,2,-4,-22,2,3
,-5,-1,-5,-26,-4,3,-10,-7
,-1,4,2,11,70,10,1,-1
,-2,0,-1,2,55,-4,-3,-3
,0,-1,-3,-3,-19,-7,-3,0
,-2,-3,1,1,21,-14,-2,-1
,-2,-6,-3,3,43,-1,-3,-1
,2,8,4,0,16,4,6,5
,-5,-7,-4,6,31,14,-3,-3
,0,0,0,-6,9,7,6,2
,-5,-4,-6,-6,-43,-5,-6,-6
,0,-2,-1,-1,-7,-13,-6,-2
,-1,-4,0,-1,-16,4,0,0
,1,7,5,10,25,5,3,1
,-5,-4,-5,-10,35,-12,-14,-8
,-1,-2,-4,5,21,6,2,-1
,-3,-1,2,-7,-106,-5,0,2
,-1,-2,-2,8,-1,8,1,2
,1,0,3,-6,-29,-15,1,2
,-2,-1,-6,6,10,9,-1,-3
,3,0,2,11,21,7,4,0
,-2,-6,-10,-22,-33,-30,-13,-6
,1,1,9,17,25,0,1,2
,-5,-7,-10,-16,-17,-17,-8,-7
,-2,2,1,10,32,2,1,-1
,-2,1,1,1,-70,0,0,0
,0,-4,-2,8,45,2,2,0
,2,4,5,1,-39,3,4,3
,-7,-9,-8,-9,34,-21,-10,-6
,-2,-3,1,4,8,0,-3,-3
,2,7,-3,-5,-13,10,3,1
,2,0,3,-5,-5,-6,5,4
,0,0,0,-1,40,3,-1,-1
,-5,-8,-7,2,19,-12,-8,-5
,-5,-10,-11,-15,-39,-23,-1,-2
,0,1,3,0,31,14,-4,-3
,2,4,2,-5,15,2,-4,0
,5,4,5,8,64,15,10,5
,-2,-6,-5,-5,25,-17,-1,-2
,-3,-4,-5,-4,-68,-5,-5,-3
,3,1,0,-10,-12,-2,8,4
,-2,1,-1,3,-52,-8,-10,-6
,1,1,3,-3,4,26,9,4
,-2,-2,-5,3,96,8,-5,-1
,-4,-5,-4,4,-6,1,-4,-4
,1,9,2,5,-15,15,6,3
,3,3,1,-1,-28,2,1,-3
,1,-3,5,3,-38,-19,2,3
,-5,-6,-7,-3,26,-4,-4,-6
,-3,-12,-2,-16,-23,-5,-7,-4
,2,8,2,2,12,20,2,-1
,0,0,-3,-7,21,-19,-3,-3
,2,0,0,-1,-46,-9,-4,-3
,0,1,4,24,87,13,9,4
,-5,-11,-9,-26,-53,-12,-13,-4
,0,0,0,4,48,-6,2,1
,-4,-5,-7,-10,-31,14,-6,-4
,1,-1,1,4,6,-29,-1,-1
,2,7,7,4,-19,15,5,4
,0,1,-2,2,40,9,0,-4
,-5,-9,-8,-16,16,-12,-11,-7
,7,14,10,10,53,20,14,8
,-9,-16,-15,-6,-68,-21,-13,-10
,1,3,5,7,8,7,2,2
,0,2,3,1,-12,-2,6,1
,-2,-5,-6,-18,-67,-17,-10,-3
,1,-1,4,2,14,6,2,3
,-2,-4,-1,-1,5,3,-1,-3
,0,-2,2,12,-53,-12,-5,0
,1,5,-1,-3,-3,18,7,1
,1,1,1,9,35,4,0,-1
,-1,-3,-4,-2,-48,-22,-5,-2
,1,2,2,15,11,3,1,2
,-3,-7,-3,-10,-100,-20,-6,-4
,-3,-1,0,-4,-8,-10,-5,-2
,1,0,1,7,70,21,7,3
,-3,1,-6,-9,-1,-18,-4,-5
,-1,-2,-2,3,19,16,4,0
,0,2,3,0,-17,4,3,2
,-2,-3,2,15,61,5,1,-1
,-5,-4,-9,-33,-53,-1,-10,-5
,-3,-6,-8,4,-4,-4,-5,-2
,1,1,4,5,13,11,4,1
,0,1,-2,-4,-19,-3,0,-1
,2,6,3,-2,37,0,2,1
,-2,-2,-4,-12,18,7,-7,-4
,-4,-6,-7,-4,-46,-8,-1,-2
,1,3,0,-7,-37,-9,-3,0
,4,5,8,6,-1,10,8,4
,-5,-11,-10,-19,-63,-10,-3,-8
,1,5,3,11,68,-2,3,3
,3,13,-3,-4,-60,-7,-2,-2
,-3,-4,-4,-19,26,-5,-2,-2
,-2,3,7,19,54,5,0,-1
,-1,-8,-2,-2,64,3,1,0
,-3,-8,-7,-16,-91,-9,-6,-4
,3,9,5,3,-41,7,3,4
,-4,-7,-2,4,24,3,-1,0
,-5,-6,-8,-11,-30,-27,-7,-4
,-2,-2,6,10,127,32,11,0
,-4,-5,-7,-9,-20,-10,-10,-6
,-3,2,2,-4,-23,-3,-1,0
,1,0,-2,5,37,8,0,-1
,-4,-2,3,13,-44,4,3,2
,-5,-7,-7,-11,-32,-3,-3,-6
,2,3,0,-2,31,3,2,1
,0,0,2,19,33,1,-2,-1
,1,4,-1,-16,3,-18,0,3
,-1,-1,1,2,59,4,-7,-2
,-1,-3,-5,-7,-45,-30,-5,0
,-1,0,0,2,17,4,-1,-4
,-3,-15,-4,-9,-53,-4,-8,-3
,2,16,4,11,-8,13,11,4
,7,5,11,5,35,-1,4,7
,-1,-4,-2,7,-23,28,4,-1
,-6,-10,-14,-28,-56,-34,-17,-8
,-3,-1,-1,0,20,-1,1,0
,4,3,5,18,4,15,10,2
,-4,-4,-7,-30,-24,-30,-8,-4
,-3,-2,-2,13,41,7,-5,-3
,1,-5,-1,15,41,4,3,0
,1,2,-2,-12,-70,-5,2,1
,-6,-6,-5,9,-28,-11,-12,-7
,2,5,-1,-6,57,10,3,2
,-1,-2,-1,1,11,-6,1,2
,-3,-4,-4,-13,8,-7,-4,-3
,-1,-1,-1,-4,18,-5,-4,-3
,-4,-3,-4,-1,-44,-5,-5,-3
,1,-3,1,12,24,9,5,2
,-1,1,0,2,12,0,-1,-1
,-2,-3,-3,-16,0,-33,-8,-3
,-2,-2,-2,-2,21,2,-2,-3
,3,1,2,-5,-3,-9,0,1
,-2,-1,-2,13,4,10,0,-2
,1,1,0,-4,15,-6,3,3
,6,3,8,9,56,22,9,6
,-6,-7,-9,-15,1,-14,-19,-11
,1,2,-1,-5,93,24,5,3
,3,4,6,10,-79,1,5,4
,-2,-3,0,24,86,22,0,-4
,-3,-3,-5,0,-55,-26,-3,-4
,-3,-2,-5,-9,-9,-6,-10,-5
,1,1,5,8,23,24,8,2
,0,0,0,-7,-59,-23,2,3
,2,-1,1,10,60,14,6,1
,-5,-3,-5,-7,-103,0,-7,-7
,1,-1,0,2,-9,-1,4,1
,0,3,-1,-12,-36,-26,-5,-1
,-4,-6,-5,11,36,10,-4,-3
,0,4,2,1,-36,0,2,0
,1,0,1,7,2,-4,3,1
,-1,-2,-5,-8,-29,6,-3,-2
,-1,-1,-3,-4,12,-30,-8,-3
,-4,-7,-3,2,-17,-13,-2,-3
,0,6,3,3,16,17,3,1
,-5,-5,-4,13,12,-5,-8,-7
,-2,-2,-2,-10,-81,-29,-2,-6
,0,-2,-1,1,100,-18,-3,7
,-2,-2,-3,-12,-50,4,-2,-3
,2,2,1,-1,-49,-1,6,5
,-2,-4,-2,-4,95,21,-1,-3
,-2,0,-3,-2,38,2,-4,-5
,-4,-5,-5,-1,-13,-6,-5,-4
,4,5,7,-7,-28,-5,6,5
,-3,-6,-3,7,31,16,-3,-3
,2,-1,3,6,9,26,7,2
,-2,-3,-4,-13,26,-49,-11,-1
,-6,-4,-10,-10,-56,-4,-12,-11
,2,4,3,0,-34,1,4,6
,0,0,0,-2,-32,-5,-4,-2
,-2,-3,-2,-12,20,19,7,0
,0,-3,3,15,69,14,7,3
,-2,-1,-5,-22,-34,-9,-3,-1
,-3,-4,-3,6,3,-9,-9,-6
,3,4,4,-9,-70,26,12,5
,-1,-4,-2,-4,77,18,-5,-3
,-2,-1,1,2,-54,-19,-3,-3
,-1,-1,-4,1,48,-15,-1,0
,0,-3,-3,1,22,7,-3,-1
,-1,1,1,7,-37,-2,1,-1
,1,0,5,7,11,18,7,4
,8,11,13,4,-42,13,18,10
,-13,-11,-20,10,118,-28,-27,-16
,0,0,-1,-7,-13,-1,2,0
,1,-2,-1,1,-22,0,2,1
,0,2,2,2,-20,8,3,2
,-1,-2,0,-3,12,12,2,2
,-2,-4,-3,-7,-52,-6,-5,-1
,2,2,2,-3,-19,22,6,2
,0,-4,0,-8,-61,-32,-9,-2
,-2,-3,-6,-3,-9,2,-4,-5
,-4,-3,-3,6,21,-12,-5,-3
,2,2,0,-6,-41,18,5,1
,-1,-2,-3,-5,-19,3,0,-2
,2,1,5,5,-25,-7,1,3
,-1,0,0,-1,2,-30,-5,-3
,-5,-4,-3,11,67,8,-2,-2
,-5,-5,-5,-12,-7,1,-5,-5
,1,1,-1,-5,-3,-7,0,-3
,2,-3,1,-10,37,-4,3,7
,-3,3,2,3,2,-7,0,-3
,-3,-3,-4,-14,-64,-20,-8,-6
,-2,-4,-2,-4,35,9,-3,-3
,1,2,1,1,-7,11,1,0
,-1,-1,-1,3,-15,-17,-3,0
,-2,-1,-2,-4,20,7,0,-1
,-1,-1,4,10,-36,-12,-4,-2
,-1,0,-3,-14,18,2,2,-2
,-1,-4,-4,3,46,3,1,1
,0,-1,-2,-3,37,-5,-1,-3
,0,0,1,3,-12,-7,-3,1
,-1,1,0,5,31,2,-2,1
,-3,-3,-3,-10,-78,-3,1,-3
,-1,1,-3,8,42,7,0,-2
,-2,-1,-3,8,5,7,0,-2
,0,2,1,4,47,-6,5,3
,1,-1,0,-12,-105,5,-5,-3
,-4,-5,-4,-2,21,-1,-9,-5
,0,1,1,9,28,1,1,3
,-1,0,-1,-1,-8,19,2,-1
,3,1,3,3,11,4,5,5
,-8,-6,-11,-15,27,-7,-8,-6
,3,3,3,5,22,15,6,3
,-2,-2,-2,1,-18,5,3,0
,-2,0,0,-3,60,2,-1,-2
,1,-1,-2,10,-21,9,1,2
,1,1,2,-3,-27,-19,7,3
,-1,-1,-1,1,42,4,-3,-1
,-4,-6,-8,-8,-48,-23,-15,-6
,-1,2,2,10,28,6,4,1
,-1,3,2,-12,-7,2,1,1
,2,1,5,-4,-79,-19,-1,0
,-4,-4,-3,13,14,8,-1,-4
,0,-4,-2,-5,10,3,0,0
,0,-1,-2,-4,15,1,-2,0
,-1,-2,0,0,6,-5,-2,-1
,-1,0,-2,1,-19,-3,2,1
,-2,-2,0,-8,-28,-6,-2,-2
,-4,-3,-5,-4,18,11,-5,-5
,0,1,0,8,3,6,2,0
,3,2,2,4,11,8,0,1
,1,1,2,5,32,15,4,1
,-5,-6,-8,-12,-39,-45,-12,-5
,-1,-4,-6,-7,2,10,-4,-3
,1,2,3,9,2,-2,4,3
,1,3,3,6,12,7,3,1
,2,-2,1,-4,-42,-9,0,1
,0,0,1,-5,-34,4,-2,-3
,-4,-6,-9,-1,5,-12,-7,-6
,-1,0,1,1,-5,1,0,2
,-1,0,0,2,26,4,3,0
,0,0,-3,1,-11,-1,-1,-1
,-1,1,1,-10,10,-3,1,1
,-2,-2,-3,-2,-3,-7,-2,-2
,-1,-2,-2,-4,4,12,-1,-1
,0,1,2,6,3,-11,0,0
,0,1,3,-6,34,9,0,-2
,-8,-11,-15,-20,48,-29,-15,-10
,-2,0,-2,-11,35,-10,-5,-2
,-5,-9,-6,12,74,-18,-8,-6
,2,1,0,-3,-31,-6,0,1
,5,6,8,12,24,9,9,5
,-2,-1,-2,-14,-28,15,-1,-3
,-3,-3,-3,-1,-18,-12,-4,-3
,1,1,-1,-6,20,-1,-2,-2
,-1,-3,-1,1,-62,-3,-3,-2
,1,0,1,5,21,12,4,2
,2,5,4,-4,-9,6,6,3
,-1,-4,-2,1,1,7,-2,-1
,-10,-9,-13,-14,71,-7,-17,-12
,0,-2,0,10,8,-1,-1,1
,-1,-1,-1,-8,-28,4,-1,0
,0,0,1,4,1,-9,0,3
,2,1,4,5,-8,9,6,3
,-1,1,1,5,-3,2,1,-2
,-1,-1,-5,-11,-13,-4,-5,-3
,4,5,5,0,48,9,10,5
,-5,-9,-8,-4,-31,6,-10,-8
,-1,-2,-4,1,0,-16,4,1
,-3,-1,-1,-6,-19,-23,-7,-1
,-3,-5,-8,-11,-26,-4,-5,-5
,2,3,8,10,-2,9,10,7
,-4,-6,-8,-34,-92,-14,-6,-5
,-3,-2,-1,16,28,11,-1,-3
,-2,-2,0,-3,-4,-8,-3,-2
,-2,-1,0,-6,-23,-5,1,0
,1,5,2,12,-2,13,0,0
,-1,-3,-1,-4,-19,-1,1,1
,-5,-7,-5,-5,-19,-4,-5,-4
,4,8,6,2,-32,-2,1,2
,0,-2,0,13,25,4,0,-1
,-1,-3,-1,-3,9,0,-1,-1
,0,-1,-1,7,6,-1,0,1
,-1,-2,-5,-6,-10,6,0,-1
,-1,-2,-3,-2,-8,-17,-3,-1
,-4,-2,-4,-1,-18,0,-5,-4
,-1,-3,-2,-15,-23,-5,-3,-1
,1,3,1,0,-8,-8,2,0
,0,-2,0,1,-3,8,0,1
,2,2,5,5,13,12,5,5
,-3,-2,-3,-4,61,-9,-7,-7
,-1,0,-3,1,-8,-9,-4,-2
,-2,-3,-3,0,21,7,2,2
,3,-2,-9,-10,19,4,-1,-1
,2,5,12,-8,-55,-3,5,3
,-1,-3,1,-6,-5,-6,0,-2
,-3,-5,-4,6,58,17,-5,-6
,0,-2,-6,-2,-13,-2,1,1
,-2,0,-5,0,-17,-2,0,0
,1,1,1,0,-15,-2,3,1
,-2,-1,-3,-5,-16,-9,-1,0
,-1,1,4,-4,-20,-3,-3,-4
,-2,-4,-2,3,27,8,-2,-2
,0,1,1,1,7,-2,1,0
,-1,1,-1,-2,0,2,-1,0
,-1,-1,1,3,-4,0,-1,0
,0,-1,-3,-5,6,-3,-3,-1
,-1,-3,-1,-1,17,9,-1,-1
,0,0,0,5,-13,-9,0,-2
,-3,-1,-1,3,59,2,-1,-3
,0,-1,-4,0,-7,-3,-1,-1
,0,1,0,2,-12,-4,-4,-1
,2,3,7,11,23,7,8,5
,-4,-3,-5,-10,-67,1,-4,-2
,-4,-2,-1,16,54,-4,-6,-2
,1,-1,-1,6,15,-3,1,0
,3,2,6,3,-12,26,9,4
,-5,-5,-9,-10,-1,-15,-6,-4
,-2,-2,0,4,10,3,-3,-2
,0,-2,1,-2,-26,3,2,1
,-1,1,-1,-8,8,-2,-4,-2
,1,-2,0,1,-13,0,2,0
,-1,1,-1,-1,-25,-3,0,-2
,-2,-3,-4,-5,-11,-8,-2,-1
,-4,-5,-6,-9,62,0,-4,-3
,-1,0,2,0,-47,-8,-1,-1
,0,0,-1,-3,0,5,-1,1
,-3,-2,0,5,10,-2,-3,-3
,-2,-4,-4,-8,-38,-8,-4,0
,3,2,6,12,46,14,9,3
,-2,-3,-7,-14,-57,11,-1,-2
,-6,-6,-9,-16,39,-64,-23,-10
,0,0,1,4,-10,5,1,-1
,-1,-1,1,5,2,-8,2,0
,2,5,3,-3,-29,5,5,2
,0,-4,-1,-6,3,25,6,1
,-3,-3,-4,4,-21,-19,-9,-5
,0,-1,-3,-8,6,5,-2,-2
,-1,-2,0,3,14,-4,1,1
,0,-2,-3,1,-8,7,1,0
,-1,-1,0,1,21,0,-2,-1
,-1,-3,0,-2,-37,3,-1,0
,-2,0,-2,-5,-4,-10,-3,-2
,-2,2,-1,13,70,5,2,0
,-2,-1,-1,-13,-83,-3,-3,-2
,-5,-6,-7,-10,47,-14,-10,-7
,-1,-3,-3,-7,31,-5,-2,-2
,0,3,-2,-3,-13,2,2,1
,-2,-1,0,0,2,-20,-4,-5
,-1,2,-1,0,-2,10,1,1
,-1,-1,-1,0,34,4,-2,-1
,-1,-3,-1,-8,-84,-6,0,0
,0,1,2,6,32,2,0,-1
,-1,-2,-2,3,-25,-5,-2,-2
,-3,-1,-2,0,-18,-2,-3,-2
,1,0,1,8,11,12,3,1
,0,-1,-1,0,-20,2,3,0
,-1,-2,0,-1,-13,-9,-7,-3
,-1,-1,1,12,26,4,-1,-2
,1,1,-2,-3,-27,5,4,2
,-4,-4,-6,-4,-4,-13,-8,-4
,1,3,1,0,-2,-1,4,3
,-2,-3,-4,-5,5,-7,-4,-3
,-3,-1,-1,2,1,-2,-3,-3
,1,-1,-1,5,12,10,3,2
,1,3,2,2,9,2,0,0
,2,1,5,1,-40,3,3,3
,0,-1,0,-2,-83,-16,-2,-1
,-3,-6,-5,3,45,23,5,-1
,-4,-4,-7,-21,-28,-31,-12,-5
,-2,0,-1,5,24,6,-1,-2
,0,1,0,1,15,8,2,1
,0,1,-2,-4,-12,-5,3,-1
,1,-1,0,3,0,6,2,1
,1,1,1,-2,-39,6,4,2
,-7,-9,-9,-9,11,-15,-10,-6
,-3,1,-3,-5,-2,-6,-6,-2
,0,-2,-2,7,24,8,-1,-1
,-1,-2,-1,-6,-15,-10,-2,-2
,1,0,1,3,24,9,2,0
,-1,-2,0,0,4,-6,-3,-2
,-2,-1,0,5,-9,2,0,-2
,0,-1,-2,1,10,0,0,-1
,1,1,4,6,35,16,5,1
,-4,-1,-4,-21,-12,-32,-12,-4
,0,-4,-6,-4,-10,-11,-2,0
,-3,-2,-4,-1,-20,8,-2,0
,-1,1,1,0,3,-9,-4,-2
,2,1,3,3,-16,8,3,2
,-1,1,3,5,14,7,3,0
,-2,-3,-4,-3,6,-14,-5,-2
,0,-1,-1,-4,-61,-5,-2,0
,5,4,9,19,52,12,11,6
,-9,-9,-14,-22,0,-24,-24,-13
,-3,-6,-6,-10,-43,1,-3,-2
,-1,-1,0,-3,14,5,-3,-2
,-1,-1,-2,4,-1,-2,1,2
,2,3,2,4,3,13,6,4
,0,1,1,4,9,0,0,-1
,-2,-1,1,-11,27,-4,-3,-2
,-3,-2,-4,-3,-16,7,-1,-1
,-1,-2,0,-8,-48,-11,0,-2
,0,-2,-4,2,27,2,-3,-1
,1,-1,-1,3,-10,3,0,-2
,-1,-2,0,-1,5,1,-5,-4
,2,0,2,2,7,10,3,2
,0,0,3,2,9,-4,0,-1
,-3,-4,-5,1,-34,6,0,-1
,-1,0,2,8,46,1,1,0
,-2,-6,-6,-3,25,0,-4,-3
,-1,-1,0,-4,11,-7,0,-1
,-2,-2,1,0,1,1,-2,-1
,0,2,4,4,-15,-6,-4,-2
,-1,-2,2,3,-5,11,6,2
,0,2,-4,-6,1,-1,-1,0
,0,1,1,-2,36,0,2,1
,-2,-3,-5,-3,-16,0,-3,-2
,-2,-3,-1,-1,8,-7,-3,-3
,-3,-3,-3,-14,-51,-5,-5,-3
,-3,-2,-6,0,9,-10,-4,-2
,-2,-3,-4,-7,-18,-2,-4,-3
,-1,1,4,7,0,1,1,2
,1,3,6,5,15,7,5,3
,0,-3,-4,8,13,-1,-3,-1
,-3,-6,-8,-16,-60,-2,-6,-4
,-2,2,1,7,30,3,0,-2
,-1,-1,-1,0,-25,-6,0,-2
,-1,1,1,-4,1,0,0,1
,1,-1,1,0,4,7,1,0
,2,1,0,0,-31,-4,2,0
,-1,0,1,1,-29,-5,3,1
,-4,-5,-5,-2,89,4,-9,-7
,1,0,0,4,-54,-3,2,0
,-1,-2,-2,-5,13,5,-4,-3
,-1,-3,-1,4,15,1,0,-2
,0,0,-1,-8,-31,2,2,0
,-1,-3,2,5,20,0,1,-1
,1,3,-1,-6,-10,-3,2,1
,-4,-4,-3,-4,-54,-16,-9,-4
,-4,-4,-4,-2,30,7,-6,-3
,-2,0,-4,-6,8,-5,-2,-1
,-1,1,1,2,-9,1,2,1
,0,-3,0,0,26,1,0,-3
,2,1,4,-4,-37,9,8,3
,-3,-2,-6,-4,38,-19,-8,-2
,-3,-5,-3,4,-22,17,-2,-3
,-2,-1,-2,-9,32,0,-6,-4
,-1,2,0,1,-25,-17,-2,-1
,0,-1,0,-5,3,3,2,2
,-1,2,1,-1,6,0,2,3
,-1,-3,-3,10,21,5,-1,-1
,-1,0,-3,-8,-32,-3,1,2
,2,3,7,28,66,4,6,0
,-4,-6,-9,-20,-12,9,-7,-6
,-1,-4,-3,-5,-47,-13,-3,-2
,1,-1,-2,-1,6,-4,-1,-1
,-1,-1,-2,-3,-5,2,4,2
,1,4,4,6,16,-1,0,0
,1,1,0,1,23,5,0,2
,-1,-3,-3,1,-16,-1,2,2
,1,1,5,0,-10,21,7,3
,-6,-6,-9,-7,-7,-22,-14,-9
,-2,1,-1,-3,-29,-3,-1,-2
,-1,-2,-2,4,16,-1,-3,-2
,-2,-2,-1,2,1,8,0,-1
,1,2,2,-4,-9,3,7,5
,0,0,-2,-4,21,5,0,-1
,-3,-2,-2,5,39,-3,-4,-3
,-1,0,-3,-18,-90,-8,-6,-2
,1,1,4,11,36,0,2,1
,-3,-2,-4,-9,16,4,-3,-2
,-1,1,0,1,-7,-6,1,-1
,-4,-2,-1,-9,6,-4,-6,-3
,1,-3,-3,5,25,-6,3,1
,-1,-3,1,10,20,8,0,-1
,0,0,0,-5,34,7,-1,-1
,-3,-2,-6,-3,76,-12,-8,-7
,-1,1,1,4,21,4,-3,-1
,0,-3,-2,1,-1,-5,0,0
,1,1,1,0,-18,4,2,1
,-2,0,2,1,-18,5,-1,-3
,2,2,1,-1,-16,-11,6,2
,1,1,-1,-5,2,4,0,0
,-5,-6,-6,-8,-44,-4,-9,-6
,-1,-2,-4,-7,13,-6,-4,-2
,-2,-1,-2,-10,-26,-5,2,-1
,1,3,2,4,0,2,3,1
,0,1,0,-4,-9,4,2,-1
,1,0,-3,2,-1,-3,-1,-1
,0,-2,4,-4,-65,-4,-1,0
,-8,-10,-16,-11,80,2,-9,-9
,-1,-1,0,0,-53,-5,-4,-2
,-2,-1,-2,-2,-9,-5,-1,0
,0,2,-1,6,-10,1,1,1
,1,-3,2,1,-29,-8,0,2
,-2,1,0,1,10,-2,0,-3
,0,-1,0,2,-35,-2,0,1
,1,-1,-1,-6,-6,18,1,-1
,-5,-4,-5,-1,33,-25,-8,-5
,-2,-3,-1,-1,20,-3,-2,-1
,0,-2,-3,-7,-30,-9,0,0
,0,0,3,8,41,-2,1,0
,1,4,-1,3,-20,1,0,0
,0,0,3,-4,-13,-4,0,-1
,5,5,5,9,-36,8,9,3
,-8,-10,-14,-31,86,-11,-16,-10
,-1,-1,3,6,-38,-5,0,0
,-2,-3,-1,7,50,4,0,0
,-2,-2,0,1,-21,1,-3,-1
,1,3,0,3,4,6,3,0
,0,0,0,-3,-15,3,3,3
,-2,2,2,-1,5,-5,-1,-2
,-1,-2,0,11,43,0,0,-1
,-2,-3,-3,-5,-54,-9,-5,-1
,0,0,0,0,46,7,0,-1
,0,-3,-3,-3,-35,-3,-2,1
,-1,-4,-3,-2,13,-3,-4,-2
,0,0,0,2,-28,-3,-2,-2
,0,-2,0,-2,-12,5,-1,0
,0,1,2,7,11,2,7,4
,-6,-7,-7,-23,-6,-18,-11,-9
,-6,-2,-4,-7,9,-6,-10,-3
,-1,-1,2,2,7,-1,-2,0
,0,-1,0,-3,-3,1,2,1
,1,1,-4,-7,-4,-5,1,-1
,1,0,4,13,-8,0,2,1
,-2,0,1,2,7,6,2,-1
,-3,-3,-3,-8,-17,-21,-3,-2
,-3,-5,-6,-6,8,8,-8,-4
,-1,-3,0,1,17,9,2,-2
,1,2,-1,-9,-32,-4,-1,-1
,0,-2,-1,5,18,9,0,-1
,0,1,1,3,2,1,6,3
,0,-2,-2,0,26,-1,3,1
,-5,-4,-3,-1,38,1,-5,-5
,1,0,-3,-6,-19,2,-3,-1
,-1,0,3,8,-19,-8,-2,-1
,0,3,2,2,14,6,3,1
,2,2,0,-6,-58,-2,5,2
,-3,-3,-4,0,35,0,-5,-5
,-1,-3,-3,3,-22,-3,-3,0
,-1,0,0,0,-1,-5,-3,-2
,1,0,0,-4,-37,0,0,2
,1,1,0,-2,-24,12,4,0
,-2,-1,-3,-4,-18,-1,-3,-3
,-1,-1,1,7,-30,9,1,1
,-3,-4,-5,-7,34,-6,-5,-3
,0,-2,1,4,-2,6,-1,-4
,0,1,1,0,16,2,3,0
,0,1,-2,1,-13,-4,0,-1
,-1,-2,1,-2,-1,-11,-2,-2
,-1,-1,1,-2,-5,-3,-1,1
,1,3,1,3,6,4,0,1
,-1,-4,-3,-2,-1,-3,-3,-1
,-1,2,-1,2,15,0,0,3
,-4,-6,-5,-4,-23,-11,-3,-3
,-1,-1,-1,-1,31,-4,-1,-2
,0,-1,0,4,63,3,0,-1
,-1,-1,-2,3,-4,0,-3,-3
,1,-1,-1,0,2,-6,1,0
,-1,1,1,-1,-40,11,3,2
,-1,-2,0,1,-48,-24,-5,-2
,-4,-3,-7,-14,-14,7,-5,-5
,0,-2,-1,4,-3,-12,-5,-1
,-1,-2,-2,-5,21,3,1,-1
,1,-2,3,4,1,1,3,2
,-2,-2,-1,-4,-17,-3,-1,-1
,-1,1,1,-4,28,11,1,0
,-1,-3,-7,-10,-11,-19,-7,-4
,2,2,4,-2,-2,17,4,1
,-3,-6,-3,0,58,-7,-7,-4
,-1,-2,-2,2,4,-4,-3,-2
,-2,-3,-4,-3,10,0,-1,-3
,-1,0,0,-6,-37,-5,-3,-1
,2,2,2,4,14,7,5,2
,-2,-2,-3,3,-15,-5,-3,-1
,-2,-2,-2,-9,-8,-2,-2,-1
,-1,0,1,-1,2,4,-2,-4
,1,0,2,17,29,2,5,0
,-4,-4,-5,-12,-22,-8,-9,-4
,-2,0,-1,4,26,6,2,1
,-2,-3,-7,-8,-34,-5,-1,-1
,2,4,4,5,-7,3,5,3
,-2,1,-4,-6,16,-7,-4,-3
,0,0,0,-8,-26,3,-2,0
,-5,-4,-7,-2,-6,-7,-5,-3
,-2,1,2,-1,-50,-4,-2,-1
,1,1,4,9,11,3,1,2
,-1,-3,1,3,21,15,6,0
,-2,2,0,0,-6,-8,-2,-2
,3,2,6,9,-17,6,3,1
,-1,-2,-4,-7,-11,8,-1,-1
,1,-1,0,-3,-22,-14,-7,-3
,-1,-2,-1,2,6,7,-1,1
,-4,-3,-3,4,17,-15,-4,-4
,1,4,1,-1,-26,7,4,0
,-1,0,-2,3,-11,-2,-2,-1
,0,-2,-5,-6,13,2,-1,-2
,0,-2,-3,5,-9,-2,-3,-1
,-2,0,0,-19,8,-2,0,-2
,-3,0,1,6,9,-4,1,0
,-1,-5,-14,-15,21,4,4,1
,4,9,22,24,-16,-1,10,8
,2,-4,-2,-6,8,0,17,5
,-5,-6,-6,24,11,1,-4,-3
,0,11,9,-9,-56,-17,-43,-15
,-14,-15,-13,-23,24,-1,-40,-15
,1,3,5,20,1,7,6,0
,0,0,-3,-26,2,1,11,5
,4,0,5,44,36,1,25,10
,-4,-6,-17,-30,-54,-7,1,-3
,0,0,6,20,13,2,-3,2
,3,0,0,10,0,0,9,5
,-2,-1,-2,-4,12,4,20,0
,3,2,0,-3,11,2,1,1
,-4,-5,-7,-9,-12,-5,-8,-6
,-6,-2,-7,-19,23,-5,-19,-13
,5,4,15,18,-7,1,20,11
,6,4,10,6,-30,-2,20,4
,-13,-10,-13,-29,-17,-21,-51,-20
,-3,-1,-5,5,16,-2,-28,1
,-7,-6,-13,-29,1,-2,3,-7
,-2,-1,2,-5,8,5,1,-2
,7,6,3,7,3,4,16,7
,2,1,5,1,-8,-1,7,0
,-3,-5,-4,-2,0,1,0,0
,2,-1,-4,-2,-1,0,10,3
,-2,-1,-2,3,11,1,5,0
,-2,1,-1,0,-6,-3,-5,-2
,2,0,3,-3,-4,1,-1,4
,-3,-2,-8,3,3,-10,-13,-2
,0,1,-1,-2,-5,2,7,-1
,1,-6,0,-3,-2,0,-15,1
,-9,-5,-2,-5,-3,-3,-15,-14
,-1,0,0,-2,3,0,0,1
,-1,0,1,3,3,5,9,6
,3,0,-2,6,-1,-10,-11,-4
,0,-3,-3,-3,1,-1,-21,-4
,-3,-1,-3,-4,0,-2,-5,-1
,3,0,0,-4,-2,2,16,7
,-2,1,1,0,16,2,10,-2
,-2,2,2,-3,-10,-2,1,-2
,11,3,-2,-1,3,2,2,6
,-16,-5,-3,2,-4,-1,-5,-11
,-11,-9,-3,-5,-2,1,-1,-3
,-8,-7,-7,1,-5,-9,-10,-7
,1,1,1,-1,0,3,6,2
,9,2,1,1,3,-2,-3,5
,4,6,5,3,-7,2,6,3
,-2,-2,-6,-5,-2,0,2,1
,-1,-3,1,-2,3,1,-2,-3
,3,-1,2,14,-2,-6,-6,1
,6,3,1,-1,-11,1,6,2
,15,10,7,2,7,4,6,9
,-14,-9,-7,7,11,3,-3,-11
,-27,-19,-7,-7,-3,-12,-11,-17
,0,-4,0,16,-19,7,8,0
,12,4,2,-4,-8,-37,-3,5
,2,2,3,-14,-18,5,-5,0
,-1,-4,-4,18,34,31,5,-3
,-8,-11,-19,-43,-49,-60,-14,-10
,-18,2,7,15,7,29,9,3
,13,2,-2,-2,13,-22,-4,-1
,14,11,-1,-15,-24,-5,-2,-3
,5,0,7,13,33,23,9,13
,1,-7,-5,-5,2,2,-1,-5
,-10,-2,1,5,-9,15,5,-11
,7,3,8,19,59,17,13,24
,0,-1,-7,-29,-61,-37,-14,-3
,10,1,-2,3,21,6,-5,-5
,-23,-3,1,15,19,43,11,-5
,-5,4,-8,-28,-43,-58,-19,-19
,-24,-4,6,19,-28,9,5,8
,4,0,0,-12,-45,17,-1,15
,1,-5,-3,5,40,13,3,-8
,-12,-12,-18,-36,-29,-26,-23,-16
,-2,6,7,17,68,44,6,-9
,3,1,7,24,-28,15,8,0
,-6,-9,-17,-46,-58,-30,-19,-2
,-1,4,8,14,-5,21,7,-6
,16,4,3,7,39,17,14,14
,-8,-4,-4,-9,-74,-36,-14,-9
,5,4,0,8,29,-1,0,6
,6,0,2,0,-3,-7,0,8
,0,0,0,3,-17,8,3,-7
,-6,-27,7,19,96,42,17,7
,3,18,-7,-35,-23,-58,-19,-14
,6,0,-10,-9,32,-54,-23,6
,4,3,10,30,62,36,14,9
,-9,-4,-9,-16,-5,-22,-10,-11
,10,-3,13,28,8,21,13,13
,-8,-8,-9,-20,44,30,-1,-9
,-2,0,0,-7,-37,-30,-6,-16
,-15,-15,-2,-6,22,-18,-4,6
,-5,-1,-8,-9,38,-22,-11,-7
,20,24,7,20,62,14,8,9
,1,2,0,-3,49,4,-1,-2
,-10,-11,-12,-25,-84,-12,-8,-15
,-2,8,12,23,17,15,11,8
,-20,32,-6,1,0,4,-2,-16
,4,-26,-6,-10,-13,-11,-7,3
,4,4,0,0,25,14,4,0
,-4,-19,-3,-4,-12,-1,-3,2
,-1,-13,4,-1,-58,5,6,8
,-5,10,-4,0,0,-7,-8,-7
,1,8,-5,-14,-16,-8,-3,-2
,-4,-7,-3,-2,3,-3,2,2
,1,-7,5,7,-45,2,-7,-4
,0,2,-4,-11,39,-5,18,0
,1,-2,-2,6,9,7,-21,3
,-4,-1,-8,-8,-16,-3,-5,-11
,6,-3,7,4,-16,13,14,9
,-17,0,3,0,12,-3,-11,-15
,24,0,-10,9,42,-5,4,21
,1,3,1,-7,-22,6,6,-14
,2,-12,-3,0,-21,-8,-14,20
,-14,1,8,8,-6,3,24,-18
,-3,11,4,-4,30,-7,9,-5
,5,-5,-2,5,-51,1,5,9
,-13,-13,0,3,10,7,-1,-11
,10,5,-5,-5,-9,-2,-13,15
,5,2,-4,10,11,-2,-2,12
,-17,-8,-1,-7,14,-3,-4,-31
,-7,-2,1,-9,0,8,21,-8
,-6,3,-4,6,-28,-1,3,8
,8,13,6,-3,-2,-7,-5,-2
,69,2,3,2,12,3,-23,29
,-49,-17,-15,-8,7,1,22,-22
,20,0,-3,2,-1,2,-62,5
,-32,-7,-4,-12,7,-3,9,-35
,-9,6,5,3,1,-2,17,19
,17,12,9,9,13,10,6,17
,3,-3,1,-6,-9,-8,30,11
,-30,-24,-22,-15,-9,1,-7,-24
,6,5,2,4,13,5,-10,1
,14,-2,11,11,4,19,2,8
,-31,-38,-18,-39,-73,-79,-8,-11
,17,24,9,4,16,6,-14,1
,0,10,-9,-2,1,-7,-1,1
,20,33,3,5,-4,8,1,12
,2,-1,10,16,24,42,15,2
,7,-26,-10,-21,-50,-54,-15,-6
,2,-2,0,2,2,-2,-5,4
,4,-6,-3,0,4,-14,-15,-6
,-5,8,2,2,6,17,-4,-9
,9,7,9,11,12,15,16,22
,-16,-1,-2,4,15,13,11,-2
,-2,-10,-5,-6,-9,-6,-6,-4
,1,2,-4,-9,-1,-13,-7,-12
,-1,0,-2,-2,22,8,-1,-2
,1,3,1,2,-3,-7,2,5
,1,-2,2,6,-4,-4,4,4
,-12,-5,-2,5,27,20,6,-4
,-1,3,-2,-7,-38,-27,-12,-5
,-10,-4,-10,-13,-19,0,-17,-11
,8,10,7,6,11,6,15,9
,-11,-29,-9,0,9,11,-19,10
,-30,-15,-1,4,10,11,-19,-8
,14,18,4,6,6,-3,7,-21
,14,-3,-5,-4,-8,5,4,-4
,24,13,6,1,-3,6,21,21
,6,-9,6,7,10,13,27,14
,-45,-26,-5,-9,-15,-17,-45,-31
,22,5,1,-1,14,-4,2,12
,-5,4,-5,-4,-11,-12,-11,-10
,12,11,4,4,4,5,10,15
,9,3,-5,3,13,5,34,18
,0,-11,2,-18,-30,-8,28,3
,-52,-18,-14,-8,-11,-8,-96,-66
,-9,8,2,-1,26,4,-3,-4
,36,18,3,9,8,11,27,47
,65,3,1,1,-2,1,8,62
,-62,-19,-7,-3,-15,-14,23,-66
,-49,-14,-10,-3,-1,3,-42,-66
,-8,-13,6,1,3,-9,-26,-8
,6,22,-6,-7,-6,-6,-5,39
,127,40,19,3,2,8,41,127
,-65,-19,-16,-1,-2,-8,-18,-97
,-78,-50,-13,1,4,5,1,-47
,-10,-12,-4,-9,-8,-5,-19,-24
,94,63,29,9,6,14,53,92
,127,42,7,10,7,5,62,127
,-72,-89,-41,62,33,-16,-88,-82
,-53,-33,-6,-48,-6,-3,-22,-16
,18,8,11,-29,-33,-7,-6,-7
,72,42,30,18,-4,13,37,65
,50,39,11,0,-11,-25,-18,27
,-58,-21,-17,25,23,-4,-32,-97
,78,50,18,21,17,12,59,85
,10,-29,-18,-14,-13,-24,-50,4
,-27,-38,-18,-12,6,14,-36,-26
,46,2,0,4,7,-2,-15,16
,-18,-10,-6,-9,-13,-6,-11,-44
,12,18,14,4,-6,6,48,3
,14,20,7,-20,-12,3,41,31
,-16,-2,7,5,-6,-7,11,-14
,-25,9,-11,0,4,4,3,-22
,57,7,1,-5,-4,-15,-28,26
,-72,-5,0,-11,-9,-4,-7,-56
,-39,-21,-9,1,-2,8,24,-31
,-17,-19,-9,4,9,-15,-43,-20
,-27,-4,2,14,13,12,-22,-22
,67,31,14,-35,-36,4,52,41
,-3,4,-1,30,40,0,-12,-20
,-49,-22,-5,-27,-64,-5,12,-37
,26,10,5,2,11,-1,-20,74
,-13,-6,-2,-10,-8,4,-13,22
,-9,3,1,7,16,5,11,-6
,-19,-19,-10,11,8,-17,-21,-25
,-36,-10,-2,-7,-15,17,24,-42
,25,8,-5,0,10,-2,18,17
,19,5,2,10,9,5,-13,25
,-19,-16,-10,-4,12,-11,-14,-14
,-17,-7,-5,-15,12,3,4,-16
,11,9,3,-11,-75,-40,5,10
,10,2,-2,-7,8,25,4,6
,12,0,5,14,37,20,4,10
,-37,-24,-7,1,-38,20,6,-30
,26,26,14,6,80,18,16,19
,8,19,-1,-17,-66,-44,-13,11
,-12,-16,-10,-16,-53,-7,-8,-12
,-20,-12,-5,1,24,-13,1,-14
,12,1,5,2,-1,23,1,-5
,29,-8,15,28,49,65,20,7
,-20,12,-10,13,50,-22,6,35
,-22,-25,-25,-41,-18,-72,-34,-35
,9,-5,-9,-27,-41,3,4,10
,-1,0,6,2,-43,12,-1,-16
,4,-7,5,31,89,81,13,1
,0,7,11,26,76,26,24,9
,1,1,-6,-12,-99,-17,-10,-11
,-1,-2,-5,-5,69,-18,-6,14
,-13,-18,-21,-33,-72,-109,-39,-26
,-10,3,-14,16,66,69,-4,-8
,17,12,23,33,86,73,39,16
,8,13,25,56,87,66,10,18
,9,6,9,4,-62,-32,16,7
,-29,-28,-52,-111,-124,-68,-66,-49
,-1,-4,-11,-8,-40,-4,-12,1
,-6,-3,-13,-9,-64,-49,-18,0
,6,8,16,32,126,65,28,4
,5,5,15,2,-128,-59,-2,6
,0,1,0,0,127,18,6,-2
,-7,-10,-22,-48,-95,-59,-14,12
,-5,-6,-10,-31,-91,-5,-12,-13
,9,16,26,49,36,16,29,-2
,2,4,9,7,64,39,13,-9
,4,0,8,11,3,-40,-2,40
,-22,-26,-44,-62,51,15,-21,-7
,0,6,9,12,46,-6,6,1
,7,14,10,20,-78,-8,7,2
,-5,0,2,9,117,37,0,-28
,8,-6,-7,-18,-1,-9,-17,12
,4,8,13,15,-57,17,14,-1
,0,-3,-3,22,106,6,-4,2
,-16,-18,-27,-59,-59,-17,-15,-37
,7,11,18,21,-97,3,7,1
,2,0,-3,-3,122,18,3,-9
,9,5,10,38,67,-37,3,68
,-11,-1,0,-17,27,17,1,-87
,-5,-6,-6,14,88,-2,8,2
,-6,-9,-18,-40,-74,-21,-18,21
,4,12,8,-12,-24,-15,-13,-68
,-9,-23,-28,-28,-6,-32,-17,100
,12,10,16,21,57,37,17,38
,-8,2,8,13,-7,-31,3,-62
,-3,-5,-5,-5,-39,10,-3,-14
,-2,1,-3,-30,-89,-13,3,6
,0,-4,-1,21,-18,-3,-6,-54
,3,-5,-11,-15,11,15,-5,59
,3,6,7,11,-116,-8,4,3
,1,3,2,5,16,36,8,-12
,-5,-3,-1,-18,-91,-69,-16,7
,4,0,4,16,20,43,9,3
,-6,-9,-5,-5,21,-20,1,-4
,7,4,10,18,92,31,6,16
,-1,3,7,12,113,50,19,-9
,-6,-11,-19,-10,-18,-46,-27,-12
,2,2,3,2,17,14,7,4
,1,2,1,-6,-19,-27,3,-5
,2,2,6,-2,-19,6,6,-8
,8,14,24,44,124,92,28,23
,-11,-18,-30,-24,-128,-53,-27,-10
,-9,-9,-14,-19,-57,-89,-29,-57
,4,6,8,16,32,9,11,13
,-3,-2,-3,-4,-61,19,-1,-18
,-4,-8,-8,-33,77,-55,-14,32
,7,7,8,11,-4,23,9,-2
,-3,0,-2,5,-21,13,4,12
,-7,-7,-12,-24,-10,-27,-11,-13
,2,4,5,10,36,24,10,2
,-3,-3,-6,-16,-128,-19,-10,7
,-4,-2,-1,3,55,9,-6,-13
,4,5,7,20,15,0,11,2
,-1,-1,-1,-34,47,9,-1,-1
,3,5,6,17,-8,18,13,10
,-9,-12,-14,1,-17,-17,-21,-21
,2,0,1,-1,21,-1,3,9
,-7,-10,-20,-2,-54,-15,-8,-1
,1,4,6,-15,5,16,-2,-4
,4,9,13,-32,-89,-21,-5,5
,2,2,3,-10,41,11,17,12
,-11,-18,-24,-39,41,56,-4,-16
,-1,-3,-7,34,30,9,4,-2
,-4,-3,-7,3,-19,-9,-6,-2
,2,5,9,0,6,-3,4,4
,5,11,14,16,-3,0,10,2
,9,13,18,-7,-59,14,22,18
,-21,-28,-39,-10,42,16,-26,-25
,3,8,8,18,-56,5,5,4
,1,1,0,7,-15,-11,0,-1
,2,-1,2,-3,-2,-7,-2,2
,4,8,11,12,-7,1,5,3
,-1,0,0,8,-13,-5,2,-1
,-7,-11,-13,-13,27,-12,-23,-14
,1,-1,-4,-24,-32,-24,3,0
,-8,-7,-7,1,48,-9,-13,-17
,-4,-3,-2,13,19,3,-6,-3
,6,8,11,0,-6,4,10,12
,9,13,21,20,-7,15,18,7
,8,7,13,42,-53,38,25,7
,-19,-26,-38,-45,-28,-89,-47,-19
,5,8,12,20,-45,16,10,4
,0,0,1,21,98,10,-2,2
,6,7,11,-2,-61,-7,10,12
,-1,-3,1,19,72,4,-2,-6
,-1,-2,-3,-1,-26,9,-1,-3
,-3,-1,-3,15,46,-51,-11,-1
,-5,-5,-7,2,65,16,-11,-12
,4,1,5,24,-58,-24,8,21
,-7,-5,-8,-20,35,-40,-18,-9
,2,3,3,11,35,15,8,3
,-4,-2,-4,-8,22,-13,-12,-5
,10,12,23,48,28,99,51,14
,-4,-5,-7,-10,-28,-90,-27,-9
,-12,-19,-24,-30,-8,47,-24,-15
,4,4,2,17,40,39,10,11
,-3,-2,-1,1,8,-15,-7,0
,12,16,24,28,42,18,26,18
,-10,-13,-14,15,-45,35,-13,-18
,-2,-4,-7,-30,-80,-52,-9,0
,5,7,9,-4,6,32,11,5
,2,-5,-3,16,-71,30,15,-1
,-13,-11,-17,-54,39,-79,-43,-27
,2,0,3,40,81,38,12,13
,3,1,2,-20,58,16,-2,4
,4,4,9,5,81,21,14,17
,1,1,-2,10,3,28,12,2
,-4,-3,-5,-35,-103,-56,-5,-11
,-8,-9,-13,-32,29,-6,-17,-16
,-1,-3,-4,-31,-23,27,4,4
,-10,-12,-10,32,-12,-16,-18,-10
,2,0,-5,-37,-80,-25,3,2
,7,11,19,26,20,50,16,11
,-9,-8,-9,28,14,-5,-11,-13
,7,9,12,6,-7,20,15,10
,1,-3,-5,-14,-8,-36,-1,5
,-13,-12,-19,-21,-128,-75,-34,-24
,3,3,4,-2,-38,44,7,4
,-5,-4,-8,-46,-22,-53,-11,-16
,-8,-8,-10,9,30,3,-17,-17
,8,12,13,26,67,50,25,13
,-10,-9,-17,-74,4,-94,-35,-8
,2,0,-4,9,-34,7,8,4
,2,5,8,-5,-21,-1,6,-4
,6,5,11,10,30,46,20,-2
,-19,-22,-30,-39,-49,-77,-48,-40
,8,6,13,27,48,36,20,15
,0,1,5,18,63,37,8,18
,-9,-11,-15,7,7,-50,-17,-16
,8,10,14,24,44,64,31,11
,4,4,9,26,89,60,15,6
,-5,-2,-1,5,2,-78,-34,-14
,-2,-1,2,-3,-50,19,16,-10
,-7,-10,-17,-36,-41,-40,-36,-14
,0,3,4,0,43,34,4,7
,8,7,9,-3,-63,-6,14,15
,-6,-5,-6,-21,3,-13,-15,-2
,3,6,10,19,-38,32,18,6
,9,7,10,-1,-6,-24,12,7
,-12,-11,-16,-8,35,-21,-25,-29
,-9,-12,-20,-40,-62,-68,-40,-17
,7,9,15,41,108,35,24,9
,0,1,3,39,91,38,18,8
,-4,-2,-3,-32,53,-46,0,-12
,2,-5,-12,19,41,22,-7,5
,4,11,24,85,127,59,26,20
,-6,-4,-11,-16,39,-31,-20,-10
,4,3,4,-3,-77,65,22,9
,4,6,4,-13,52,-3,11,4
,-4,-5,-6,-17,-57,-8,-13,-3
,1,1,7,44,0,-15,11,2
,-3,-4,-7,-13,85,4,-10,4
,-3,-7,-5,21,33,-4,-10,1
,5,3,4,19,21,37,14,2
,-3,-1,-2,-23,-47,0,-7,-6
,7,9,14,22,-11,0,14,18
,-16,-18,-26,-52,-128,-74,-43,-25
,1,-1,0,-9,58,12,5,-7
,17,20,31,52,70,89,41,40
,-17,-24,-32,-38,-39,-83,-62,-29
,4,5,6,-2,-16,60,20,14
,2,2,-1,-6,-26,-6,2,-4
,-4,-5,-6,-22,-64,-20,-13,-10
,3,8,14,31,127,63,23,-10
,1,1,1,-7,103,25,10,22
,-11,-8,-14,-38,-114,-42,-18,-34
,2,-2,-1,-22,-5,-16,5,9
,-4,-7,-11,-14,55,30,-4,-8
,-2,0,-3,-11,4,-23,-5,-8
,-1,1,1,1,44,-6,-3,11
,-3,0,-2,2,-24,-24,-10,-12
,7,7,12,9,-121,40,24,14
,0,1,5,31,63,7,-5,9
,0,0,1,18,-4,4,1,7
,-9,-10,-12,7,-19,-25,-17,-14
,3,3,3,2,100,-49,-7,7
,1,0,0,-3,25,32,5,-3
,5,4,5,14,17,-7,12,11
,-6,-1,-7,-55,-66,7,0,-8
,-7,-11,-12,58,-39,18,-11,-8
,3,6,5,-7,-41,-30,8,2
,-9,-11,-17,-27,-52,6,-17,-10
,7,6,14,21,89,-25,5,10
,1,2,1,-2,22,10,6,4
,-1,1,2,7,-16,-4,6,-6
,1,-2,1,-9,-4,3,3,6
,-5,-8,-17,-65,33,4,-11,-3
,-3,-1,-2,-10,-27,7,-2,-4
,-2,-2,0,8,51,-8,-6,-5
,0,1,-1,-5,-60,-27,5,3
,-2,-3,-4,25,66,44,17,3
,-9,-9,-16,-67,-46,-35,-19,-11
,3,0,3,27,45,39,5,3
,2,2,6,22,29,-5,7,3
,-2,-3,-7,-31,-30,6,5,-1
,-1,-3,-8,-38,49,-19,-10,-1
,1,5,6,37,101,15,8,-2
,-4,-4,-11,-31,-28,2,-9,1
,-6,-5,-4,17,-6,-6,-12,-7
,22,30,46,92,97,119,66,33
,-26,-36,-56,-91,-95,-99,-56,-36
,-1,-5,-5,17,34,17,-8,-4
,1,1,2,0,-45,-24,-3,7
,5,3,6,12,12,19,10,10
,2,7,11,-7,-126,-14,-2,0
,-9,-10,-13,-2,-76,-1,-5,-13
,-4,-10,-13,-13,90,-8,-17,-2
,1,3,3,-10,-77,-39,-3,-1
,-3,-7,-5,-20,0,-37,-9,-8
,0,1,1,-16,-3,-13,-8,-3
,10,12,19,11,-80,-4,10,11
,-11,-20,-25,-15,20,24,-3,-12
,4,8,12,3,63,32,11,7
,-1,3,4,3,10,-3,-5,-2
,-1,-3,-1,5,64,-23,-2,-8
,-4,-5,-10,-32,-78,-2,-17,-1
,3,3,8,19,1,35,17,6
,1,0,0,3,-47,-10,6,1
,-8,-6,-8,-3,-69,-5,-17,-15
,2,1,0,-11,-57,-2,6,3
,4,1,0,-13,11,-11,2,6
,-5,-3,-5,-10,-32,8,-2,-2
,-2,-2,-3,-1,-35,-7,-1,-3
,1,1,3,22,87,24,15,7
,-4,2,4,3,81,-28,-17,-7
,-5,-12,-12,12,83,43,0,-5
,-1,-5,-9,-10,-33,-12,-10,-5
,0,1,5,-6,-25,-16,-2,0
,-3,-4,-4,8,-110,-58,-18,-7
,-6,-6,-9,-30,2,-7,-18,-14
,-1,2,2,5,5,7,1,-2
,1,1,3,29,58,-19,-11,-4
,7,8,9,-2,-64,47,18,2
,1,2,6,-7,3,-5,7,2
,-1,0,0,11,14,27,0,-2
,-4,-3,-8,-27,42,-13,-5,1
,1,1,-1,0,-35,-20,-1,1
,0,-1,1,4,39,14,1,1
,2,3,4,9,-6,21,7,2
,-3,-5,-4,-2,-28,-12,-13,-6
,2,2,7,26,89,40,23,10
,4,6,7,24,12,5,11,3
,-4,-4,-8,-14,12,-17,-12,2
,0,0,-1,-3,-64,8,12,-2
,-5,-6,-8,-2,-43,7,2,-3
,5,9,14,11,33,-1,6,6
,-1,-4,-3,-3,57,-5,-2,2
,-4,-2,-4,11,-49,-3,-8,-8
,6,3,5,7,21,33,12,6
,-6,-7,-6,-13,-36,23,-7,-5
,-5,-3,-5,15,-11,-31,-7,-5
,-1,-4,-3,-20,54,23,-5,0
,8,8,10,2,25,-4,12,15
,-11,-13,-18,-12,21,-30,-20,-19
,1,0,0,-2,-52,-22,1,1
,3,5,7,5,64,6,5,4
,-7,-10,-10,12,58,-4,-9,-10
,4,5,7,5,13,-7,10,8
,0,1,5,-18,-17,4,-2,-2
,-3,-3,-4,20,23,7,-8,-5
,2,4,5,-11,-61,12,0,3
,1,2,2,6,14,-31,-7,-5
,-8,-13,-18,-6,22,18,-3,-14
,4,3,6,7,2,9,12,11
,7,11,21,57,109,41,20,4
,-8,-11,-20,-63,0,-16,-15,-3
,-1,-3,-2,38,-6,6,-2,-2
,0,2,2,2,23,-6,-2,-3
,3,3,6,5,61,24,12,5
,5,9,12,16,-23,-3,3,10
,1,2,2,-14,53,9,9,1
,-8,-13,-11,10,-35,-46,-27,-7
,-8,-7,-14,-21,-102,-9,-7,-10
,2,5,8,20,-29,14,5,1
