,12,51,6,1,2,-9,2,1
,-35,3,-2,-3,-4,-5,-1,-7
,19,18,-1,1,4,-3,-3,-2
,-38,-73,-4,0,-1,1,0,-3
,40,49,-3,-4,-5,-9,-8,-5
,9,-9,1,0,-1,-4,4,18
,12,16,1,3,0,9,2,2
,13,26,-1,-2,4,-3,-4,1
,-1,-9,-1,0,-2,-1,2,4
,-5,6,-1,-1,-5,3,-3,-6
,-3,-11,-6,-5,1,2,0,-4
,0,-11,0,2,3,0,-3,-4
,20,-25,-3,0,1,-1,-1,1
,-28,-6,-9,-4,-3,-9,-6,-13
,-6,30,4,1,2,6,3,10
,-5,-40,-3,1,1,-4,-3,-11
,-11,-14,5,1,1,0,0,2
,-7,20,2,-1,-3,-1,-1,-4
,16,12,-3,0,-2,-13,-1,-5
,-11,-24,1,0,1,10,4,6
,-13,-6,-1,-5,-3,5,4,-3
,-7,-21,-3,1,1,11,0,-3
,0,-1,2,1,-4,-14,-4,-6
,0,24,4,-2,-5,-9,1,9
,-38,-58,-11,-5,-3,10,-8,-7
,13,58,2,1,-7,-20,-2,3
,-22,-37,-6,-3,-2,-6,2,-4
,-14,9,4,2,3,9,0,-4
,61,-7,-5,1,-3,3,0,14
,20,73,12,4,2,-4,2,6
,1,-20,-3,-2,-2,3,-3,-1
,-17,-21,-3,-2,2,-1,1,-5
,20,17,2,1,1,-11,-2,1
,0,-31,-2,-2,-1,9,3,-9
,10,57,4,3,2,5,3,4
,7,20,-3,-4,-3,-5,-3,-7
,-18,-23,-7,-3,-2,-1,-4,-6
,-3,-30,-5,1,0,-2,0,2
,-12,-11,-4,-5,-2,4,-5,-10
,15,10,0,2,0,-3,-2,2
,-21,-17,-1,-2,-6,-8,-2,-3
,1,40,2,0,1,3,-1,-11
,-12,-17,2,4,7,1,1,3
,0,12,-1,-3,1,4,-4,-7
,-15,-73,-3,-1,-5,-16,-5,-4
,61,69,3,2,-2,2,1,9
,-8,-1,-1,-3,-1,-5,-1,6
,-9,0,-2,0,1,-6,0,-3
,-4,-40,2,4,5,4,4,3
,-26,-6,-3,-6,-3,1,-2,0
,8,34,-4,-4,-7,-14,-10,-4
,-1,-9,-6,-2,0,8,1,3
,-13,18,-6,-6,-7,-9,1,4
,-19,-45,-2,1,2,-1,-3,1
,32,22,3,0,-5,8,3,1
,8,1,1,3,3,-5,-5,-5
,-2,11,1,4,10,16,5,0
,-13,-25,-2,-4,-10,-16,-8,-5
,-13,-15,-1,3,6,5,1,0
,22,-5,-2,-1,-6,-10,-1,5
,3,60,0,-3,-2,6,0,-5
,-19,-33,-1,-2,1,0,-3,-3
,14,-12,-2,-2,-4,-2,4,0
,-27,-37,-1,-5,-3,-7,-6,-7
,34,32,1,0,1,6,1,3
,7,6,0,2,5,13,4,0
,-32,1,-3,-3,-3,-5,-4,3
,4,-9,-5,-3,-3,-8,-5,-4
,-15,-5,1,-1,1,-3,-1,-1
,-10,-29,-2,-1,-4,0,-1,1
,7,2,-1,0,-6,-4,0,0
,19,-2,-2,-3,1,13,3,1
,-20,-36,-3,-3,-5,-22,-8,-6
,-7,-17,-1,1,4,8,1,1
,-20,34,3,-2,-3,-6,-2,1
,49,41,5,-1,-3,-1,1,7
,-20,-15,-3,-1,-1,2,0,-6
,-17,-34,-5,-5,-3,-1,-4,1
,-4,-16,-5,-4,1,4,-8,-10
,-15,-15,-3,1,-5,1,5,2
,25,34,2,-1,-3,3,4,5
,1,7,2,4,1,-9,-2,-2
,-4,-13,-5,-4,-2,-5,-4,-2
,-40,4,-2,0,-1,2,-2,-7
,-8,-30,-8,-4,-5,-16,-8,-7
,-13,16,2,2,0,8,7,-1
,2,-17,-4,0,3,9,1,-2
,3,-6,-4,-1,4,-8,-7,-5
,-15,-28,0,0,0,-2,-2,-2
,39,63,2,-1,-1,-1,-1,1
,0,-14,3,1,3,6,1,-1
,-55,-9,-2,-3,-3,8,1,-2
,25,31,6,2,3,6,0,4
,-4,-30,-6,-3,-6,-21,-2,-3
,4,10,1,2,-1,-4,2,2
,-1,-16,-3,1,-2,-4,-4,-4
,-20,7,4,2,4,13,4,-2
,-7,-28,-3,-2,-3,-16,-1,0
,-10,-13,0,-3,-2,7,1,0
,28,44,-2,-3,-4,-6,-5,1
,-8,-4,0,1,2,2,1,3
,-14,-28,-7,-3,-4,-4,-1,-6
,0,10,2,1,-4,-8,0,0
,-6,-44,-2,-2,-3,-7,3,2
,17,53,0,0,0,21,1,3
,-7,4,3,-1,-1,6,-2,0
,0,-27,-6,-5,-3,-4,-3,-5
,-9,15,2,0,0,2,-1,2
,-44,-57,-5,-1,-2,-6,-2,-8
,23,15,4,-3,3,-2,-2,2
,2,73,5,2,2,25,-3,1
,10,-3,-2,0,0,-1,-2,-3
,-7,-32,-3,0,0,10,10,1
,16,28,0,-6,-6,-1,-18,2
,-13,-30,-4,-2,2,-11,0,0
,17,-8,-6,-4,-1,1,-2,-4
,5,0,0,1,-5,-7,-5,-3
,-1,0,-4,3,1,6,6,-2
,29,-19,-1,-4,0,-10,0,2
,-6,30,10,1,-1,6,4,6
,0,5,-4,-5,-5,-5,-3,0
,-17,-40,-4,2,4,7,1,-2
,6,-3,2,0,-3,-7,1,4
,14,35,-1,-2,-2,-4,-5,-11
,-12,-23,-5,-4,1,-3,-6,1
,-16,-27,-7,-7,-3,3,-1,-6
,0,18,-1,-2,-2,2,-6,0
,-7,-28,-3,2,2,4,2,0
,8,17,1,-4,-5,-6,-2,-3
,15,9,-1,1,0,-7,1,3
,7,27,1,3,2,6,6,-6
,-3,-7,-5,-4,-3,10,-7,-5
,-12,-14,-3,-1,5,-11,1,-2
,21,9,4,-1,1,14,-2,2
,5,-14,-4,-1,-1,-12,1,-1
,-10,-37,0,1,2,-5,2,-3
,9,29,-1,-1,-4,-3,-2,-5
,30,39,-2,-3,-2,-9,-4,2
,-6,5,-1,3,3,6,1,2
,7,-4,-2,-5,-3,-4,-3,2
,-16,-39,-6,-6,-4,1,-2,-3
,-4,15,2,-2,-5,-14,-1,-7
,4,-16,-4,-3,-4,5,-1,2
,4,28,6,3,7,1,6,6
,28,14,-1,-3,-4,-12,-5,2
,-26,-15,-2,0,1,4,0,-4
,-9,-2,1,0,-2,-12,-1,-2
,-4,-19,-7,-3,0,10,-4,-2
,22,33,3,6,2,7,0,2
,-5,6,-3,-3,-7,-1,2,1
,-14,-43,-4,-1,5,0,0,-4
,-19,-28,-4,-2,-4,-15,-3,-5
,-8,28,1,-2,2,-6,-1,-4
,10,-8,-2,3,3,32,12,-1
,-2,24,2,2,2,-15,-5,0
,-3,-26,-6,-2,-1,-2,2,-1
,3,-28,-6,-2,1,6,-4,-4
,-14,-11,1,3,0,-6,0,-3
,-21,-5,-2,-4,-4,-6,-1,-6
,14,30,3,-1,1,10,2,-1
,-3,-8,2,1,-1,-2,1,0
,-49,-20,-7,-3,-1,-2,-4,-8
,7,-2,4,-1,-6,-1,-4,0
,3,38,2,4,4,-4,2,7
,-11,6,-1,-3,-2,-2,-1,-5
,-6,-8,-3,-4,-6,3,0,1
,4,-11,-2,-2,1,-1,-3,-1
,-13,-10,3,2,-2,-3,-1,-2
,8,-3,-2,-5,-5,-12,-4,0
,3,6,2,-1,1,-9,-3,0
,-8,-4,-2,-2,-2,9,-2,-2
,25,32,1,-1,-1,-8,-1,0
,-4,-28,1,1,4,13,3,-1
,-17,-44,-6,-7,-7,-8,-5,-6
,-14,4,-8,-3,-1,2,-1,-4
,31,39,7,-1,1,6,2,6
,-27,-17,-4,0,0,-1,-3,-1
,44,7,2,1,1,-16,-1,6
,-6,-26,-3,-3,2,12,-3,-7
,4,-17,-2,-2,-2,-7,-5,4
,10,9,-1,-3,-2,-4,1,-3
,-3,11,1,2,2,-12,-2,-1
,9,7,-5,-2,-5,15,-2,0
,3,-9,0,1,-4,-8,-2,-1
,-7,-4,1,0,-4,-2,-2,-1
,-17,-47,-6,-2,-3,3,-5,-3
,28,32,9,5,2,-2,7,6
,-11,-24,-3,0,0,7,2,1
,0,41,-1,3,-1,-4,-3,-4
,-30,-21,-4,-2,0,7,0,-1
,6,-10,-5,-1,-1,-9,-3,0
,-14,6,3,0,-3,-7,-2,-5
,-27,-47,-4,-1,0,-2,-2,-2
,45,36,2,0,-1,6,7,8
,6,-4,1,3,2,10,2,1
,-3,-2,-4,-5,-5,-13,-3,-5
,14,19,2,3,2,2,2,6
,-9,-25,-5,-5,-2,10,0,-2
,22,63,10,-1,-5,-8,-1,5
,-17,-6,-7,-4,-3,-2,-2,-7
,22,-19,-3,-3,-4,-5,0,0
,11,30,5,2,1,0,2,0
,-32,-52,-8,-2,-2,-7,-4,-5
,-4,25,-2,2,-2,1,-2,0
,6,15,1,0,1,5,4,2
,-8,6,-3,-2,-4,1,-7,-9
,-8,-14,-3,-3,1,-1,-4,-3
,-13,-16,-1,-3,0,6,-1,-3
,1,14,-1,-3,-4,-3,1,1
,20,23,2,2,3,-2,-4,3
,-10,-73,-3,-2,-4,-12,2,0
,14,87,5,5,4,29,6,4
,18,-17,-2,-1,-2,-5,-5,-2
,-5,-16,-1,0,3,-3,1,0
,-14,6,-5,-4,-5,-7,-2,-5
,18,-6,1,1,-2,-5,-1,2
,-33,-17,-2,-3,2,3,0,-4
,8,37,4,1,-2,-2,4,3
,4,-9,-3,-3,0,-4,-3,-3
,-10,-25,-5,-4,-3,1,2,-1
,0,9,4,3,4,2,3,-2
,-24,-37,-6,-3,-1,-18,-7,-5
,-22,5,0,0,0,14,-2,-6
,3,47,-2,-3,-3,-5,-3,0
,18,-18,-5,-3,-3,3,1,5
,-20,-5,0,0,1,0,-3,-6
,1,47,4,-1,-1,-10,-1,-1
,-26,-54,-5,-4,0,-3,-5,-5
,-5,8,0,0,-1,3,-2,0
,16,19,5,5,6,-1,1,3
,-1,27,1,-1,-3,6,-2,0
,-5,-21,-6,-5,-6,-3,-1,-4
,-6,-15,1,0,3,5,-3,-4
,-5,10,3,-1,-7,-2,4,5
,45,-2,2,2,-1,0,4,2
,-4,7,3,1,5,1,1,8
,-6,-4,-3,-1,-3,-6,-2,-8
,-5,17,-3,-3,-2,4,-4,-1
,-11,-17,-8,-10,-7,-4,-2,-3
,8,-20,6,2,-3,-14,-7,0
,-8,-18,-3,0,0,9,2,-3
,16,61,2,1,0,5,-4,2
,5,-21,-2,0,0,10,-1,3
,9,-33,-5,1,-1,-7,-2,-3
,-4,32,2,-2,-2,-2,-4,0
,3,-18,2,0,-1,-11,4,0
,-30,-35,-10,-3,-4,-2,-9,-13
,12,15,-1,0,-1,1,-1,-2
,-24,-43,-2,0,5,0,3,1
,18,54,3,4,-4,-7,-5,-2
,-13,-5,3,5,10,-2,3,2
,-21,-53,-5,-2,-1,-9,-5,-5
,38,46,2,0,-1,0,-2,3
,-35,-54,-10,-5,-1,1,0,-9
,8,24,5,2,-1,4,5,3
,-24,-24,-5,-1,1,-2,0,-5
,8,24,0,-3,-2,-5,-1,0
,-10,-20,-2,-3,-2,0,-5,-5
,12,8,-1,1,3,-2,3,5
,1,1,-1,-4,-5,-11,-6,-4
,4,15,-5,-3,2,4,0,-1
,16,5,-1,0,-2,4,2,3
,-16,12,4,0,-3,0,3,2
,-1,-14,-2,-2,-2,0,-1,-3
,-20,-13,0,0,-5,2,1,-1
,6,-5,-2,0,0,-6,-3,-2
,10,34,2,-1,0,1,-1,1
,8,39,7,3,3,6,4,3
,-30,-36,-2,-1,-3,-10,-6,-5
,0,-17,-6,-5,-1,10,-3,-2
,13,19,0,-1,-1,-19,-4,-1
,-1,-15,-2,-2,3,22,6,-3
,0,12,-4,-5,-5,2,-4,0
,-23,-80,-3,-1,-3,-9,-8,-2
,40,86,6,4,1,-4,1,5
,2,-2,-2,-2,0,-5,-1,2
,7,-9,-2,-2,0,-7,-5,-3
,-9,-11,-4,-3,1,9,2,-3
,3,-23,-2,-5,-3,-1,-3,0
,-8,-47,-5,-4,-3,2,2,-1
,-10,61,5,3,-3,-6,-2,-5
,-7,-5,-2,-1,1,9,8,0
,-6,-28,-6,-1,0,-5,-6,-2
,-4,-28,-5,0,-1,2,0,-3
,13,8,2,-4,-4,-5,0,1
,1,14,2,-2,-2,-5,-1,-1
,-10,-30,-3,0,-1,1,1,-4
,17,-6,0,0,-1,-6,-2,2
,-13,26,5,0,2,15,1,3
,30,51,-3,-4,0,-4,0,1
,-15,-38,0,4,3,8,1,-3
,1,-10,-2,-1,-9,-26,-6,-1
,-2,6,-3,-1,-3,-6,-2,-3
,-6,-10,0,0,0,-3,-3,2
,-14,-12,-3,-2,1,2,-4,-5
,6,34,3,1,4,6,1,0
,2,-38,0,1,-3,-11,-2,-3
,-6,14,-2,-3,-3,-4,-3,-2
,-6,-2,-4,-6,-6,-9,-2,-3
,11,-13,0,-1,-1,4,3,4
,6,48,2,-2,-1,3,4,3
,-8,-41,-2,-1,-3,-12,-9,-6
,0,14,2,-1,-2,3,4,2
,1,38,1,-2,0,0,-4,-3
,7,-41,-8,-6,-1,-4,-3,-1
,1,-5,0,-2,-1,-4,-2,-2
,-17,-6,-3,-4,-1,1,-4,-4
,1,-12,-4,-4,-6,-2,-2,-1
,12,-25,-6,-3,-2,-11,-10,-4
,0,44,2,-1,-3,5,3,3
,-6,-25,-4,-5,-5,0,-4,-2
,-25,-22,-2,-1,0,3,2,-3
,4,36,0,2,1,4,3,1
,-1,-17,5,-2,1,-1,1,2
,7,10,4,2,4,4,-2,0
,5,19,-3,-3,0,-3,1,2
,-17,-52,0,3,-1,1,-1,-3
,-18,24,-3,-4,-3,5,-3,-3
,22,0,2,2,-2,-5,2,0
,8,48,4,2,1,1,-3,-1
,-2,-29,-1,2,1,5,2,1
,-3,-9,1,4,2,-5,0,-1
,-20,-11,-2,1,-5,-1,-2,-4
,33,21,4,-1,0,-8,1,11
,-5,-2,-2,-2,-3,19,-2,-4
,14,15,0,-1,1,2,2,-2
,-4,-6,-4,-2,-2,-7,-6,-2
,-35,-80,-6,1,0,-10,-4,-10
,11,88,4,1,1,-7,0,-4
,22,11,-1,-4,0,2,0,3
,-1,-17,-2,0,0,-2,-1,1
,-11,22,0,0,0,6,-2,-2
,-26,-48,-5,-2,-1,-9,0,2
,5,8,-2,-1,-3,3,0,0
,-6,-13,-2,-5,-3,-9,-1,-1
,11,53,4,0,-1,2,0,-3
,2,-35,-3,-4,0,1,-1,1
,-3,14,2,6,4,5,3,-2
,0,-7,-4,-4,-1,0,-2,1
,-3,-5,0,4,2,2,-1,-1
,11,-11,-2,0,-3,-3,0,-2
,-14,-46,-5,-2,-1,3,-1,-1
,2,45,2,-2,-2,1,0,3
,15,33,2,1,2,9,-2,0
,30,-2,-3,-4,-4,-14,-7,0
,-34,-25,-4,-4,-2,-9,-6,-3
,-19,-43,-6,0,3,8,6,-5
,50,48,15,5,0,0,6,21
,-7,-6,-5,-1,0,-4,0,-2
,6,-14,-4,-4,-3,-1,-5,-3
,-9,-11,-2,-2,-4,0,-1,-1
,-3,18,-4,-1,-3,-4,-2,-4
,-12,-21,0,0,0,-12,2,-1
,14,4,-1,-2,-1,14,-3,0
,6,-1,-1,1,0,-2,-1,-2
,-15,-35,-5,-1,-4,2,-1,-3
,-21,19,1,0,-3,3,0,-2
,-8,-2,-6,-3,-1,-7,-4,-6
,-1,-11,0,-3,-1,2,-1,1
,-6,8,-8,-7,-5,-7,-6,-8
,14,-5,-3,-1,-1,0,0,0
,2,0,-1,-1,0,-6,-2,0
,2,3,-2,-3,-2,-2,-2,-4
,-29,-59,-8,-4,0,-2,1,-6
,-11,37,5,2,2,8,2,1
,21,-2,-2,-2,-4,-2,1,0
,9,15,2,2,-2,-7,-4,2
,-15,-28,-4,-4,-10,-11,-7,-12
,5,-2,1,0,0,-6,-3,0
,11,11,5,2,0,-2,1,2
,-6,16,-1,3,0,0,-2,-1
,1,3,-1,1,4,0,-1,-4
,6,-27,-4,-2,-4,0,-2,1
,-12,35,4,0,-1,-5,0,0
,2,-27,-6,-4,0,9,0,-3
,-12,21,3,-2,-4,-6,-3,-3
,16,-9,-1,1,1,0,-2,0
,-7,3,0,2,1,-4,-2,-2
,-1,7,-1,-3,-2,3,0,1
,-11,-21,-6,-4,-2,-4,-5,-2
,-8,4,0,-2,2,2,-1,-3
,0,2,-1,-4,-6,4,-4,1
,-2,-2,-1,-2,-3,-2,-1,-2
,-7,-8,-6,-3,0,-1,-1,-1
,23,18,3,-4,-3,-3,-2,0
,0,-43,-12,-5,-6,-21,-1,-2
,18,-9,5,-6,-10,3,-8,-7
,9,31,2,3,7,29,11,3
,-20,-7,-3,0,-1,-6,-12,0
,0,-14,-5,-5,-1,1,1,-7
,-5,-32,-5,1,5,-10,0,4
,20,25,6,1,-1,-11,-2,0
,6,26,1,-3,-3,4,7,2
,-17,9,3,2,2,-10,1,2
,-3,10,0,0,2,12,0,-1
,0,-12,2,0,-2,-7,-3,0
,-14,-2,1,0,1,-1,0,-1
,-2,-25,0,1,1,1,-2,-2
,5,7,-1,-2,-1,-3,3,1
,9,22,2,-1,1,4,-1,2
,-1,6,3,1,0,3,0,0
,-9,-4,-2,1,3,7,5,0
,2,2,0,2,-4,-7,-10,-3
,-16,-26,-4,-1,2,1,0,-2
,-7,-26,-6,-2,-2,-3,-1,-4
,2,31,2,1,3,4,-3,-6
,-6,12,7,5,6,-1,7,3
,-19,-74,-11,-9,-11,-13,-12,-5
,18,46,-1,-2,-5,-1,2,-5
,11,21,2,1,-1,4,1,4
,13,32,1,0,-1,0,-1,1
,-7,-19,-2,-1,0,1,0,0
,-10,-46,-5,-4,-1,-9,-5,-1
,0,14,1,-3,-4,0,-2,-3
,-25,-3,-6,-3,-4,-16,-4,-4
,3,14,-4,-4,-5,24,2,-2
,-14,-9,1,3,-1,-1,3,4
,3,1,2,1,-2,2,-2,-3
,14,12,-1,-1,-2,-6,-3,3
,-23,4,-3,-2,1,4,2,-5
,4,-29,-7,-2,-1,-2,-5,3
,-10,-23,2,1,0,-5,0,5
,20,41,4,1,2,6,2,0
,-15,-26,-1,-1,1,-8,-2,-3
,17,47,1,-2,-2,-2,1,2
,10,-16,-1,0,0,13,2,0
,-5,-15,-10,-4,0,-1,-5,-4
,12,23,7,4,0,-9,-1,4
,-9,-21,-1,1,-1,-3,-8,-7
,-13,-17,-7,-2,0,0,-1,-2
,7,-10,0,1,-1,-6,-1,2
,15,54,3,-2,-5,-2,-2,-1
,2,-12,-1,0,-1,1,1,-1
,2,0,-2,-2,-1,0,-2,0
,-12,-25,-4,-3,-1,1,-1,-3
,4,2,0,2,3,-8,-1,1
,-4,-3,0,1,0,6,5,-1
,-11,-23,-6,-2,-6,-5,-3,-6
,-7,17,-1,-2,-2,-2,-1,1
,-5,24,-3,-5,-5,-7,-6,-5
,-6,-1,-5,-2,1,0,-1,-4
,-3,-42,-4,-4,-5,2,-6,-2
,-12,-14,-3,-2,-2,-4,1,-2
,7,43,5,2,1,4,2,3
,0,-18,-2,-2,0,4,0,2
,-16,20,-3,-2,0,-3,-2,-8
,-4,-21,-3,-1,-2,-2,-4,-3
,13,-48,-7,-1,2,4,6,-1
,-45,-20,-8,-9,-8,-9,-9,-10
,51,26,7,6,4,-9,3,11
,-4,16,1,0,-1,2,2,0
,-15,-32,-5,-2,1,16,0,0
,3,6,2,-1,-3,0,-1,1
,-3,-20,-4,1,1,-3,-3,1
,-6,-18,2,-1,-2,-2,2,-1
,17,26,2,-1,-1,-10,-1,2
,17,30,-1,1,0,4,-1,0
,-9,9,-1,-3,2,0,-1,-2
,13,-15,0,0,-1,2,4,2
,-26,17,2,0,1,1,-3,-5
,1,-21,-1,2,2,-7,0,0
,-29,-2,-7,-10,-10,-7,-7,-7
,16,46,0,-2,2,14,-4,-5
,-4,-54,-14,-7,-6,-10,-8,-6
,-2,11,7,7,3,-4,10,4
,-2,-24,-5,-3,-1,0,-1,-2
,-10,41,3,-2,-4,-2,-3,-1
,-7,-18,-2,-2,-1,0,0,-2
,26,18,-2,-5,-7,-1,-5,-3
,-3,-8,2,1,2,1,3,3
,3,-17,-4,-2,-1,-5,2,-1
,9,-3,-2,0,1,-7,-1,-1
,-8,-19,0,-1,-1,6,-3,1
,5,32,-1,0,-2,3,0,-5
,-5,-9,1,-1,-2,-1,-2,1
,9,21,2,-1,-5,-8,1,4
,-9,-43,-7,-3,-5,-14,-8,-4
,-1,20,-3,-9,-6,-3,-4,-2
,11,-47,1,7,3,2,0,3
,-4,24,3,-2,-2,-9,1,-1
,9,22,1,0,2,16,1,-1
,19,4,-2,1,-2,-9,-2,3
,-8,-14,-8,-8,-5,-1,-2,-8
,-6,-29,4,6,6,2,3,5
,3,7,-1,-2,3,-1,2,-1
,-17,7,1,2,0,-6,-3,-1
,-4,-17,-3,-5,-2,-4,0,-1
,-7,-14,-3,1,1,7,-5,-4
,-3,18,0,-3,-1,-1,1,1
,-9,-15,-3,-1,-2,-3,-1,-2
,-1,-3,3,-2,-2,-12,-4,0
,3,9,2,-1,-2,1,-1,2
,18,22,2,2,-1,0,1,3
,-10,-49,-1,1,3,15,6,0
,-9,36,0,2,3,1,1,2
,14,6,-1,1,-2,-1,-3,-3
,-2,-14,-2,-2,0,-5,-2,0
,19,-11,-1,-2,-2,11,1,0
,4,27,0,-1,2,2,1,1
,-3,-13,0,-3,-4,-4,-2,0
,-12,5,-2,0,2,-4,0,-3
,0,9,3,0,-3,3,2,3
,-1,-27,-4,-2,-2,-6,-3,-1
,6,16,-1,1,0,-3,1,-1
,-10,-22,-1,-1,1,21,5,-3
,-10,46,1,4,2,-12,-1,0
,-6,-6,1,0,1,13,0,-3
,-5,-7,-4,-5,-3,-2,-3,-2
,0,-22,-4,0,-1,1,-1,0
,11,-7,4,0,0,4,1,3
,-9,-4,-3,0,-3,-21,-5,-4
,10,48,1,-3,-3,-4,-1,3
,-3,-4,0,-1,-3,1,2,-2
,-12,-10,-6,-3,-1,-6,-5,-3
,1,-31,0,-1,-1,-3,3,1
,12,24,3,-1,-1,-7,-5,2
,0,4,-1,-1,-3,-3,-3,-1
,1,11,-2,-3,0,6,3,-2
,-23,-10,-5,-2,-1,0,-4,-5
,11,-14,-2,-3,0,5,2,-1
,0,5,-3,-5,-1,-3,-4,-3
,-12,-15,1,2,1,-1,-4,-5
,7,2,-5,-5,1,6,-1,2
,4,-13,-1,-3,-5,-2,-3,-3
,-6,2,-2,1,1,-3,1,-4
,3,-19,-1,-3,-5,-6,-3,-1
,2,13,4,1,1,-4,-1,0
,-18,-7,-3,-2,-4,-3,0,-4
,-14,13,-2,-2,-4,6,-7,-2
,-6,-16,-6,-5,-2,-6,1,-2
,19,33,4,-1,-4,-4,3,1
,-18,-34,-6,-1,0,5,0,-4
,3,-16,-1,0,3,-3,-3,1
,6,12,2,0,-2,-4,-4,1
,-5,7,-3,-4,-10,-17,-3,-4
,-9,-29,1,-2,-3,18,-2,-4
,9,10,0,-2,-1,-5,-1,3
,-2,26,1,-1,-1,-2,1,-2
,-1,0,3,0,0,3,3,4
,-16,-25,-2,2,0,-6,-2,-2
,8,18,2,2,-1,-5,2,1
,13,-3,2,0,3,11,4,3
,3,5,-1,-1,-3,-9,-2,-1
,2,-13,-4,-3,-3,3,-1,-4
,-19,-8,-1,-2,-2,3,0,-4
,19,-4,-4,-3,-4,-10,-1,3
,13,18,0,-2,-1,13,-3,0
,2,24,1,1,0,-7,-3,1
,1,-17,-4,-2,-1,-6,-1,-2
,3,-4,-4,-3,-3,-4,-2,0
,7,-5,-1,-1,0,10,-2,0
,-13,-7,2,1,5,4,5,-1
,0,-12,-3,-2,-1,-8,-5,-3
,-17,-2,-5,-2,2,2,-2,-7
,6,-3,4,3,1,-7,-7,0
,11,38,1,0,2,3,1,-1
,-10,-17,-2,-3,-1,1,2,-2
,-31,-16,2,6,1,4,1,-2
,-13,-35,-9,-3,-2,-3,0,-4
,8,30,2,-2,-2,-5,-2,2
,17,-7,1,-3,-2,7,-1,5
,2,2,-2,-2,-2,-10,-2,-2
,-20,-7,-1,-2,-1,12,-1,-3
,-4,-7,-5,-4,-3,-4,3,2
,-4,-5,-1,0,-1,3,2,-2
,-3,3,2,1,-2,0,-2,3
,9,5,-2,0,-2,0,1,-3
,1,-18,0,3,3,0,-2,-1
,-1,0,2,-1,-2,-4,-1,0
,-6,13,0,-2,0,-6,-3,-2
,-15,26,1,2,2,-3,-2,-1
,21,16,-1,0,-2,1,-1,1
,-18,-38,-7,-2,-3,-4,-2,-6
,9,11,3,-1,-2,-3,-1,-1
,9,-11,-2,2,2,2,0,-1
,-9,9,1,3,2,-6,0,-3
,7,10,2,-1,-4,13,3,-1
,6,-7,-3,-4,-3,-3,-4,-2
,1,-46,-5,1,3,2,2,-1
,1,31,-2,-5,-7,-21,-3,-2
,0,-3,-1,0,2,6,0,-1
,-4,-13,-1,-1,-3,-4,-2,-4
,8,30,3,-1,-1,-3,-3,-1
,-20,-38,-7,-1,-3,-2,-3,-2
,9,15,0,-4,-3,-18,-2,-3
,24,20,2,-1,2,-3,0,7
,-8,-9,0,-2,0,-2,1,1
,2,-4,-3,-3,1,4,1,-3
,3,5,1,1,-1,-6,-1,0
,13,-6,-3,-2,-1,6,-1,-4
,-39,-41,-6,-4,-9,-7,-4,-8
,6,12,3,1,1,8,1,3
,-1,59,1,0,-1,-5,-4,-1
,-12,-47,-5,-2,-4,-11,-2,-3
,5,67,2,-2,-1,7,-1,-2
,1,-19,-6,-2,-2,-5,-6,-6
,-14,-21,3,2,0,-2,3,-2
,-4,10,0,0,1,1,1,1
,17,5,-1,-1,0,-1,4,4
,-26,-48,-5,-2,-5,1,-7,-8
,21,8,-2,-2,-2,-7,-3,2
,-18,23,1,-2,-3,0,0,1
,-7,-18,-1,-2,1,4,0,-4
,5,-1,-1,0,-1,-13,1,4
,-9,-38,-5,-3,-3,0,-5,-3
,11,42,6,2,0,4,6,1
,-6,-39,-6,-5,-3,-20,-7,-2
,6,43,4,-3,-1,21,1,0
,-2,-3,-1,0,2,-7,-3,0
,1,-10,-2,-2,-2,-1,-1,-6
,7,2,0,0,1,0,3,4
,8,-10,0,-1,2,0,1,1
,-12,20,-1,-2,-5,3,3,-2
,12,-13,-4,-2,-1,-8,-7,-1
,17,11,2,2,1,-4,-2,-2
,-16,-2,0,2,2,2,1,-2
,-4,-14,-6,1,0,6,-1,0
,-6,-18,-5,0,3,2,-1,-2
,-16,-30,-5,-3,-4,-6,-3,-4
,6,42,5,0,3,2,1,4
,3,-6,-5,-2,-4,-7,-2,-3
,5,5,1,-1,-2,3,-2,-1
,-9,-13,-3,0,-1,2,0,-2
,-9,-36,-4,-3,-1,0,1,-6
,-3,6,-1,-2,1,2,-1,3
,-9,-7,-3,-2,-1,-1,-4,-2
,-3,19,1,-2,-5,-1,-2,1
,1,-12,-3,-4,-3,-8,-3,-1
,-7,8,-1,0,1,2,-2,-5
,-1,-11,-1,-2,-5,-4,1,1
,-1,1,1,2,-1,1,0,1
,-12,-37,-7,-2,-3,0,0,1
,-2,-8,-1,-6,-6,-7,-3,0
,31,54,3,3,1,10,2,3
,-11,-3,-4,-2,0,0,-2,-1
,10,-3,1,2,-2,-9,0,2
,21,26,1,-2,2,12,2,2
,-36,-89,-6,0,0,0,-1,-3
,25,106,9,5,4,1,7,4
,-3,-19,-4,-3,0,-4,-3,-1
,-1,-12,-2,0,-3,-6,-1,1
,-7,4,0,-2,-1,-3,-5,-3
,-6,-24,-5,-2,0,-6,-5,-4
,-9,17,-1,-3,-3,12,2,-4
,-4,10,-4,-5,-5,-15,-6,-4
,-2,0,-2,-1,-4,2,1,-3
,0,-31,-6,-5,-5,-7,-5,-2
,21,20,-2,-3,-6,2,-3,-1
,-6,-13,1,0,-1,-6,-3,-1
,6,44,1,-2,-1,-1,1,-1
,3,-17,-4,-1,2,3,-2,0
,-6,-11,-3,0,2,-4,-2,-3
,-18,-34,-3,-1,0,10,-1,-3
,21,55,5,1,1,-8,-4,4
,-10,-39,-1,4,4,10,5,-1
,25,43,0,-3,-7,-17,-11,-2
,-22,11,4,4,-1,-8,0,-4
,1,-10,-5,-2,0,-2,-3,-3
,-10,-10,-2,-2,-4,-4,-3,-1
,-3,-18,0,1,0,1,-1,2
,-8,-9,-8,-1,1,2,-2,-4
,-15,-38,-7,-4,-4,-1,1,1
,19,58,6,2,3,4,0,3
,-12,-40,-2,-2,-2,-1,1,0
,14,17,-2,-2,1,-3,0,-1
,-15,12,-2,-3,1,6,-2,-3
,-9,-19,-1,1,0,1,1,4
,1,-4,0,4,5,4,3,-1
,4,8,0,-1,-3,-10,-5,1
,-3,-19,1,1,2,3,-1,-2
,13,10,-1,-2,-4,-4,-4,-1
,-2,10,-1,-2,0,-1,1,2
,2,-14,-1,1,0,1,3,2
,-1,-41,-6,-2,-1,-13,-1,-3
,3,60,5,0,-2,12,0,-1
,-9,-20,0,-1,-1,-10,-3,-5
,-15,8,-3,-1,5,5,0,-5
,-2,-8,-3,-2,-3,-3,-5,-1
,-5,-23,-7,-3,-4,0,-1,-1
,-10,-4,-3,-3,-2,-4,-4,-4
,-13,-45,-1,0,2,5,6,2
,35,86,8,5,3,4,2,7
,-5,-9,-2,-3,-3,-9,-2,-2
,14,16,2,0,-7,4,0,0
,-1,-16,-1,0,3,3,0,3
,-23,-56,-7,-3,-2,4,-1,-6
,12,37,6,4,5,4,2,2
,6,29,-2,1,1,-3,0,0
,15,-9,4,2,1,-1,-4,-4
,-2,35,1,-1,-5,0,1,0
,-21,-45,-10,-5,-4,-4,-5,-7
,-21,1,0,0,-1,3,1,-1
,23,30,-1,-3,-4,-7,-3,1
,-7,-12,-1,-1,0,1,1,-4
,-2,-10,-2,-3,0,-3,1,-2
,-6,-3,1,2,0,-3,-3,-2
,-7,-2,-8,-3,-3,1,-2,-4
,-6,-14,4,4,1,-6,0,0
,14,-29,-3,-2,-5,0,-1,1
,6,16,-1,-2,-3,-8,-2,3
,10,8,3,-2,-2,9,0,1
,-13,-13,-4,-6,-4,-4,-1,-3
,0,-9,-1,-1,-1,-3,-3,-2
,-2,-28,-4,-5,-1,5,-1,-3
,3,-6,1,1,1,-4,3,-3
,6,22,0,1,0,1,2,4
,3,-6,-1,-3,-4,1,-2,-2
,2,-6,2,1,1,0,-1,1
,-18,22,2,2,0,2,1,-1
,8,-29,-6,-4,-6,-5,0,-1
,2,5,-2,0,-1,-10,-2,0
,3,-7,-2,-1,4,0,0,-6
,-6,4,-5,-5,-4,-11,-4,-5
,-1,9,3,-4,-3,14,-1,0
,-4,4,-4,1,-1,-7,-2,-1
,-2,-22,-2,-4,-5,0,-4,1
,4,12,0,1,-1,3,2,2
,-1,-12,-5,-2,-2,-4,-1,-3
,0,4,1,-1,2,2,1,-1
,-6,7,-1,0,-1,-5,-2,-3
,12,21,-1,-3,-4,-4,-4,1
,-35,-39,-3,-3,-2,0,-2,-5
,10,36,3,1,0,4,1,2
,-7,-16,-8,-2,-1,0,-2,-6
,-1,18,3,0,-3,2,0,1
,0,-35,-9,-4,-2,-7,-6,-4
,4,42,5,0,-3,3,-1,0
,-51,-20,-4,1,0,-1,0,-4
,21,13,1,-1,-3,-3,-1,3
,-1,7,0,2,4,-1,-2,-4
,-3,-22,-1,-1,0,-2,0,-2
,-3,-7,-2,-2,-1,-1,-1,0
,-19,-27,-5,-3,-1,0,1,-2
,9,31,0,2,0,2,3,-1
,3,-18,2,-1,1,0,-2,0
,6,16,5,2,0,-1,1,1
,-4,-25,-3,-3,-1,-1,-2,-2
,11,23,0,3,-2,0,-1,0
,-22,-9,-8,-4,3,1,0,-1
,7,8,1,0,-3,-6,0,0
,-11,-14,-2,1,2,5,5,-2
,6,2,3,1,1,-3,-2,0
,0,-11,-4,-3,-4,2,-7,-2
,12,16,-1,-2,1,-1,1,1
,15,10,-4,-4,-5,-6,-7,0
,-1,20,4,6,7,3,3,1
,-8,-19,-1,1,-2,-2,1,-1
,19,-4,3,0,-1,4,2,6
,-16,10,0,0,-1,-2,-2,-4
,15,44,6,6,5,4,-1,4
,1,-8,-2,-2,-1,-17,-2,0
,-7,-8,-4,-2,-2,10,-3,-4
,-14,-3,1,3,4,6,6,-2
,-6,-25,-4,-6,-8,-9,-4,-2
,-12,9,-4,-2,-1,-5,1,-1
,6,-30,-2,-2,-4,-6,-3,1
,8,42,0,-3,-3,-3,-6,-1
,-4,-2,-5,-4,0,11,0,-2
,-12,9,1,3,-1,2,0,-3
,-9,-33,-6,-4,-1,-8,1,0
,12,24,1,-2,-3,6,-4,1
,-7,-14,1,-2,-1,-5,-2,-2
,-1,9,2,-1,0,5,1,2
,2,27,-2,-5,-8,-12,-5,-2
,1,-2,-3,-1,1,-6,0,-2
,-7,-34,0,1,2,-4,3,-3
,-7,2,-5,-4,-3,7,2,-3
,-3,18,6,3,3,0,-5,-4
,17,-11,-3,-3,-2,-2,1,2
,-12,-25,-6,-4,-5,-3,-2,-1
,5,22,-1,-3,-2,-7,0,1
,-6,-16,-6,0,-2,5,-2,-5
,9,-2,1,0,-1,-4,-2,0
,-9,-31,-1,0,-1,-1,0,-2
,5,14,-1,-2,-5,-2,-7,-2
,15,26,-2,-5,-3,1,-2,3
,-36,-55,-4,0,-1,-3,1,-2
,14,49,-1,0,-3,-8,-3,2
,7,-36,-1,-1,0,4,-1,-3
,11,15,2,2,4,6,0,0
,-7,-5,-2,-2,-5,-7,-5,-3
,2,25,0,0,-1,-2,2,4
,9,2,-1,-2,-2,4,-1,1
,-15,-7,1,-1,-1,-3,2,-2
,-17,-27,-5,-5,-2,-2,-2,-3
,13,-5,1,0,1,4,1,4
,12,19,-4,-8,-8,-15,-6,-3
,-1,-41,-4,0,2,15,-1,-2
,2,38,4,0,4,-4,2,-1
,-4,-18,-6,-4,2,16,-1,-6
,4,-1,2,4,1,-3,3,7
,-8,-22,-5,-3,-7,-9,-2,-1
,15,-9,2,4,2,2,3,-1
,-5,-11,-1,-1,-3,-9,-4,-1
,-14,14,-5,-3,0,-2,-4,-7
,8,20,1,0,-1,-5,2,1
,-4,-25,0,0,2,13,-1,-2
,11,30,1,-2,-3,-10,-5,1
,-11,-28,0,0,3,9,0,-6
,-16,7,-5,-8,-7,-17,-11,-6
,16,1,-1,1,2,1,3,8
,-12,-30,-5,-3,-1,-7,-1,-3
,-3,9,1,-4,-7,-7,-4,-5
,0,19,1,2,5,6,3,1
,0,-23,-5,-6,-6,-1,-2,-2
,1,6,-4,-4,-6,-4,-3,-5
,-11,-19,0,2,1,6,3,-3
,1,0,-1,-1,0,-5,0,1
,5,37,1,5,-1,-3,1,0
,-19,-10,2,0,-2,-1,-2,-4
,8,13,-5,-3,-5,-5,-1,-5
,-4,-12,3,1,4,-4,2,1
,-19,-41,-3,-1,-1,18,-6,-4
,0,61,8,1,-1,-1,1,2
,2,-43,-2,2,-1,-1,0,2
,-4,-14,-4,1,-3,-5,2,1
,16,39,5,3,0,-8,-1,-2
,-20,-35,-2,-1,-2,-3,-1,-4
,30,-3,-2,-3,0,5,-2,6
,2,11,2,-2,-1,1,1,0
,2,-1,-3,-4,-5,-9,-4,-3
,5,-10,-4,-4,0,6,0,1
,-10,-15,2,3,5,-4,3,-2
,4,39,-2,-1,-4,4,-1,4
,-17,-34,-3,-2,-2,-9,-7,-3
,4,9,-1,1,1,2,1,0
,-13,-31,-2,-2,-3,-5,-4,-2
,26,24,4,2,2,5,5,5
,-14,-21,-7,-4,0,5,0,-4
,22,-11,-1,0,0,-3,-8,1
,-18,42,6,2,3,3,-1,1
,6,-16,-3,-5,-3,-2,-3,-5
,-11,-4,-3,-1,-1,-7,2,0
,14,2,-4,-4,-5,-2,-1,-2
,-3,-25,-4,-1,-2,0,0,-2
,-5,22,-1,-3,-5,-6,-5,-4
,14,18,-1,-7,-4,-3,1,2
,-19,-10,-4,0,-2,1,-3,-3
,-4,2,1,-2,-1,-1,3,-2
,-15,-30,-3,0,-1,2,-1,-3
,-8,6,-3,-4,-6,-1,-3,-3
,12,12,1,-1,0,0,2,3
,12,25,3,-1,-2,-4,-1,1
,-6,-36,-5,0,-3,-3,-1,-5
,-2,31,4,5,4,-1,-1,2
,-12,-14,-1,-3,0,5,3,-5
,9,-14,-2,0,-1,-1,-1,3
,4,9,0,-1,2,0,1,-2
,-9,-7,0,-1,-1,-4,-5,-1
,20,17,0,-1,-1,-12,-2,-2
,-3,2,-2,0,1,17,6,2
,-1,0,-2,-2,-1,-1,-3,-4
,-5,-26,-2,-2,-4,-5,2,-1
,9,18,0,2,8,5,3,-1
,6,-6,0,1,0,-12,-3,-1
,2,-14,-3,-3,-3,7,-3,-1
,1,0,1,0,2,4,3,0
,-15,-48,-2,-1,-1,1,2,-1
,-8,43,4,0,-1,-1,-9,-3
,-4,1,-5,-4,-3,-4,-3,-4
,5,9,2,-2,0,-1,-3,-2
,-3,-11,-8,-6,-3,1,3,2
,-15,-41,-6,0,-1,-13,-4,-5
,-7,14,1,1,-1,24,2,2
,29,12,0,0,0,-8,0,1
,-12,-4,-5,-2,-2,-4,-6,-5
,14,38,3,2,1,4,6,6
,6,-9,1,4,6,-5,2,1
,-10,4,2,3,3,16,0,-3
,14,-5,-2,-2,-1,2,-3,3
,-12,-22,-4,-2,-2,1,-1,-4
,-11,-26,-4,-2,1,-5,-1,1
,35,33,4,4,-2,-2,3,7
,-4,35,0,-1,-2,-12,0,-4
,-12,-39,-6,-4,3,10,-2,-4
,12,18,-1,-4,-4,-5,-1,0
,-47,-42,-4,-1,2,4,1,-3
,-2,35,6,2,-6,-7,0,2
,35,11,0,-1,-2,-12,1,-1
,-3,-25,2,2,1,10,1,2
,21,21,-3,-6,-5,-7,-5,-2
,13,-1,2,2,4,9,3,0
,-19,-60,-8,-5,-1,2,-6,1
,9,58,4,3,-4,-13,0,0
,-19,-21,-3,-3,-4,-8,-10,-8
,18,-13,-1,-1,-1,-1,2,1
,-4,13,0,-3,-7,-2,-3,1
,-13,-45,-5,-1,1,0,3,-2
,-41,32,0,-4,-7,-2,-3,-7
,50,-4,-2,0,1,-2,-2,13
,-83,27,3,6,3,-3,-1,-16
,43,3,-5,-6,-6,-10,-1,21
,-23,1,-2,0,2,-6,2,-3
,-35,-55,-6,-5,-2,4,0,-7
,56,85,3,-1,-3,9,1,5
,-27,-65,-4,2,5,3,-2,-9
,49,57,-1,1,-2,-13,-1,8
,-38,20,-3,-2,-3,-2,1,-3
,27,-25,-3,-1,-3,-6,-9,-3
,-14,7,0,-2,0,-3,2,-7
,23,-23,2,-5,-5,7,-7,-3
,-34,6,0,-1,1,1,-4,-2
,24,-3,-2,-4,-1,1,2,-2
,1,40,2,-2,-1,-2,-1,-3
,-37,-91,-11,-4,-2,2,-2,-7
,32,107,12,4,2,2,2,2
,-4,-46,-3,-2,-3,-7,-2,-2
,-19,27,-7,-7,-8,-7,-3,-10
,8,-18,-7,-2,-1,-1,1,0
,-1,-16,0,-2,-6,-3,-4,-4
,2,-4,-3,-4,-3,0,2,-1
,-25,-8,1,-1,-1,-2,-2,-7
,1,-14,-2,-3,-4,-3,2,5
,-3,-5,-3,-2,-2,-6,-5,-9
,10,-20,-4,-4,-3,-21,-2,3
,-19,29,7,5,5,27,3,-2
,46,-38,-3,1,-3,-1,0,2
,-15,50,6,3,1,-1,-2,1
,-51,-26,-5,0,2,2,0,-7
,20,-9,-6,-3,-4,-10,-10,1
,7,-3,-1,0,7,3,5,3
,-6,-18,-5,-1,0,-12,-1,-3
,-17,6,-3,-2,-2,9,0,-3
,16,-7,-5,-2,-5,-14,-5,-1
,-15,22,2,0,0,-7,-2,-1
,-3,-43,-5,-4,0,8,4,-3
,-3,-20,-5,-2,-2,-1,-2,-2
,26,31,0,-3,-1,-6,0,6
,-14,25,1,0,-4,-8,-4,-2
,18,-8,-5,0,-1,14,-1,1
,5,-3,1,0,0,-3,-3,2
,-19,-49,-4,-2,-2,1,1,-10
,-7,7,-5,-4,-5,4,-1,-3
,-10,-62,-1,-1,1,-13,-2,1
,7,92,7,1,2,22,2,2
,12,-3,0,-2,-4,-9,-14,-5
,-14,-6,-4,-2,-1,3,0,-2
,-12,-17,0,3,-3,-12,-3,0
,11,-14,5,2,2,6,5,5
,-29,-20,-9,-4,-1,-7,-3,-8
,8,56,7,2,-1,3,3,1
,12,0,-1,-2,-1,1,-1,1
,-9,-30,-4,0,2,-5,-3,-2
,-11,14,5,1,-1,6,6,0
,6,-23,-7,-3,-3,-4,-5,-6
,0,1,-1,-2,1,-2,-13,-4
,-20,-22,-1,-2,-4,-10,0,-2
,18,24,5,6,4,5,4,5
,-12,-27,-2,-1,2,1,-2,1
,-31,-56,-8,-8,-13,-8,-4,-10
,36,102,8,0,0,3,5,9
,-12,-53,-5,-3,1,11,0,-3
,12,15,4,3,3,-3,3,0
,-7,-8,-1,1,2,3,4,7
,4,-38,-8,-5,-3,-3,-6,-4
,13,-18,4,2,-1,-4,1,1
,7,41,4,1,2,3,4,0
,-7,41,-2,-3,-3,-3,-6,-8
,6,-8,-4,-2,1,0,2,-2
,-7,1,1,-1,1,-3,1,5
,-6,-64,-1,2,2,2,-1,-1
,21,28,3,-1,-2,-1,2,4
,-14,47,1,-2,-5,-19,-7,2
,-9,12,-2,-2,1,15,2,-2
,-1,-27,-4,-4,-5,-2,-8,0
,-9,7,3,1,1,1,5,-3
,20,-25,-7,0,-2,-6,-2,-1
,-14,11,1,0,-1,0,2,0
,36,26,-2,-5,-6,-6,-1,1
,-18,-11,-5,-2,-1,-10,-6,-6
,-8,-15,-3,-4,-5,-1,-1,-2
,3,-4,-7,-5,-2,-2,-6,0
,-2,-19,2,1,-6,-3,-3,-2
,5,0,-2,-1,-1,-1,1,3
,4,2,5,-2,-2,-1,2,-2
,4,-9,-5,-2,-4,-12,-8,-1
,-20,-6,2,-2,3,2,1,-1
,14,0,-3,0,1,6,1,2
,-21,-12,2,2,-2,5,3,-1
,4,2,-2,-1,-1,-6,1,0
,-7,17,-4,-2,0,-2,-1,-3
,2,-3,2,0,1,10,3,2
,-8,-1,-6,-4,-2,-1,-5,-6
,-6,-30,0,-3,-4,-7,0,-4
,-23,0,-1,0,0,-3,-4,-2
,18,-8,0,1,2,6,4,5
,7,22,-1,-1,1,-12,-1,-5
,5,3,2,0,0,11,0,-4
,-24,-48,-8,0,8,7,4,-8
,-1,15,3,-1,-5,-19,-5,-2
,-3,-4,2,3,2,8,-3,1
,7,-17,-1,-2,-4,-6,-1,3
,5,45,-1,-4,-2,-1,-1,0
,-15,-12,-9,-4,-4,-6,-7,-8
,15,-10,-1,-2,-2,0,-4,0
,-3,11,2,2,3,-3,0,0
,16,4,2,4,0,8,3,1
,17,-4,-2,-3,1,-2,-1,3
,-10,-33,-5,2,3,5,5,-3
,-13,19,1,-2,-8,-7,-5,-5
,-10,-40,-4,-2,-1,0,-3,0
,27,27,3,-2,0,0,2,-1
,-1,28,0,-2,1,2,-3,-2
,-37,-33,-5,3,4,6,-5,-8
,7,-59,-5,-2,-8,-6,-1,3
,-23,48,6,3,-3,4,-1,-10
,-10,4,-3,-2,-1,-2,2,2
,14,0,0,-1,-1,-5,1,4
,-22,-8,-3,-2,-5,-1,-4,-3
,3,15,3,1,0,-1,2,3
,-11,-61,-2,-1,-2,2,-6,-3
,40,102,7,4,4,-7,4,7
,5,11,-1,0,-2,-7,-2,2
,-3,-25,-1,0,-1,6,1,2
,-13,-4,-3,-3,-4,-5,1,2
,8,-9,2,0,1,7,3,-1
,26,6,0,0,2,6,-1,1
,2,-25,-8,-4,-9,-5,-3,-5
,24,50,9,5,1,-3,3,9
,-19,-39,-9,-5,-2,-5,-7,-5
,10,29,-2,1,2,7,-2,-1
,-16,-42,-2,-2,-3,-2,-3,-1
,-1,-17,-2,-5,-3,-6,-3,0
,-1,56,3,-1,-3,-6,-1,1
,-10,-33,0,-3,1,2,1,0
,-13,-26,-3,0,0,-7,-6,-1
,-3,55,-8,-10,-11,-7,-8,-11
,21,21,5,3,-2,-7,2,7
,-7,11,-1,-3,-3,-5,-2,-4
,-6,-32,-7,-6,-2,0,-5,-2
,-18,21,3,2,-3,-7,-2,-2
,9,-13,-3,-1,4,20,2,0
,-17,21,-1,-1,-3,-7,-3,-5
,24,21,2,2,4,10,4,5
,-7,-42,-3,-3,-3,-1,-3,-3
,-14,-20,-2,-1,-3,-4,-4,-3
,0,12,3,2,1,1,4,4
,-2,6,-4,-3,1,17,8,1
,2,-18,-7,0,6,-1,-1,-2
,4,-2,3,3,1,-6,0,-2
,2,5,-3,0,-4,-10,-4,-4
,-15,-7,-1,0,-2,-5,-3,-3
,8,6,0,0,1,5,2,1
,-18,-50,-7,-5,-1,2,-1,-2
,7,43,3,-5,-1,-3,-2,-1
,4,-35,-7,-3,-5,5,-7,-9
,56,70,13,6,3,1,6,18
,-8,-19,-7,-4,-2,-5,0,-5
,-8,-20,1,0,-3,-7,-4,1
,-8,-7,-4,-2,-2,-2,-2,-5
,-9,-51,-6,-4,-5,-5,-5,-5
,-2,0,-1,-1,0,0,5,-6
,20,15,1,-1,3,-5,-1,6
,-15,29,-1,-2,-2,-1,1,0
,-13,-50,-3,2,1,6,1,-2
,3,39,3,2,-1,-14,-5,2
,-19,-24,-6,-2,2,12,2,-4
,8,17,6,4,2,-13,-4,4
,-8,-40,-6,-4,-5,-7,-6,-5
,-28,3,-7,-4,-6,-3,-6,-3
,2,-13,1,0,-3,-6,-2,0
,25,59,7,0,0,-1,3,5
,-7,-13,0,0,2,3,-2,-3
,-22,-54,-12,-6,-6,-2,-4,-4
,30,22,5,5,0,-2,2,1
,0,-15,1,-2,-2,-5,0,2
,-15,-18,-1,-3,-1,-2,-4,-6
,-31,38,1,-2,-4,-7,-4,-11
,23,26,0,-3,0,4,0,5
,-22,-43,-5,2,0,-6,0,-5
,-12,46,-3,-3,0,0,0,-2
,5,-37,-2,3,5,9,0,-3
,-2,-15,-5,-4,-2,-10,-4,0
,-10,4,-5,-6,-4,7,-6,-8
,16,3,4,1,1,-13,0,5
,16,9,1,0,-2,18,3,3
,-26,-29,-3,-2,-1,2,3,-7
,10,26,0,-1,0,1,1,2
,0,5,-2,-4,-3,-3,-7,-4
,11,-13,2,-2,-3,-8,-1,3
,-15,7,-1,-1,1,-4,-4,-2
,-22,-38,-1,0,3,10,5,-4
,8,47,6,1,4,4,5,6
,-18,-38,-5,-2,0,3,0,-2
,13,17,-1,-5,-10,-5,-8,-5
,-7,30,4,0,-2,-9,-2,5
,-4,2,-5,1,0,5,-1,-3
,1,-41,-2,2,7,2,5,5
,25,25,4,-1,-5,5,0,-3
,22,-6,-3,0,-1,-10,-4,3
,-8,3,1,-2,-3,13,4,-4
,-6,3,0,0,3,-1,-2,2
,-12,-25,-6,-2,-2,-4,-3,-4
,26,-16,-5,-1,-1,-3,-3,-6
,-7,-7,1,1,1,2,0,1
,-1,27,-1,-5,-9,-12,-5,-5
,-10,-37,-8,-3,2,18,1,-2
,-29,17,2,0,-1,-9,-2,-3
,33,-47,-4,1,0,-4,-2,4
,21,23,3,0,1,-11,1,1
,-44,-34,-7,-4,-1,8,0,-7
,7,3,-1,-3,-1,2,1,0
,-1,6,-2,-2,-3,3,-1,-3
,1,-26,-1,1,-3,-4,1,1
,4,26,3,3,2,4,5,3
,5,13,0,6,4,0,-4,3
,-8,-9,-2,-8,-7,-10,-4,-5
,31,-11,0,-2,-2,-2,-3,2
,-30,12,3,1,2,3,2,-1
,10,22,1,-2,-2,2,1,-1
,-7,-19,-3,-2,-3,-9,3,-1
,-1,19,2,1,3,2,-3,0
,14,20,1,-1,3,-7,-3,-6
,5,1,-3,-3,-3,0,0,6
,29,-13,-4,0,0,6,1,2
,-5,3,-1,-4,-3,0,-2,-1
,-3,4,-4,-3,-6,-11,-6,-9
,11,-3,-2,-3,-1,-1,1,1
,-25,-32,-5,-2,-2,0,-2,-5
,12,32,1,3,3,4,0,-4
,-7,-64,-9,-3,-4,-11,-4,2
,-15,30,-1,0,-4,0,2,-1
,-12,2,-1,2,2,5,-2,-8
,-5,8,2,-2,-2,-7,-8,-3
,22,14,0,-1,-2,5,3,2
,-14,-45,-10,-4,-5,1,-2,-9
,-14,16,1,2,5,2,-2,-3
,-10,-5,-1,-1,2,-10,4,2
,-7,-16,1,0,-2,10,3,0
,9,-17,0,-1,0,0,-3,8
,4,3,1,-5,-3,-1,-1,3
,28,-30,1,-1,-1,-3,-3,0
,9,69,7,1,0,-13,-2,5
,4,-3,-1,-2,-2,-8,-2,-1
,-23,-28,-5,-1,-3,-4,-4,-4
,-3,29,3,-1,-4,-3,0,1
,-2,-18,-4,-1,1,1,0,2
,20,-8,3,1,2,2,0,2
,-2,25,4,0,-2,-3,1,1
,11,42,-5,-2,-1,-6,-7,-8
,1,-11,1,2,3,16,1,0
,-19,-24,-5,-3,0,6,-1,-2
,-2,10,0,1,0,2,-1,-3
,13,-23,-1,2,1,3,3,3
,0,-13,-2,-1,-2,-5,7,1
,-19,1,-5,-4,-1,-7,-2,-10
,-8,11,3,-1,-5,-6,-1,3
,21,62,2,2,0,15,6,7
,24,-7,0,-1,0,-8,-7,-1
,-12,-13,-1,0,1,5,2,2
,-30,-56,-9,-4,0,1,-3,-8
,30,58,5,-1,2,4,2,2
,5,-5,-1,-2,-2,-3,-3,3
,-6,-7,1,-2,-2,-7,1,-4
,3,7,1,0,2,15,-4,-2
,-12,-35,-4,-3,-5,-5,1,-4
,-10,-19,-1,1,-2,-13,-4,-1
,2,71,1,1,3,1,-6,-3
,3,6,-3,-2,-1,-12,3,1
,-10,-51,-5,-4,-5,-3,-1,-3
,-12,25,2,2,-1,-8,-4,-3
,4,-10,0,1,-3,-6,-8,-7
,-7,3,2,1,0,-1,2,7
,21,17,-1,-1,0,4,0,3
,-27,-12,-3,-3,0,-8,-5,-6
,7,-7,0,-3,-2,2,-5,2
,-7,5,-3,0,0,-5,4,-6
,-17,-40,-8,-4,-1,-4,-6,-5
,-19,-17,-3,-3,-4,5,2,-3
,43,49,8,4,1,2,7,9
,13,4,-4,-3,1,-2,-4,1
,-14,-65,-4,1,-1,0,3,-2
,17,54,7,2,-1,1,-1,1
,-13,-13,-5,-3,-2,2,2,0
,-1,8,-3,-6,-2,-1,-2,-6
,-18,-42,-3,-1,-3,-8,-9,-2
,1,25,0,-1,-1,6,1,-2
,-12,-35,-4,0,-1,-1,0,-1
,1,26,3,2,-1,1,0,-2
,-6,3,-2,-2,-1,-1,-1,-7
,4,13,-4,-4,-4,-2,0,0
,-9,-10,-1,1,1,5,-1,0
,16,-11,2,-1,-6,-16,-2,2
,20,14,-5,-3,-2,26,3,-3
,13,-22,-4,2,2,-7,-3,-1
,-11,-10,-5,-6,0,6,2,-5
,-18,-42,0,1,2,7,-3,-2
,11,103,10,4,3,-7,1,5
,18,-48,-5,-4,1,5,2,5
,-24,-44,-4,-1,0,-4,-2,-6
,20,64,0,-3,-3,-6,-11,2
,-24,-67,-6,-4,0,-1,-5,-5
,0,57,-4,-4,-2,-5,-4,-4
,1,4,4,5,4,-3,3,3
,14,-9,-4,-2,-1,0,-4,-2
,-21,-5,1,2,-4,-6,2,1
,-4,-5,-3,-2,-6,-3,-1,-3
,7,-5,-2,-2,-1,2,-2,-1
,-20,-44,1,1,-1,-1,1,-4
,23,96,4,-2,-2,-2,-3,6
,-13,-39,1,1,2,0,3,0
,28,1,-2,-2,-2,8,-2,-2
,4,2,-4,-3,-2,0,0,-2
,-30,-61,-2,-1,-1,-6,0,-2
,37,73,10,1,-1,2,0,4
,13,-24,-4,-4,-6,-5,0,4
,11,24,5,8,6,-2,2,0
,-13,-35,-5,-2,-2,6,-1,0
,-15,-12,-4,-2,-3,-10,-11,-5
,-9,4,4,-1,0,-7,-3,-4
,-29,-23,-6,-6,-4,16,0,-4
,-1,13,5,1,-1,-8,2,-3
,-10,-43,-5,-3,-3,7,-6,0
,-1,45,0,-1,-3,-11,-8,-3
,-4,-31,-7,-5,-3,-1,2,-5
,-8,39,0,-2,-1,2,-3,-5
,3,4,1,0,-1,2,0,-4
,-37,-40,-2,2,3,-1,4,-1
,15,57,4,3,-2,-6,-1,1
,-9,-27,-8,-6,-2,-6,-10,-7
,-6,-23,-2,2,1,0,7,1
,10,-21,-1,-2,-3,1,-4,0
,-21,20,1,-1,0,0,3,-1
,-7,-18,-2,-3,-1,-7,-1,2
,-1,-31,0,1,3,26,4,2
,-5,26,1,-2,-2,-2,-2,0
,17,1,1,2,2,-1,-4,3
,-8,22,-5,-9,-16,-23,-8,-8
,-27,-75,-6,-3,-2,-6,-1,-5
,-3,29,-5,-7,-7,-7,-5,-6
,27,-19,4,3,4,-3,6,6
,12,12,-1,0,4,17,-5,6
,-2,23,4,-1,-1,-5,-2,2
,6,3,-5,-7,-6,-9,1,0
,-20,10,-5,-1,-3,1,-5,-6
,-8,-57,-4,0,-1,-2,1,-2
,-1,65,-1,-3,-6,-7,0,-4
,6,-1,2,2,1,8,3,3
,14,-9,-2,-3,-1,-5,-1,4
,9,-21,6,7,5,11,3,1
,2,3,-1,-1,-3,-7,-3,-1
,-17,24,5,0,-2,-3,0,-5
,8,14,-1,-4,-3,-4,-7,2
,-2,9,-2,0,1,0,-1,0
,18,-9,-2,-2,0,-6,-1,0
,-30,-25,-3,0,2,-3,-4,-7
,17,-73,-11,-5,-3,5,-1,-3
,1,106,9,-1,-2,0,-1,-2
,-5,9,-3,-3,0,5,0,5
,-12,-45,-6,-4,-3,-4,-5,-9
,1,29,-2,-5,-7,-13,-4,2
,-24,-40,-5,-3,1,2,2,-6
,0,-1,-2,-1,0,-8,1,-5
,-1,5,0,2,3,-2,0,-1
,-39,-25,-7,-7,-3,-2,-4,-7
,62,3,3,3,3,9,6,10
,-14,5,1,-2,-4,-11,-6,-2
,-6,-52,-4,-1,-1,4,0,0
,22,35,3,2,-1,1,2,0
,-31,-20,-7,-4,-2,0,-1,-11
,29,37,4,-1,2,-2,-3,4
,1,-7,-4,-1,-1,4,-1,-1
,-14,-40,-4,-1,1,0,3,-3
,-11,-1,-1,0,-4,-20,1,-2
,-34,-26,-5,0,-1,11,-9,-8
,35,-4,0,-2,1,2,7,9
,5,27,11,11,6,2,-2,-1
,10,3,0,-2,-4,-16,-2,5
,-2,-20,-6,-3,-2,-4,0,-3
,12,24,4,3,-2,7,1,2
,-14,-16,-5,-2,0,2,-1,-4
,13,-21,3,3,4,8,-1,4
,24,-10,-1,-4,-8,-18,-6,-6
,-25,3,-6,-3,-3,-1,-3,-4
,17,14,0,1,-1,1,0,1
,-10,-13,-4,-3,-1,2,-3,-4
,-41,-36,-8,-4,1,8,1,-7
,14,1,1,0,-1,-9,-2,0
,-11,-21,2,-1,-6,-16,-6,-4
,11,1,-3,0,0,-6,4,7
,13,26,2,2,2,7,-2,1
,3,25,3,0,1,-5,-3,-3
,-13,-9,-4,-2,3,8,4,-1
,-5,-8,-5,-4,-1,0,1,-5
,-41,-51,2,2,-3,-7,-4,-8
,72,104,11,1,-1,8,1,17
,-5,10,-4,-2,-4,-5,-5,1
,-21,-56,-8,-4,-3,0,-1,-5
,-18,33,-2,1,2,8,9,-2
,-13,-77,-11,-4,-7,-4,-3,-4
,8,39,4,-1,0,3,0,-1
,-4,-19,0,1,2,0,-2,3
,21,36,0,-1,0,-14,-2,0
,-16,10,7,5,4,19,-1,-3
,1,-15,-7,-5,-2,-8,1,-1
,-16,3,1,0,-1,5,0,-7
,25,-3,-2,0,-2,-6,-1,5
,-13,0,-1,0,-1,-5,-2,-4
,-1,-5,-4,-2,-4,-6,-2,1
,-9,-6,-1,1,1,-1,-5,-6
,18,31,-2,1,1,3,0,1
,-17,-33,-1,2,-2,-11,-4,-7
,1,26,2,0,-1,1,-4,0
,7,45,-2,-3,-3,-6,-1,-2
,28,21,3,0,2,-1,1,1
,-18,-20,-4,-4,1,-2,-1,-4
,15,-9,-2,-2,-3,-3,-4,-4
,-32,-20,6,6,4,5,5,-1
,4,-16,-10,-5,-4,-4,-5,0
,-6,-1,-3,-4,0,3,2,-3
,-4,-15,7,7,4,3,2,-2
,-3,18,-4,-1,-3,3,-1,2
,-16,-33,-6,-7,-7,-5,-1,-4
,0,-17,-1,-1,-5,-12,-11,0
,-15,18,-4,-2,0,-2,2,1
,25,47,3,-1,1,20,-1,1
,-15,-19,1,2,1,1,1,-1
,-14,-13,-5,-2,-3,-15,1,-3
,-12,37,-1,-3,-2,8,-2,-3
,-10,-5,1,0,-2,-7,-5,-1
,5,-2,-1,-1,1,-1,0,-2
,1,-15,-5,-3,0,4,-2,-8
,-12,-51,-2,1,1,-4,1,4
,16,24,1,-1,-1,-4,0,3
,2,-25,0,-2,-3,3,-3,1
,-15,3,2,3,0,-8,0,-3
,12,10,-1,-4,-8,-3,1,1
,8,-12,-7,-5,-1,1,0,-5
,13,11,3,4,0,-2,0,1
,15,-38,-5,-4,-4,-15,-10,2
,-17,50,3,1,3,20,4,-4
,3,-20,2,0,-3,-10,5,3
,-44,-19,-8,-3,-2,-3,-12,-12
,16,67,6,-2,-6,-4,2,3
,1,-34,-5,-2,3,2,-3,-2
,-7,-13,-3,-5,-3,-7,-3,-3
,7,0,4,4,4,-4,2,3
,-15,7,-5,-3,-4,15,5,-3
,0,-65,0,-2,-7,-3,-5,-1
,28,71,4,1,0,9,3,3
,16,29,6,0,-3,-2,1,1
,-37,-78,-6,-2,0,2,3,-6
,73,105,5,2,1,-3,-1,14
,-11,-52,-7,-2,-2,-3,-4,-3
,-2,-19,-6,-1,-1,3,-1,-5
,-6,13,2,0,3,0,-1,2
,-13,-64,-3,-2,-1,-3,-1,-6
,-5,5,2,1,2,1,-2,0
,5,42,-2,-2,-4,-4,0,2
,16,15,0,1,1,3,-3,-1
,-3,-16,-2,-4,-8,-8,-1,-1
,-8,1,-1,2,0,-1,-1,-3
,-10,-42,-3,-2,-4,-6,-1,-3
,-30,-1,-2,-1,-2,1,-1,-4
,53,27,0,1,0,-1,-5,3
,-30,-111,-9,-2,-1,1,-3,-4
,75,89,12,0,2,1,5,12
,-11,-10,0,2,3,-1,0,-1
,-22,-8,-1,1,1,-1,3,-1
,-10,-25,-2,-3,-6,-7,-1,-4
,-2,-22,-3,-1,-3,3,-5,2
,11,10,0,1,3,5,-1,-1
,-16,9,0,-2,-1,-5,-3,-6
,8,20,0,1,-1,-3,-1,5
,-12,-15,0,1,0,3,6,0
,-5,52,5,3,3,3,1,4
,15,-38,-7,-2,1,0,-2,-2
,-1,13,-1,-2,2,4,1,1
,-12,-8,-2,-5,-3,-3,-7,-3
,4,-23,-4,-1,-4,-4,-2,-2
,-19,-10,0,1,4,3,2,0
,3,31,-1,-1,-2,-6,-9,-4
,-5,-26,-1,-1,2,2,3,-2
,10,-22,-7,-4,-5,-4,-1,-2
,-30,-4,1,-2,-6,-4,-3,-4
,23,8,-1,-2,-1,1,0,-2
,-43,-39,-5,-3,-4,0,-1,-9
,-4,-40,-5,-6,-6,-3,-3,-1
,18,41,-2,-2,-1,2,0,-2
,-7,38,5,6,0,-10,-2,-4
,29,3,-1,-2,0,-6,2,7
,-11,4,3,0,2,10,3,-2
,-22,-14,-5,-2,-2,-10,-1,-4
,20,-17,-4,-5,-3,17,-2,0
,-29,19,-6,-5,-1,-3,-1,0
,30,49,8,6,3,0,1,8
,-7,-35,-3,-1,1,-1,0,-4
,7,6,1,1,2,3,1,0
,-19,-37,-7,-4,-2,3,-1,-4
,20,-2,-1,-1,-2,-8,-4,-1
,-14,13,-1,-2,-2,2,-1,0
,-8,-50,-3,-3,-6,-12,1,-2
,-5,21,-1,0,-1,4,0,-8
,15,70,1,-3,0,-1,-2,2
,-9,-21,-2,0,1,-1,-4,-2
,-17,-1,-5,-5,-3,-6,-2,-4
,-4,-60,-7,-2,-2,-3,-3,-2
,1,-14,5,1,-1,-2,0,-1
,24,51,11,3,0,-6,0,7
,-13,-12,-6,-4,-3,16,6,0
,-12,5,-1,1,-2,-2,-2,-3
,16,-20,-4,-2,-1,-2,-2,-2
,3,-7,-1,-3,-1,2,2,3
,-3,5,3,0,2,-6,0,-2
,11,8,0,0,1,1,3,5
,33,6,-2,0,-6,-5,2,6
,-4,-17,-4,-2,-2,0,-5,-5
,-16,35,-1,-2,0,-8,-6,-4
,-23,-10,-2,-1,3,3,0,-3
,-4,8,-6,-6,-3,-3,-1,-5
,-25,21,-6,-5,-2,-9,-7,-9
,28,4,7,2,-2,-1,-3,3
,-12,-15,-1,-2,-4,3,-3,-3
,-4,-6,-3,0,3,3,1,1
,-24,-34,-2,1,-2,-2,-3,-6
,-3,18,2,-2,-3,-6,-2,-1
,20,2,4,2,1,1,1,1
,-26,-25,-2,-2,-1,1,-3,-3
,26,-1,1,2,-1,-2,-1,4
,-2,-7,-3,-1,1,6,0,1
,9,17,3,0,-1,-2,0,2
,-12,-12,-2,1,-1,6,3,2
,-4,24,1,0,1,5,5,-1
,19,10,-2,0,-1,-9,-6,-1
,-6,-18,-3,-1,-1,-3,-2,-1
,-22,-6,-4,-5,-2,-2,-2,-6
,-6,-40,-1,-3,-6,3,0,-1
,31,59,1,1,3,1,4,8
,11,26,4,3,-1,-9,-2,0
,-9,-8,-1,-1,0,-4,-1,-1
,-7,-29,-4,0,1,-2,0,-1
,-11,-38,-8,-4,-2,14,-1,-3
,-8,3,-1,0,-3,1,-5,-8
,-4,25,4,0,1,-2,3,-1
,14,0,0,0,0,1,-2,0
,-19,-22,-3,-1,-2,-9,4,-3
,-3,20,-1,0,-1,-4,-4,0
,8,10,1,0,-1,10,2,-5
,-5,-13,-3,-7,-8,-6,-5,0
,9,25,5,1,-2,1,1,5
,-16,-16,-2,-1,0,-3,-5,-3
,-18,-48,-4,-1,-4,-9,-6,-5
,12,31,-2,0,2,4,-4,-3
,10,21,-3,-4,-6,-14,-4,-1
,-16,-1,-6,0,2,16,0,-7
,9,-1,-4,-2,-2,0,-3,-3
,-5,-16,-3,-3,-2,-6,-6,-1
,4,-44,-7,-3,0,-8,-3,-6
,10,22,1,0,-1,-10,-4,-4
,9,-12,0,0,2,1,0,1
,5,8,0,-1,-2,6,1,-1
,-13,-1,-2,-4,-5,-3,-1,-3
,-1,-4,2,0,0,5,1,3
,4,-10,-4,-4,-4,-5,2,-2
,-5,20,2,-2,-5,-9,-5,-3
,-6,-2,-2,-1,1,2,3,-1
,-6,-46,-1,1,-3,-2,-3,2
,22,34,5,2,-2,-6,-3,3
,-28,-21,-3,3,6,3,4,-2
,0,30,-3,-5,-8,-11,-5,-5
,28,-21,-1,-1,-1,-1,4,3
,-21,-12,-4,1,3,0,-5,-4
,40,30,4,2,-1,0,2,2
,-6,-22,0,0,1,6,-5,3
,-21,16,0,-1,-3,-2,1,-2
,19,-16,-4,-4,-4,-1,-1,2
,-8,-10,-7,-6,-3,6,3,-4
,-22,-29,6,6,1,2,1,2
,24,39,1,1,-3,0,-4,-4
,-4,11,0,-2,-4,-1,-3,3
,2,1,1,2,4,-2,1,0
,-26,-2,-5,0,2,0,-1,-8
,11,-43,-5,-4,-5,-12,-2,1
,15,33,0,1,0,-5,-2,-1
,-7,-12,-2,-1,-2,-4,0,-1
,5,-22,-3,-1,0,2,-4,-3
,-10,-9,1,1,-1,-6,2,-2
,2,27,0,0,0,6,6,0
,5,-39,-2,-4,-5,1,-5,-1
,21,17,0,-1,-1,3,-3,6
,-11,8,-2,0,0,2,4,1
,-10,6,1,1,0,-8,0,0
,13,1,1,1,4,18,5,0
,-4,-24,-6,-6,-1,-1,-3,-2
,1,24,3,-1,1,3,0,1
,-39,-57,-6,-5,-6,-5,-4,-5
,5,90,3,-2,-2,-8,-3,-3
,5,-30,0,0,2,0,1,-3
,23,47,1,0,2,4,0,4
,-16,-32,-2,1,-2,-11,-6,-4
,-3,-10,-3,-3,-1,-3,-2,-4
,5,-35,-2,0,-1,4,3,-2
,-20,27,2,0,0,-9,-4,-5
,5,9,1,2,3,5,3,-1
,17,9,3,0,3,-12,2,5
,1,14,1,0,1,-1,-2,1
,-13,-35,1,2,0,3,-3,-1
,14,9,-2,-2,-1,-1,3,2
,-15,-35,-2,3,4,4,-8,-2
,31,48,5,1,1,-4,2,4
,1,-16,-6,-8,-4,3,-1,1
,10,-37,-3,-1,-2,1,-1,1
,-30,45,4,3,0,1,4,2
,5,32,0,0,4,1,-1,-2
,-2,-53,-5,-5,-10,-23,-5,-1
,-10,69,5,-1,-2,15,1,1
,9,-23,-2,-1,0,-2,-6,-2
,-7,7,1,-1,-3,7,1,-4
,1,-3,1,-1,2,-3,2,-1
,-13,-10,-4,-2,-1,-9,-5,-4
,-8,-21,-5,-4,-6,-1,1,-5
,-10,-13,-4,-3,-2,14,1,3
,21,23,7,6,7,10,8,5
,32,32,5,1,-2,-2,-5,1
,-6,5,-4,-3,-4,-4,0,1
,-17,-44,-3,-3,-7,-13,-4,-5
,-10,-10,-7,-6,-6,-4,-6,-7
,11,22,0,-3,-2,1,-3,-4
,-16,-35,-6,-4,-3,-4,-1,-8
,-8,-4,3,3,0,-9,-4,4
,2,-51,-5,-3,-2,4,-3,0
,-9,58,-1,-1,0,-1,0,-1
,-10,-4,-5,0,-1,-10,-5,-3
,-30,-19,2,1,-2,3,-3,-5
,-10,21,0,1,0,7,4,0
,21,0,3,-1,-3,-5,-1,5
,-1,-15,-1,-2,-2,5,-2,-3
,-6,6,-3,-1,2,-12,-5,0
,-14,-2,-2,-1,-2,10,1,-3
,-13,-28,-3,0,0,-2,-3,-1
,24,6,0,-4,-3,5,1,6
,-3,-22,0,0,1,-7,3,-3
,-24,65,-5,-5,-4,3,-5,-8
,-18,-87,-6,0,0,-3,0,2
,3,28,5,3,1,5,3,1
,3,-14,-4,-2,-3,-2,-4,-2
,3,11,0,-2,2,1,1,-2
,-24,-50,-4,-2,0,0,-2,-5
,14,24,4,3,2,-5,-1,-1
,-10,8,-1,-4,-7,-14,-3,-7
,49,1,1,5,2,-3,-4,12
,12,17,1,-2,2,-2,1,2
,-12,-40,-3,1,0,3,1,-4
,23,34,3,0,-4,-8,2,2
,1,-11,0,-1,-1,-2,0,-2
,-9,-1,-4,-4,-5,4,-3,-6
,7,-14,-3,-3,-1,-11,-5,2
,0,3,-3,-5,-6,-2,-4,-4
,7,26,1,2,1,-8,-1,3
,-10,18,-6,-3,0,12,2,-2
,4,-38,0,1,-2,0,-1,-2
,1,26,-4,0,0,4,0,3
,26,3,2,-1,-2,-21,-3,2
,-26,-9,-2,-2,-4,13,-2,-4
,-6,28,3,2,3,3,4,4
,-4,-16,1,-3,-2,-10,2,-2
,-7,-12,-3,-1,-1,5,-3,-1
,-1,-29,-2,2,6,-3,3,-4
,-3,0,-3,-7,-3,2,-1,-1
,-1,-18,1,4,2,5,0,-2
,-16,18,-3,-4,-4,1,2,-6
,9,-21,-3,-2,-1,-10,-2,-2
,-3,-4,-3,-3,-4,4,-5,-1
,3,7,0,3,5,4,0,-1
,0,-17,2,3,0,3,2,0
,-18,-46,-5,-1,1,-5,-1,0
,45,46,4,2,-1,-2,2,2
,-29,-13,-4,-5,-2,6,-1,0
,13,38,0,-1,-1,-1,0,1
,-6,-22,3,3,0,3,0,3
,-4,69,9,0,-1,-8,-1,3
,10,2,-3,2,-1,6,-1,2
,-12,-55,-5,-2,0,-3,2,-3
,7,62,2,1,2,-4,-3,2
,-25,-53,-8,-6,-9,-7,-3,-4
,6,11,0,-1,0,6,-7,-3
,-13,2,-1,0,0,11,-4,0
,22,-20,-2,-2,-3,-6,-1,-1
,-10,-9,1,2,2,0,2,4
,22,23,-1,-3,-2,-4,-2,-4
,-12,-31,-6,-3,-4,-12,-3,-6
,-28,-8,-2,-1,-2,11,1,-5
,5,6,0,3,6,0,-2,4
,-7,-1,2,1,-4,-3,0,-1
,-6,-6,0,4,7,4,2,-4
,-2,-26,-2,-6,-7,-10,-5,-8
,11,65,-7,-6,-6,-10,-1,-1
,4,-58,4,4,4,14,3,5
,3,53,3,-3,-3,-6,-3,-1
,-7,-2,-1,1,1,2,3,2
,-19,-46,-2,0,-6,-7,2,-7
,-7,-52,-7,-3,-3,-18,-7,-4
,16,58,1,-1,-4,1,-7,-2
,24,14,-1,0,1,-9,-1,1
,-8,-31,-4,-4,-1,14,-3,-2
,18,35,-1,-2,-4,-3,-2,2
,-21,-50,0,-1,1,-3,3,1
,-8,36,1,-1,-4,-7,-5,-4
,11,8,0,0,0,1,0,-1
,-20,-36,-11,-7,-4,-13,-9,-9
,-8,-16,-2,-2,-5,-11,-2,2
,36,62,9,4,3,5,0,8
,-27,-49,-2,-3,2,8,-3,-4
,9,34,-2,-4,-2,-1,0,2
,-1,-42,-4,0,-1,1,0,-6
,4,2,-2,-3,-1,0,-3,2
,-12,-21,-5,-1,-2,-3,0,-9
,-1,33,7,3,1,1,1,8
,-5,-9,-6,-6,-1,-3,-3,-6
,6,-11,3,2,4,-4,4,0
,4,3,-2,0,-1,-2,-6,1
,5,14,-6,-2,-4,4,8,-1
,0,-8,-4,-3,-4,-4,-9,-3
,-25,-24,-7,-3,-2,-5,-3,-4
,-4,14,-1,-1,-3,-6,0,-1
,9,-21,0,-2,0,-1,-5,-2
,-38,18,-2,-3,-3,4,5,-7
,7,-4,-1,-2,-3,-13,-6,1
,-17,-41,-6,-1,2,0,-4,-5
,-21,-4,-2,-1,-4,-1,-4,-4
,3,54,8,3,7,5,2,4
,-14,-11,-5,-9,-9,-11,-2,-6
,17,-6,1,0,-2,4,-1,1
,-3,19,1,2,4,5,1,0
,2,-32,-2,3,3,-12,-4,-3
,6,11,-1,-2,-4,15,1,-3
,-6,-7,2,3,0,-3,0,0
,16,19,-3,-2,0,-1,1,1
,0,-2,1,-3,-5,-5,-10,-4
,16,16,0,-1,-3,4,1,-1
,-3,9,-1,-3,-2,-4,2,1
,-29,-4,3,6,6,6,5,-5
,7,-6,-4,-3,-2,1,-4,2
,1,-17,0,4,6,0,-5,-3
,-10,-27,-1,1,-1,2,-5,1
,50,60,2,0,0,2,10,7
,14,-28,-3,0,0,5,2,2
,-4,-14,-2,-1,-5,-2,-2,-3
,9,11,-6,-6,-1,-5,-5,-3
,-3,-11,-2,-4,-3,-1,-6,-3
,-6,-36,-2,-3,-3,-4,-1,-1
,-4,-11,-1,-4,-2,-8,-4,1
,13,24,7,4,4,1,9,2
,-15,4,-1,-3,-5,-8,-7,-3
,3,27,1,-1,1,6,2,1
,-13,-22,-5,-2,-2,-4,-1,-6
,-15,4,-2,-2,-3,-4,1,0
,-22,-31,-3,2,2,-6,-4,-5
,16,7,-1,0,-2,0,3,1
,0,46,5,6,5,6,7,0
,3,-44,-4,-2,-1,8,0,-1
,-9,8,-4,-3,-5,-8,-7,-7
,-14,-15,-3,1,2,1,1,0
,39,1,0,-4,-1,13,1,3
,-27,-9,-4,-2,-3,-9,-4,-7
,-9,-25,5,5,5,7,7,1
,16,49,-4,-5,-6,2,0,3
,-9,9,2,3,3,-5,-2,3
,8,-27,-3,-1,-3,-1,-3,-1
,-4,-19,-4,-6,-6,6,-2,-4
,-16,-61,-5,-1,-1,0,5,-2
,22,72,3,-1,1,2,1,1
,2,20,-1,-1,-1,-1,0,-2
,-13,-44,-3,-1,5,6,0,2
,-8,-8,-1,-2,2,-2,5,-1
,-18,-11,-9,-3,-4,-3,-8,-10
,-21,0,-4,-1,-2,-1,-4,-6
,20,27,1,-1,-2,-3,-1,3
,-6,-40,-6,-1,-2,6,-3,-1
,3,32,0,-4,-4,-8,-6,0
,6,-10,0,-1,-1,3,5,-6
,-5,46,-1,-2,-4,-10,0,0
,-7,5,-2,-5,-7,12,-2,-1
,-1,-29,-1,1,2,-6,-9,-1
,5,7,6,3,1,0,1,5
,10,-10,-7,-5,-4,-4,-6,-5
,2,14,0,-1,-1,-9,0,3
,-8,-15,-2,-3,-5,-3,-3,-3
,1,13,2,-2,-1,-11,-6,1
,13,-26,-1,1,-1,-7,-3,1
,46,13,2,1,-1,6,1,4
,0,20,-3,-4,-2,0,2,-3
,-3,-26,-5,0,3,1,3,3
,-3,54,6,5,3,4,3,3
,7,12,-2,0,0,-5,-2,-1
,1,-36,-2,-1,-2,7,0,-1
,19,56,5,1,1,9,1,3
,-16,-34,0,0,4,5,0,-4
,-17,-21,0,0,-1,-7,-7,-7
,5,51,8,5,2,6,7,6
,-6,-15,-7,-4,-5,-4,-5,-3
,-4,-30,-5,-3,-1,-1,-1,-2
,13,22,-3,-4,-9,-21,-15,-2
,-21,2,0,-1,-2,0,4,-7
,-6,-27,-2,-2,1,-4,-2,2
,8,62,5,2,4,5,0,-1
,-7,-18,-3,-1,2,-4,-1,-4
,-13,-41,-6,-5,-2,-5,-1,-1
,12,12,0,-6,-5,-6,-3,-3
,-15,-42,-4,-2,2,6,0,-5
,-12,20,1,-1,-2,-16,0,-1
,-17,-21,-2,-1,1,14,-6,-6
,14,-7,-5,-2,-6,-14,-3,-1
,18,32,3,1,-5,-2,-6,-2
,10,7,1,-1,7,9,6,3
,3,-9,-1,1,2,-4,3,4
,-15,-30,-2,-2,-1,-9,-6,-4
,-26,21,-2,-3,-8,-6,-4,-4
,-3,-7,1,0,-3,-5,-4,0
,17,-28,-7,-3,-1,2,-2,-3
,-17,47,4,2,4,3,2,3
,-5,-48,-5,-4,-1,4,2,-1
,-9,7,0,0,0,2,-5,-4
,3,-10,1,2,1,-7,0,2
,-20,-19,-6,-3,-2,6,1,-4
,-6,4,-1,0,4,-1,-1,1
,19,-19,1,2,2,3,2,2
,-16,-4,-1,-2,3,-2,-1,-3
,37,42,12,1,-5,-2,0,3
,23,27,-3,-4,-1,5,2,5
,-15,17,-4,-3,-5,4,-5,-5
,4,-13,4,1,3,-2,0,3
,-15,-7,-1,0,2,2,1,-1
,10,-59,-4,-3,-4,-9,-3,2
,-9,39,1,1,0,5,1,-5
,-10,-10,-5,-5,-10,-20,-6,-4
,-12,13,0,2,-2,3,-4,-2
,-13,-12,-4,-2,-3,-16,-4,-2
,5,1,2,4,6,4,8,1
,-18,-33,-2,-2,2,-4,-3,-2
,44,53,-1,-1,-2,5,-1,1
,-11,-20,-5,-3,-6,-10,-6,-3
,-11,-26,-3,-1,0,1,0,-1
,4,11,-4,-1,0,-8,4,1
,-18,-55,-5,-1,0,0,-4,-6
,4,41,4,-1,2,3,-3,-6
,-1,-11,-2,0,1,4,1,-2
,29,25,3,1,0,5,3,5
,-22,-79,-12,-5,-3,-4,-2,-3
,20,30,6,3,1,5,4,2
,9,67,3,0,1,-4,-1,2
,-11,-30,-3,0,-2,1,-2,-1
,9,62,4,2,4,7,4,1
,-13,-45,-4,-3,-2,1,-5,-4
,-9,-60,-6,-5,-4,-5,-3,-4
,-1,74,3,3,0,1,-3,-1
,-12,-6,-5,-5,0,-4,-5,-3
,-17,-1,1,3,0,-4,2,0
,19,-37,-3,-2,2,7,-4,0
,-2,43,0,0,0,2,-1,-4
,-6,-10,0,-2,0,-1,2,-1
,1,1,2,3,2,1,2,2
,-13,-4,1,0,-5,-2,-2,-6
,1,-93,-7,-3,-3,1,1,-3
,-4,62,8,2,5,8,3,0
,28,-21,-6,-3,-7,-10,-3,4
,-9,-2,1,1,1,0,-2,-1
,-6,21,1,-3,-3,0,-5,-8
,-7,-22,-6,-4,-5,-6,-3,-5
,-12,-54,-8,-4,1,6,3,-2
,-5,45,6,1,-1,-6,-4,7
,4,2,-7,-4,-6,-1,-3,-2
,16,-4,-3,-1,-1,2,-9,-6
,-21,10,-2,-1,2,9,1,-2
,36,-19,-8,-4,-6,-5,-2,1
,-14,31,6,0,0,-16,0,1
,-8,-21,-3,-1,0,11,0,0
,5,-14,-3,-4,-4,-2,-2,-5
,-20,-28,-2,0,2,1,-5,-5
,17,6,-4,-7,-8,-2,-2,-5
,1,4,4,1,0,-4,3,3
,6,-5,2,0,-3,2,2,3
,-4,36,2,-3,-4,-21,-6,-6
,-2,-19,-2,-1,0,11,-1,-3
,1,-15,-2,1,1,0,-1,3
,-14,3,-4,-2,-3,-4,-6,-6
,-13,-11,-3,-1,0,-6,10,1
,8,-34,-4,-4,-1,8,-6,-1
,16,89,9,4,0,-3,0,6
,-4,19,0,-4,-6,-7,-8,-6
,-14,-18,-2,-2,3,6,1,-1
,-4,-13,0,1,2,-1,3,3
,-13,-72,-7,-2,-2,-1,0,-5
,0,47,-4,-5,-5,-7,-5,-2
,10,-20,1,-2,0,2,2,-1
,12,16,0,1,-2,0,1,-4
,-5,-1,-3,-4,-4,-1,-2,3
,-3,4,2,2,5,1,2,-2
,-8,-19,-6,-4,-4,6,-3,-3
,-19,-70,-9,-4,-3,-2,-2,0
,27,96,6,-1,-5,-4,-1,2
,10,-11,2,1,3,-1,4,-3
,-1,35,-2,-1,-4,-2,-7,1
,-12,2,-5,-3,-2,1,-2,-4
,-15,-44,-5,-1,-1,-8,-1,-6
,2,10,2,-1,1,0,-2,1
,-12,-40,-5,0,2,6,1,-5
,27,84,6,-4,-5,-9,-3,5
,-9,-97,-11,-8,-7,-17,-6,-6
,-18,52,1,-2,-1,4,-1,-1
,-28,-47,-9,-1,-3,3,-1,-5
,13,-10,-5,-5,-4,-7,-1,0
,-13,-24,1,5,1,-9,-2,-3
,17,0,-3,-1,-2,-3,-1,1
,-13,-27,-3,-2,1,10,3,-1
,-36,-8,-1,-2,1,-13,-7,-6
,39,32,3,3,-1,12,4,5
,7,-8,2,4,5,3,2,0
,-2,22,-1,-1,1,-5,-8,-4
,-2,-2,-1,2,3,4,1,3
,-1,6,0,-3,-3,-1,-4,-1
,1,-21,-3,-1,-4,-4,-3,0
,7,-10,2,3,-2,-7,1,3
,16,55,-2,-1,0,4,1,1
,-27,-61,-5,0,1,-8,-4,-10
,16,49,3,-1,-6,1,0,4
,0,-26,-1,-5,-6,-8,-1,-2
,-17,19,6,4,4,2,1,3
,-4,-2,-4,-4,-1,-2,0,-3
,-12,-39,-4,-1,1,17,2,-3
,44,25,5,1,-1,-8,-2,1
,-11,-19,-3,0,-2,5,-1,-2
,-10,-1,-4,-2,0,-3,3,-2
,-11,-53,-7,-4,-4,-6,-8,-4
,17,54,10,4,4,0,3,6
,5,-20,0,1,-1,-2,5,-2
,-5,40,-1,-1,0,4,-10,-3
,20,-23,1,1,0,-24,3,6
,-17,15,-7,-6,-1,1,-2,-6
,32,-59,0,4,2,16,1,5
,7,35,1,-3,1,11,4,4
,2,14,0,-4,-3,-1,-3,-1
,-14,-17,-5,-1,3,-2,-3,0
,20,3,0,-1,-2,-8,3,2
,-19,-25,2,-1,-5,-2,-3,-3
,1,-26,-2,0,4,8,3,2
,23,92,9,0,-3,0,1,4
,-8,10,-2,0,-2,-4,-5,-4
,-7,-32,-4,2,1,-1,-2,-5
,-3,20,-4,-7,-8,-5,-1,-5
,-23,-58,-6,-2,-4,-7,-6,-9
,4,46,7,-1,1,-1,1,2
,-1,-22,-4,-3,-2,-6,-1,4
,-4,22,2,-1,0,10,-2,-4
,-5,-10,-3,0,0,-1,1,0
,-20,-11,-3,-3,-4,7,1,-5
,-2,10,-4,-5,-4,-7,-1,-2
,8,-8,1,0,2,-1,2,3
,-15,-16,1,-1,-3,3,-1,3
,1,26,1,2,1,-3,-3,-2
,2,34,2,0,2,9,8,2
,-41,-2,-2,-1,2,-6,-3,-10
,34,20,-3,-3,-3,-3,1,6
,-13,-20,-2,2,1,-2,-3,-2
,-4,-15,-3,-2,-1,-1,-2,-5
,-9,15,1,-1,-2,7,-1,2
,24,-16,-2,-1,-3,-9,-3,0
,-23,2,-2,-4,-1,-7,1,-6
,33,-7,3,4,4,29,2,6
,9,-9,-4,1,0,-14,-3,-1
,-15,-26,-4,-2,-1,5,-3,-6
,6,21,2,-3,-2,5,0,2
,1,-2,1,-2,-1,-17,-2,-1
,0,-21,3,3,0,-1,-1,0
,-9,51,-4,-5,-5,-3,1,-10
,6,-20,1,2,2,1,0,4
,-17,8,0,-1,0,-3,-2,-1
,-1,-32,-3,-1,1,4,-3,3
,-19,-45,-4,-7,-7,-5,0,-6
,36,10,-4,-2,-4,1,-9,-5
,6,27,1,-1,-2,-13,-4,-1
,-25,-30,-6,-3,-1,5,1,-1
,2,16,8,4,0,-4,2,3
,-4,-31,-7,-2,3,6,-1,-1
,-1,-35,-3,0,-8,-13,-7,-3
,10,-6,-2,-1,0,5,0,-5
,-2,46,2,4,1,3,-1,0
,-10,-24,-7,-5,-2,-10,-2,-5
,-7,-6,-5,-2,0,-10,-5,-3
,-17,-18,-2,-4,-4,8,-7,-8
,5,22,-1,3,0,3,1,4
,-20,-49,-7,-2,-7,-18,-1,-2
,11,33,6,1,-1,14,3,2
,2,16,-3,-3,-6,-17,-1,-1
,-4,-31,-2,-5,-2,1,-3,-1
,-6,-7,-3,-3,-4,-6,-1,-2
,23,16,0,-2,0,-7,0,8
,6,-4,2,2,1,4,3,3
,2,-2,0,-1,3,9,8,1
,21,51,5,-3,-7,-6,-5,-2
,-11,-3,-3,-2,-2,1,-3,-3
,-19,15,-1,-2,-1,-1,1,-4
,16,-21,-2,1,2,2,0,3
,-21,2,1,-3,1,1,-4,-6
,-21,1,-3,-2,-2,-2,3,-3
,-11,8,-6,-2,-6,-10,-8,-5
,-8,-29,-2,3,3,4,1,-3
,5,-35,-5,1,1,-2,-1,0
,-33,35,5,1,-2,5,-1,-6
,-7,6,-1,-3,-4,-7,1,1
,7,-34,-2,-6,-7,-1,-5,-4
,-13,27,1,3,8,8,9,5
,23,-9,-5,-2,-2,-5,0,5
,-5,2,3,2,3,12,5,0
,7,-15,-5,-5,-3,-15,-8,-5
,-23,-2,4,-1,-2,4,-1,-3
,24,-22,-5,0,2,14,1,1
,7,23,-1,0,-2,-4,-3,-2
,-11,5,-3,0,4,5,1,-2
,-4,-20,-2,-6,-11,-11,-2,0
,13,-20,-3,-4,-3,-8,-4,-1
,24,28,-1,-2,1,0,0,5
,-27,13,4,0,-1,0,0,0
,8,-48,-1,1,3,5,0,2
,-23,44,3,-1,1,-2,0,-7
,5,-6,-4,-2,-2,2,3,0
,-20,-1,-3,0,-3,-10,-7,-5
,28,26,1,0,2,10,4,5
,-11,8,0,-1,-4,-8,-4,0
,7,-16,-3,-3,0,4,-1,-4
,4,25,5,3,2,4,6,2
,-8,-9,-3,-1,1,5,-8,-5
,-3,-13,-4,-10,-13,-13,-8,-6
,-14,6,-1,-2,0,-7,-2,-7
,26,-10,5,2,2,-11,1,7
,7,62,-1,-1,-4,5,2,-7
,-13,-52,-10,-3,2,-10,-3,-8
,-7,51,5,2,4,2,-4,4
,-4,-26,-5,-2,0,4,2,0
,-9,-17,-3,-1,-1,-12,-7,-3
,-37,19,-1,1,1,5,4,-5
,52,-33,-1,0,-2,-7,-1,6
,-14,11,-2,-2,0,6,-6,-1
,-3,1,-1,-1,-2,1,3,3
,5,-6,-5,-4,-1,1,-1,-4
,-14,-17,0,0,-2,-9,-6,-4
,3,8,-2,-4,-6,-1,-1,-2
,-16,-89,-7,-2,-2,-5,-5,-8
,32,81,12,3,4,8,2,10
,16,31,0,-2,-2,-4,-2,-6
,7,17,-8,-4,-3,-4,-8,-3
,9,-27,-2,0,1,4,5,4
,2,-4,-2,0,1,1,1,-4
,-23,-20,-5,-3,-5,-1,0,-1
,-13,-3,1,1,-1,-1,-3,-6
,-17,15,1,-3,-3,-5,-2,-2
,-4,-21,-3,-1,2,-4,0,2
,-6,-11,-2,-7,-11,-8,-1,-2
,12,2,2,-1,-1,-9,-1,-2
,-8,5,1,1,0,14,1,0
,17,-3,-1,0,-1,1,1,0
,-23,-20,-5,2,5,5,-1,-3
,-7,-6,1,0,-1,-1,2,4
,9,53,2,-1,-6,-14,-7,-9
,-2,-25,-2,0,1,5,4,3
,-16,-73,-1,3,3,9,5,-2
,34,108,7,-1,-4,-3,0,4
,-12,-33,-9,-4,2,-2,-7,-5
,2,-20,1,0,-8,-8,-3,2
,7,-3,-1,-2,-3,-12,-5,-1
,-15,-46,-8,-1,-1,-1,-1,-2
,-11,18,0,-3,-4,-11,-3,-1
,25,-1,-4,-1,2,3,0,2
,3,12,0,0,2,8,1,3
,-3,-8,0,-2,-2,-14,-5,0
,13,5,0,2,-1,4,-3,4
,0,9,-6,-3,1,-11,-4,-2
,2,1,-3,-2,-3,11,0,-1
,0,13,-1,2,4,4,0,-3
,17,-11,3,1,-2,-2,3,2
,-22,3,1,1,4,0,-2,-4
,-9,-8,1,-3,-1,0,-1,-4
,-31,-12,0,0,-3,0,-1,-2
,6,48,-1,-3,-1,-6,-1,1
,10,29,3,0,-3,-4,-2,-1
,-5,1,2,2,4,13,5,4
,-10,-47,-5,-2,-5,-1,-1,-4
,-23,-17,-1,0,-1,-3,-2,-3
,20,-10,1,-6,-3,0,1,4
,-7,14,0,0,0,-4,-1,-5
,16,1,-1,-1,3,5,1,1
,8,-11,-3,-3,-3,4,2,2
,-12,4,0,3,4,2,-2,-5
,-6,-8,-1,-2,-5,-7,-6,-1
,-24,-12,-2,1,0,4,2,-6
,65,39,6,3,4,-1,4,16
,-28,-33,-1,0,1,4,1,-7
,-3,11,-4,-4,-2,-11,-4,0
,-53,-100,-12,-7,-5,3,3,-10
,26,93,10,2,-3,-16,-4,4
,-14,-27,-6,-2,-4,7,1,-2
,2,5,0,3,5,-2,2,0
,11,-12,-6,-1,2,-3,-4,0
,-18,-56,-4,0,1,9,-3,-8
,3,29,0,-2,-5,-4,-2,1
,-5,-9,-2,-2,-2,-6,4,3
,13,29,11,7,9,17,10,15
,4,31,2,-2,0,-2,-1,-2
,0,7,1,3,2,0,-2,-1
,29,38,-2,-1,-1,3,-2,-2
,5,-9,0,-4,-6,-7,-5,-3
,-11,-23,-7,-2,-1,-9,-3,-7
,8,-12,1,0,1,-5,4,0
,-1,-11,-1,2,0,2,-6,-2
,-2,21,-2,1,-4,-8,-4,0
,6,-3,2,1,2,10,8,2
,3,-39,-4,-2,-5,-18,-6,-6
,-7,-32,-1,0,1,3,-1,1
,22,65,4,-1,2,3,1,-3
,-29,-34,-7,-5,-7,-4,-4,-6
,20,2,-3,-4,-3,-4,-4,1
,7,-27,-2,-2,-2,-4,-4,-3
,-8,34,2,1,-1,5,0,0
,-11,-43,-3,-3,-1,-16,-4,4
,3,52,-1,-4,-2,-1,-5,-5
,12,25,0,-1,-4,-7,0,-1
,-18,-47,-8,-3,0,2,-5,-2
,5,36,4,2,4,2,6,0
,-6,-23,3,3,5,14,-4,0
,-3,19,-4,-3,-3,3,1,-4
,-8,10,0,-1,-1,-7,-5,-1
,-20,-56,-5,-2,-1,0,-3,-3
,-2,22,-3,-5,-2,3,4,1
,-6,-13,-1,-2,-1,-4,-6,-7
,8,-8,1,1,4,5,3,1
,-7,3,-7,-10,-5,4,-5,-6
,6,-22,3,4,-1,-8,1,4
,-2,-1,-3,-4,-5,0,-1,-2
,18,11,-1,-5,-3,-5,-3,1
,-27,-32,-3,-2,0,3,2,-6
,-18,11,-1,-2,-5,-12,-4,-4
,4,3,0,2,3,1,2,4
,-2,-16,-3,-1,-2,1,-1,0
,7,30,3,0,-1,0,4,1
,-10,-16,-4,-1,0,7,0,1
,-7,-2,-2,-4,-5,-2,0,-1
,0,-6,-2,-1,-2,-4,-6,-4
,1,7,2,1,2,0,-2,0
,0,-15,-3,-5,-3,0,-1,1
,2,10,1,-4,-6,-5,0,2
,2,0,2,-5,1,3,3,-3
,1,-3,0,0,-8,-4,-5,0
,1,-6,0,0,1,-3,-5,-3
,3,9,-1,4,5,5,4,2
,-27,-2,-3,-3,-6,-3,-5,-6
,20,5,-1,2,-1,1,-3,3
,-3,-5,-2,-4,-1,5,2,-1
,-10,1,1,-4,-1,-2,-1,-1
,7,-1,-2,0,-3,-1,3,0
,-8,-3,-5,-2,-1,-2,-4,-3
,2,-10,-1,0,-1,0,-1,-2
,0,8,0,1,0,-2,1,0
,9,1,-1,-2,-2,-2,-1,-1
,-5,0,-1,-2,2,2,3,1
,3,-3,-1,-1,-2,-2,1,0
,1,-1,2,5,2,-1,0,1
,10,2,-4,-3,-3,-4,0,0
,-7,-4,-3,-3,-2,-7,-5,-8
,-4,-7,-5,-4,-4,-1,-4,-1
,-3,-21,-4,-4,-4,-2,-1,-6
,9,-3,0,-1,3,3,1,6
,-13,46,1,-3,-2,-1,1,-3
,13,-3,-2,-1,1,1,0,0
,0,-4,0,-3,-4,-1,-4,0
,-3,-5,1,2,2,-4,-3,-3
,-8,-17,-1,1,-1,2,0,-2
,-1,2,-2,-1,-2,-4,-3,-3
,-2,14,2,2,3,2,-2,-3
,0,-6,-3,-2,-4,-3,-3,-2
,7,-3,-2,-7,-2,1,3,1
,-4,2,-1,6,0,1,-3,-2
,4,-1,1,9,8,4,4,1
,1,6,-1,-2,-3,-6,-6,-4
,2,-10,-2,-4,-4,-7,-4,-2
,1,3,0,-6,-1,4,14,7
,-4,0,-2,-7,-3,-2,-15,-1
,2,1,-1,1,0,3,1,-3
,-2,-6,-2,2,0,5,-3,-3
,-4,-6,-2,-3,0,-1,0,-3
,3,3,-2,-3,-3,1,4,1
,13,2,4,0,-5,-6,3,0
,1,-7,0,1,2,3,-1,1
,-5,-3,-1,-1,-2,-1,-3,-6
,3,0,-1,1,0,1,0,0
,-4,0,-2,-2,-1,-1,-3,0
,-1,-6,-3,0,0,-1,1,3
,2,2,2,-1,2,0,-3,-2
,-6,-1,-4,-3,-6,-7,-1,-5
,-4,-2,-3,-4,0,-1,0,-3
,0,-1,-3,0,-5,-2,-6,-3
,-5,-1,-1,-6,-1,-1,5,0
,-3,-4,-3,2,2,0,-6,-1
,3,6,8,6,4,-1,8,6
,4,-2,-3,-2,-1,2,-5,0
,-11,-3,-4,-4,-5,-2,-6,-2
,2,3,-2,-6,-1,-3,2,0
,-3,-3,-3,-4,-3,0,-3,-3
,-2,-4,0,-2,0,-2,-1,0
,-18,-4,-5,-5,-4,-4,-5,-8
,12,2,1,3,-2,-4,-1,6
,-5,1,-4,1,1,4,0,-2
,-3,-3,-1,-2,-4,-4,0,0
,4,-2,-1,0,0,0,0,-1
,-8,-3,1,0,2,4,-7,-5
,1,3,0,-1,2,4,-5,-1
,0,-3,-3,-2,-3,-2,-2,-2
,-1,-4,0,3,0,-1,1,4
,-1,-2,-4,-2,-3,1,3,1
,-29,2,-6,-4,-3,-1,-3,-8
,42,5,2,2,0,3,6,6
,-1,2,1,4,2,0,-2,0
,-10,-6,-3,-3,-3,-3,1,-4
,7,-11,-4,-4,-6,-3,3,0
,-12,-1,-1,-2,-2,-2,0,-3
,6,1,-1,-1,-2,-3,-4,2
,7,0,1,-2,0,-4,-4,-5
,-3,0,-2,-1,-1,0,-2,-1
,-9,-1,0,2,0,1,3,-3
,9,-1,0,-5,0,2,0,1
,-8,2,-4,-2,-1,-2,-5,-4
,5,1,1,7,0,-2,-5,-1
,2,-2,2,10,6,2,-1,1
,-8,-2,-1,-3,-1,1,-6,-4
,0,1,-3,-11,-6,-1,3,0
,3,-5,-6,6,5,-1,-5,1
,-12,-3,4,2,9,3,-2,-3
,9,-1,-7,-57,-58,-9,-3,-2
,-3,2,-2,3,0,-2,3,1
,7,-3,1,-3,-1,-2,-4,-1
,-10,-2,-6,5,2,-4,-4,-6
,-9,2,1,19,16,0,-2,0
,15,-3,2,-8,-6,-2,-4,-2
,-16,-5,-6,-5,-5,5,0,-1
,-4,3,3,2,1,-2,2,4
,10,1,-1,6,3,-2,-2,-2
,-10,-2,0,0,2,3,3,-2
,-6,0,-1,1,3,-3,-3,-1
,1,-3,-7,7,0,0,-3,-2
,-1,0,4,14,31,-2,0,-2
,4,2,-2,-44,-58,-9,4,6
,9,1,1,-1,0,-1,0,-1
,-6,-5,-3,-12,-8,-3,-2,-4
,-2,-3,-4,12,6,3,-3,-2
,-8,-7,-7,12,18,6,-2,-5
,4,6,8,-1,-3,-6,-1,-5
,34,0,-3,-13,-15,0,1,14
,-11,0,1,13,9,3,0,-2
,1,0,3,6,9,1,-2,-2
,0,-5,-6,-16,-17,0,1,2
,-10,-3,-1,9,14,-1,2,-6
,5,1,-1,-4,-5,-2,-2,2
,-1,-1,1,5,5,-2,-1,1
,-4,-2,-1,1,1,0,-4,-2
,-7,1,3,-3,-1,-2,-2,-4
,-12,-3,-2,-6,-8,0,2,3
,24,4,1,8,5,1,1,5
,-8,-5,-5,2,5,-1,0,-7
,-8,-2,-3,-13,-9,-2,-1,-1
,0,-3,-6,34,17,3,0,-2
,-6,2,10,-25,-1,-3,1,2
,11,0,-2,-9,-7,-3,-4,6
,-5,1,4,9,-6,-3,-4,-9
,-3,-2,-4,11,-1,-1,3,-2
,-4,0,-5,45,35,5,0,-3
,0,-2,4,-23,-1,5,3,1
,-5,-4,-2,-47,-29,-7,0,-2
,5,3,3,-6,-9,-4,-4,4
,-8,-1,-2,3,-9,-1,-9,-6
,-1,-3,-7,34,24,3,1,-1
,-3,-2,-1,-3,3,3,0,0
,5,-3,0,-38,-20,-4,-2,-1
,0,-1,1,-4,-7,-3,2,0
,-3,1,-2,31,8,-1,-1,-3
,-1,1,5,-10,1,-3,-1,0
,2,-4,-6,-18,-6,-2,2,0
,-8,-2,-3,22,20,0,-1,-3
,1,-3,5,-34,-23,-6,-2,-2
,-13,-5,-6,12,-4,-3,-2,-2
,4,3,5,14,5,3,-1,0
,22,1,-1,-4,-6,-3,0,0
,-2,-5,-3,15,13,1,-1,1
,1,9,-1,-2,-1,-2,-2,0
,-8,-3,-1,-12,-8,-2,-3,-5
,-10,-1,-3,4,0,1,4,1
,3,-2,0,-12,-10,-5,-1,0
,2,-4,-2,-1,-2,0,-2,-1
,-5,0,-1,9,8,-1,0,-2
,-1,1,0,-2,-3,-1,-1,-1
,-3,-1,-1,-5,-6,1,-1,0
,-4,-15,-4,7,5,-1,-3,-2
,5,13,1,10,8,-1,-3,-1
,-8,-4,-1,-11,-7,-2,-3,-1
,0,-1,-1,-8,-8,-2,-4,0
,-2,1,-3,10,8,1,-1,-1
,2,-8,-5,1,4,0,-1,-3
,-4,0,6,0,-5,0,-2,-1
,-2,-1,-1,0,1,0,-1,-1
,1,-1,0,-2,-1,3,2,1
,-1,-3,-1,-6,-8,-2,-1,-2
,-5,-1,-4,1,3,-2,-3,-3
,-1,0,-2,3,3,0,1,-2
,1,-1,-1,-1,-3,-2,-3,-1
,-2,-4,-2,1,1,0,0,-1
,-3,1,-2,-3,-2,-2,0,0
,1,-4,0,-2,-2,0,0,-1
,0,8,-4,-1,1,1,0,-1
,-3,-10,0,-2,-1,-2,-1,-3
,2,-3,-4,-3,-4,-1,1,0
,1,5,1,-4,-6,-3,3,0
,-1,9,-1,3,4,-2,-7,-4
,1,-1,1,0,-1,0,1,-1
,-5,-10,-5,-7,-4,1,-1,-2
,-2,-6,-3,-1,-1,-2,-2,-2
,0,-7,-1,3,0,0,2,2
,-3,2,-1,-4,-2,-2,-2,0
,-2,-1,-3,-13,-4,-1,-3,-3
,-2,2,2,7,0,0,-2,0
,1,-1,-3,-3,-1,-1,2,-1
,-1,0,-3,-8,-1,-3,-6,-2
,-2,-1,-3,-17,-13,-4,-2,-2
,0,-1,-6,20,14,-1,-4,0
,-1,-2,2,-22,-13,-1,0,0
,-1,-3,-2,-13,-9,0,2,2
,-4,1,2,1,3,-2,-3,0
,-2,0,0,2,1,1,-3,0
,-2,-3,-3,15,10,-2,-1,-3
,-3,1,0,4,1,-1,-1,-1
,-1,-1,-2,2,-1,1,0,0
,0,-2,-2,-6,-3,-2,-1,0
,-2,-2,0,8,0,2,1,-2
,1,-1,-1,-6,-4,-1,-1,-1
,-2,-2,-3,3,0,-3,-3,-1
,-1,-1,1,-1,-1,-2,0,-1
,0,-1,-3,-2,-4,-3,0,-2
,-1,-1,-1,0,-1,1,1,-1
,-3,-1,-3,4,5,0,-1,-2
,-1,-1,-2,-17,-14,-5,-3,-1
,-1,1,-1,4,1,-1,-3,-1
,-1,-3,-4,11,7,1,1,-1
,1,-4,-1,0,0,1,0,-1
,-1,2,5,-9,-3,-1,-1,-2
,-1,-1,-5,-22,-15,-1,0,1
,-1,-1,0,2,6,0,-2,-2
,0,-1,-2,28,8,-1,-4,-2
,0,0,-2,-14,0,-3,-2,-2
,0,-2,0,13,8,0,-2,-1
,-4,2,4,-10,-3,-1,2,0
,-2,-1,-3,-16,-8,-3,-2,-1
,-1,-1,1,5,-1,0,0,-1
,-1,-2,-3,2,-1,-3,-1,-1
,0,-1,-3,3,-4,-1,-1,-2
,0,-1,1,17,7,1,2,1
,-1,-1,-4,5,7,0,-2,0
,0,0,6,-11,-11,-5,-1,1
,-1,0,2,12,4,2,-2,-1
,-2,0,-1,-13,-7,-1,0,0
,-2,-1,-4,0,-1,0,-1,-3
,-1,-1,0,9,8,0,-1,0
,-1,-1,-1,-3,-2,-1,-2,-1
,0,-1,-1,-9,-4,-6,-3,0
,-1,-2,-2,2,-1,0,1,-1
,0,-2,1,1,3,2,-2,0
,-2,-2,-4,-5,-4,1,-1,1
,-1,-1,-1,2,0,-2,1,-1
,-2,-1,-2,5,1,-1,1,-1
,0,0,2,-34,-22,-6,-1,-2
,-1,-3,-4,-2,2,-2,-3,-1
,-2,0,0,19,30,6,2,0
,-2,-1,-2,-6,-17,2,0,0
,-2,-3,-3,-13,-45,-12,-4,-2
,1,-1,-2,5,41,-2,-4,-2
,-3,-4,-7,-13,-2,-3,-4,-2
,1,-1,1,-4,-1,-3,-2,-1
,-1,1,1,17,17,5,2,-2
,0,0,0,-5,-25,-2,-1,-1
,0,-1,1,-3,-9,-1,-2,-1
,0,-1,-1,0,14,0,0,1
,-2,0,-2,3,2,1,-1,-2
,-2,-1,-1,-3,-7,-2,-2,0
,-1,1,2,-4,-1,1,0,-2
,-2,-2,-3,-7,-9,-1,-1,-3
,0,-3,-2,4,13,-1,-2,-2
,-4,0,-2,2,-6,-2,0,-1
,-1,-2,-1,-7,-8,-2,0,-1
,0,-1,-1,-4,-4,-3,-2,-2
,-1,0,-3,8,11,2,-1,0
,0,-3,-2,-1,-1,1,-1,0
,1,0,-1,-3,-9,-3,-1,-2
,-1,0,-2,-4,-2,-3,-2,1
,-1,-4,-5,7,15,0,-1,-1
,-1,0,2,13,2,-1,-1,-2
,-1,0,1,-24,-19,-3,-1,-1
,0,-1,0,9,6,6,0,-2
,0,0,3,0,0,-6,-3,-2
,-1,-1,-2,10,1,1,0,2
,1,-1,0,-8,-14,-3,0,0
,1,-1,-2,-8,3,-1,1,-1
,0,0,-3,-2,-2,-1,-1,-2
,-2,-2,-2,-1,-2,-4,-1,-1
,-1,0,-3,2,7,1,-2,-2
,-2,-1,0,0,-5,-4,-1,-1
,-3,-2,-3,4,3,1,0,-2
,0,0,-1,-11,-4,-4,-1,0
,-1,-2,-1,1,1,-1,0,2
,-1,-4,-1,1,-2,-1,-1,-4
,-2,0,0,0,3,0,-1,-1
,1,-1,2,-5,-3,1,-1,-3
,1,0,-2,4,0,0,-1,0
,-2,-1,-2,-3,-3,-2,-1,-1
,-1,-2,0,-2,3,-1,0,-1
,0,-3,-3,-2,-2,-2,-1,0
,-1,-1,0,1,-2,1,0,-2
,-2,-1,0,9,2,-1,-1,1
,0,-1,-4,-22,-8,1,0,0
,1,-1,2,0,-1,-1,-1,0
,-1,-2,0,10,5,2,0,-1
,-1,-2,-2,2,2,-4,-3,-1
,-3,0,-5,-4,-5,0,-1,1
,0,0,1,-5,0,-2,0,-2
,-1,0,4,6,4,-2,0,0
,-1,-2,-6,2,0,1,0,-1
,0,-2,1,-18,-17,-3,-1,-2
,-1,-2,-4,-6,-2,-2,-3,-2
,-2,-1,-1,2,3,1,-2,1
,-1,-3,-2,0,0,-2,-1,-1
,0,-1,-2,9,4,-1,-2,-3
,-2,0,-2,-6,-2,-1,0,-1
,-2,-2,-3,-2,-1,0,-2,-3
,0,1,4,1,0,1,0,-2
,-2,1,-2,3,3,-2,-4,-1
,-2,-1,2,0,0,-1,-1,-3
,0,-3,-2,-2,1,-1,-1,-1
,-1,-1,-1,-5,-1,0,0,1
,0,-2,1,6,3,0,1,0
,0,-1,-4,-5,-6,0,0,-2
,-2,-1,-4,3,2,-2,-1,-2
,0,1,0,-22,-16,-2,-2,-3
,-1,-2,-1,9,5,0,0,-3
,-1,0,-2,-8,-1,-3,-1,0
,0,-2,-1,0,-2,-4,-1,-1
,-3,-2,-2,-2,3,-1,-1,0
,-3,-1,-1,4,5,-1,0,0
,-1,-1,-1,7,0,-2,1,-2
,2,-1,-1,-5,-3,0,-1,-1
,-1,0,0,0,0,-2,-1,1
,-3,-1,-2,-4,1,0,-1,-1
,-1,-1,-2,-2,-2,-2,0,0
,-1,-1,-2,-3,-3,-1,-1,-3
,0,-1,-2,0,-1,-3,-2,-2
,-2,1,-1,4,1,-1,-1,-1
,0,-1,-1,-4,-3,-2,-2,-1
,-1,-2,-1,-6,0,-2,-1,-1
,0,-2,-2,1,-1,-2,-1,-1
,-2,-2,-2,0,1,-1,-1,0
,-1,-2,-1,3,1,-2,-3,-2
,-1,-1,-1,-19,-13,0,0,-1
,-1,-2,-5,-5,4,0,-2,-1
,1,1,1,-4,-4,-3,0,-1
,-2,0,0,5,4,0,0,-1
,-1,-2,0,5,-1,-1,-2,0
,0,0,-2,-1,-1,-1,-1,-2
,-1,-1,-1,-1,-2,0,-1,0
,0,-1,-3,-2,0,0,-2,0
,0,0,-3,1,0,-1,0,0
,0,-2,0,5,-2,-1,-1,0
,1,-2,-1,-5,1,-3,-1,0
,-2,-1,2,-1,-7,-1,0,2
,-1,2,2,-1,1,0,0,-2
,-1,-1,1,3,-1,-1,-1,1
,0,-1,-3,2,2,-1,-1,-1
,-2,-2,-3,-4,-3,-1,-2,-2
,-2,-3,-3,1,0,-1,-1,1
,-3,-2,-1,2,-1,-2,-1,-1
,-2,0,0,2,-1,0,-1,-1
,-1,-2,0,-6,-2,-1,-2,0
,-1,-2,-2,-1,1,0,-1,-1
,-1,-3,-2,0,-1,2,0,-1
,0,-1,-1,-4,-3,-3,-1,0
,-2,-1,0,3,1,0,0,0
,1,-1,0,2,0,-1,-1,-1
,1,-2,-3,-8,-3,-2,-1,-3
,1,0,3,4,1,-2,-1,-2
,-2,-2,-3,-1,1,1,0,-2
,0,-1,0,7,3,-1,-2,0
,-1,-2,-4,-15,-10,-2,-2,-2
,-1,-3,0,4,2,-1,-1,-3
,1,0,-2,-6,-2,0,-2,-1
,-2,-3,-4,-7,-2,-2,-2,-2
,-2,0,0,6,1,-2,-2,-1
,0,-1,-3,-5,-4,-1,-2,-2
,-2,-2,-3,-1,0,-4,-2,-1
,-2,-2,1,-6,-5,-1,1,-1
,-1,-3,1,-1,0,0,1,0
,-1,-2,-3,-4,-4,0,1,-1
,0,0,1,3,1,-1,1,-3
,1,1,-2,2,2,0,-1,0
,-2,-1,0,-2,-1,-2,-1,-1
,-3,1,-1,7,1,1,-1,0
,0,-2,-2,-11,-7,-2,-1,0
,-1,0,-2,2,0,-4,0,0
,-2,-3,-4,-5,-6,-3,-3,-1
,-1,-3,0,-3,-2,-1,-3,-1
,0,0,3,8,3,1,0,-2
,-1,0,-3,-8,-8,-2,-3,-1
,0,-1,-2,-1,4,-1,-2,0
,0,-2,-3,-4,-2,1,-1,0
,-1,-2,-7,-14,-9,-3,-1,0
,-1,-2,-1,2,1,-2,-1,-1
,0,-1,-3,0,-1,1,-2,-1
,0,0,1,4,0,-1,-1,-1
,-2,-1,-2,-18,-7,-2,-1,-1
,0,-1,-2,4,1,-1,-2,-2
,-1,-1,0,1,-1,-1,0,-3
,-2,1,-2,-2,0,0,-1,1
,-1,-1,1,12,4,-1,2,0
,-2,-1,0,-1,-2,-2,-1,-1
,-1,1,-1,-2,1,-1,1,0
,-1,-3,0,0,1,0,-2,-1
,1,-1,0,0,0,-1,-2,-2
,-1,-2,-2,-7,-4,0,0,-1
,0,-1,1,8,5,-1,-1,0
,-1,-2,-1,-6,-4,-2,-2,1
,0,-2,-1,15,3,1,0,-2
,0,0,7,-1,-3,-2,0,0
,0,-1,2,3,-1,2,-1,0
,-2,0,-2,7,6,-1,-1,-2
,0,-2,-2,-18,-9,0,-1,-2
,-2,-1,-4,3,8,-4,-2,-3
,-1,0,-5,16,8,-1,-2,0
,2,0,12,-10,-16,-4,1,2
,-1,3,-3,9,14,2,-2,1
,0,-1,1,6,-7,1,0,0
,-3,-1,-4,-21,-8,-3,-1,-1
,-3,-3,-8,0,4,1,0,-2
,-1,-2,-3,-2,1,2,0,0
,1,0,-1,13,27,11,4,3
,-3,-2,4,-7,-25,-14,-7,-4
,-3,-5,-9,-10,-28,4,-2,-4
,1,4,7,17,32,5,4,3
,-3,-3,-5,-47,-1,-24,-13,-5
,-3,-7,-12,-4,-35,14,1,-4
,0,2,-1,11,44,-27,-5,0
,-2,-4,-6,-33,-65,9,-7,-3
,6,8,14,37,-20,17,17,8
,-3,-1,-6,-30,42,-33,-16,-7
,-3,-2,-5,-8,29,-2,1,-1
,-4,-3,-3,10,-15,-9,0,-1
,-2,-6,-10,-15,-36,2,-3,-2
,3,6,10,25,-15,19,11,5
,2,3,2,10,32,10,7,-1
,1,0,1,-7,19,-6,0,-2
,-4,-4,-1,-6,32,15,-5,-4
,-6,-12,-18,-21,-81,-38,-12,-7
,1,2,2,-2,-95,19,2,2
,2,6,10,25,88,-14,2,3
,-5,-12,-22,-2,-59,28,2,-5
,11,24,39,39,86,22,28,14
,-12,-25,-32,-69,-58,-49,-47,-22
,5,1,4,28,52,41,12,5
,0,6,8,33,70,-41,-8,0
,-1,-1,-2,-3,-31,20,9,-3
,6,16,26,50,109,27,36,22
,-7,-10,-13,-51,-45,-14,-16,-9
,-9,-14,-21,-8,95,-28,-28,-12
,8,10,18,26,-30,32,20,9
,-10,-11,-21,-27,-64,-37,-23,-21
,0,-3,-5,-6,-90,-41,-11,14
,7,9,16,-6,-30,41,21,4
,-3,-4,-10,-33,-107,2,-2,2
,6,11,18,61,67,25,12,-1
,-11,-14,-17,-21,-39,69,2,-2
,2,1,1,26,79,1,-19,17
,-5,-5,-8,2,7,6,-17,-23
,12,16,23,39,-10,57,33,10
,-3,3,-1,-43,-72,-37,17,-3
,6,13,19,7,48,9,25,8
,-26,-39,-54,-68,40,-29,-53,-52
,3,4,1,-28,-104,-53,-6,12
,-6,3,9,57,116,65,2,-30
,-9,-26,-42,-109,-128,-88,-54,20
,14,29,37,44,109,54,45,24
,-9,-19,-20,5,-3,25,-28,-18
,6,17,25,23,62,-3,24,8
,8,20,28,74,27,45,45,5
,-8,-16,-15,24,93,26,-10,-4
,3,12,14,-44,-10,-15,14,11
,-4,-15,-19,9,-23,-59,-27,-12
,-5,-1,-3,-26,35,27,-25,-7
,16,23,35,81,99,74,50,31
,16,21,31,44,30,75,59,41
,-19,-39,-52,-20,-45,-5,-68,-60
,-5,5,2,-24,-122,37,21,-19
,0,7,6,-36,58,-25,-6,-1
,-12,-25,-32,-29,-77,-46,-16,-7
,16,22,31,8,-15,18,10,25
,5,13,22,22,127,65,30,8
,-9,-20,-22,-7,28,-3,-23,-6
,-8,-7,-8,4,115,22,-18,-19
,-8,-8,-3,17,95,-67,-5,-5
,3,-2,-8,-39,-128,-35,-26,-3
,0,1,13,89,-10,-28,-1,9
,1,15,18,5,112,51,26,-9
,-1,-8,-16,-37,-64,-102,-21,27
,11,22,31,45,10,87,22,12
,4,5,12,39,27,-8,17,0
,-17,-36,-56,-79,-92,-76,-64,-24
,10,22,27,-22,104,78,46,20
,-6,-11,-4,77,6,-54,2,-20
,0,-6,-12,-63,-124,66,18,13
,5,14,12,84,11,-62,-10,7
,-4,-11,15,25,0,-61,-34,-10
,-6,-17,-28,-79,-50,-7,-27,-10
,17,34,37,12,40,71,71,26
,-25,-47,-68,-35,64,38,-39,-28
,2,1,-8,3,-34,2,5,-1
,0,4,16,81,-10,-15,-2,-3
,10,11,27,110,63,91,13,12
,-3,-2,-5,-103,-99,-14,-12,-2
,-6,0,1,10,81,35,-3,-2
,-1,-13,-21,-57,8,-20,4,-2
,-4,-2,-9,-59,-89,-16,-19,-7
,7,10,16,25,43,36,22,9
,14,24,32,56,9,72,32,16
,7,7,20,72,127,47,46,10
,-23,-37,-63,-118,-61,-117,-85,-37
,11,26,53,48,114,23,7,20
,-12,-23,-32,-98,-118,-60,-29,-19
,1,-2,-8,-3,-65,30,11,4
,8,17,36,37,-8,-6,23,8
,-6,-11,-20,-60,-58,-5,-14,-13
,1,4,-1,-28,-55,45,15,8
,-28,-40,-53,2,60,-105,-72,-40
,1,-1,5,11,47,14,-8,0
,2,6,6,-10,-66,8,32,12
,-1,-4,-13,-52,-16,45,-14,-6
,-6,-6,-7,12,16,-39,-3,-4
,-9,-21,-36,-49,-7,-71,-40,-16
,14,22,30,8,-14,54,46,21
,0,-3,4,100,50,14,17,0
,-2,3,-6,-96,66,-40,-24,-16
,-5,-14,-12,44,-5,-33,-17,19
,11,17,23,57,25,-53,9,15
,-12,-13,-30,-68,-36,-3,-10,-20
,13,15,28,20,-21,81,26,14
,-11,-6,-4,20,60,-124,-19,-19
,-23,-42,-58,-43,127,-60,-64,-30
,16,31,36,57,17,67,48,29
,2,12,20,13,68,-6,23,6
,-3,-16,-27,20,41,36,-18,-8
,12,22,37,59,-70,63,35,16
,-6,-5,-5,13,127,50,11,-7
,-15,-36,-53,-87,-56,-66,-49,-20
,8,20,20,25,85,65,19,11
,-5,-7,-3,22,65,1,-13,-37
,13,19,15,-42,26,-3,30,59
,6,3,11,60,65,60,24,19
,1,-3,-2,-34,-78,-32,8,-4
,-17,-23,-40,-73,103,-99,-52,-24
,-4,-7,4,77,44,3,-5,-34
,13,24,37,87,71,91,15,22
,-12,-17,-31,-70,-33,15,-26,-20
,19,36,56,99,22,100,63,14
,-19,-33,-37,-11,-1,-76,-38,1
,0,0,-2,-19,-52,-38,-2,3
,17,22,29,39,40,29,19,23
,-2,11,10,2,-7,25,32,1
,-4,-7,4,44,-84,-11,-5,6
,6,18,21,3,-109,86,17,0
,-18,-34,-44,-63,69,-41,-49,-21
,-3,-10,-9,12,-81,-111,-41,-2
,4,7,-1,3,-24,69,6,-9
,-5,-8,-15,-22,72,-31,-12,4
,4,14,13,-7,-128,72,39,10
,-7,-12,-5,-21,0,-12,-25,-6
,-1,-8,-11,-8,-16,-95,-33,-11
,3,6,9,46,101,45,25,1
,-10,-12,-17,-54,10,-55,-7,-5
,5,1,5,13,7,95,18,15
,-12,-13,-17,-51,53,-76,-15,-29
,-12,-23,-26,-47,-54,-105,-50,-27
,-2,12,9,26,-17,7,2,-9
,16,11,10,-13,-72,40,58,62
,-35,-39,-43,-1,12,-35,-87,-99
,5,8,17,50,85,51,37,52
,9,14,25,27,60,63,40,2
,-5,-13,-16,53,73,51,-20,-6
,20,31,36,56,61,82,51,40
,-26,-34,-56,-98,-37,-103,-69,-55
,3,8,8,-21,-88,28,-7,15
,-6,-8,-12,-24,16,-51,-22,-19
,10,5,9,15,-61,22,20,24
,-4,1,7,62,85,21,6,-11
,6,4,13,54,65,35,15,11
,-19,-32,-57,-114,-116,-72,-51,-26
,-2,-6,-3,14,4,-5,-11,-12
,13,25,34,32,-59,3,38,31
,-11,-20,-26,-17,-87,-90,-27,-8
,-3,-3,2,8,8,40,-9,-12
,24,46,64,75,97,70,77,39
,-9,-25,-37,-21,96,-35,-26,4
,4,6,14,23,53,38,11,-6
,-9,-13,-14,5,45,-43,-8,-21
,11,14,10,-56,54,-2,17,26
,-2,-2,-4,-14,0,20,-4,-14
,2,-2,-1,-68,-19,-18,4,2
,-5,-11,-14,7,23,62,-33,-6
,-3,-2,-3,10,56,15,-13,-2
,2,4,7,25,66,39,23,2
,1,-2,-3,-25,17,7,5,19
,8,15,21,28,12,6,37,9
,-17,-28,-38,-54,-80,-92,-38,-14
,-6,-5,-10,-27,-106,-13,-51,-22
,2,6,6,12,76,1,12,-5
,-2,0,2,6,-16,-8,6,0
,0,4,0,-2,17,17,17,12
,0,-1,8,15,-55,-56,4,-2
,-3,-7,-7,3,19,7,-18,-12
,0,1,0,-8,-16,-97,-3,2
,-3,-3,-3,-11,-8,50,-12,-7
,7,18,23,26,-68,-13,28,16
,1,-7,-7,23,81,3,-11,7
,4,8,24,126,127,31,10,5
,-3,-1,-6,-22,-72,-4,4,-10
,6,10,15,30,-7,39,19,1
,-13,-16,-24,-53,-90,-72,-21,-14
,1,6,8,-22,-81,0,-1,1
,-7,-9,-19,-55,-79,-70,-13,-9
,-1,-6,-7,-11,19,75,-14,4
,1,2,10,60,86,9,20,-1
,-3,-5,-12,-52,-65,39,-10,-3
,-1,-2,1,12,32,-37,-3,4
,-1,3,3,-23,-51,-7,14,-3
,-10,-13,-13,-4,-8,-29,-24,-17
,8,15,19,-33,99,38,33,13
,1,0,0,41,-62,14,6,12
,-7,-11,-11,42,57,50,-6,-20
,5,10,15,60,78,48,9,6
,-2,-2,-2,5,-46,-7,4,-6
,10,10,22,47,98,77,28,15
,-8,-11,-23,-38,-31,-45,-14,-11
,1,3,-1,-3,-46,-1,0,-1
,1,5,6,-2,31,-37,0,2
,-8,-10,-18,-34,-74,-78,-30,-14
,-4,-9,-4,45,53,26,-7,0
,-4,-4,2,3,-81,-21,-6,-8
,2,5,6,22,33,35,11,7
,-1,0,-1,-4,51,-1,-3,5
,-8,-12,-18,-90,23,-27,-19,-12
,-1,3,-3,-10,-10,-41,-4,3
,-2,-4,-2,-5,69,48,15,3
,-14,-18,-30,-9,-9,-68,-36,-19
,-2,-3,-8,-60,-40,-2,-16,1
,4,4,11,22,42,45,16,5
,-1,-2,-7,-11,21,9,-8,6
,3,7,14,41,67,41,10,1
,6,10,7,-20,-45,35,40,8
,-5,-3,-3,-18,20,-61,-16,-5
,-8,-15,-16,19,-32,-16,-40,-16
,6,6,12,-7,43,61,20,8
,4,10,14,24,38,-17,9,5
,4,11,18,61,30,6,19,3
,0,-1,-4,-8,11,0,7,-3
,-4,-8,-3,15,-62,-15,-13,-8
,2,2,1,9,-42,-57,-17,0
,-3,-2,0,24,-17,31,4,-4
,-3,-5,-9,-3,-4,-10,-9,-4
,7,10,10,19,30,42,23,9
,5,12,9,24,100,0,28,7
,-10,-22,-14,-1,-55,18,-30,-14
,-3,-7,-10,-16,-20,-20,-8,-5
,6,10,16,4,86,6,15,10
,-3,-5,-7,-1,-45,1,-14,-6
,-4,-3,-13,-52,7,15,-14,-7
,0,2,3,-3,21,14,14,5
,-1,0,-4,-14,7,10,-6,-5
,2,0,2,18,-15,-8,11,9
,-5,-6,-13,-35,-60,9,-10,-6
,-4,-4,-1,29,-21,-11,-2,-4
,-1,0,-11,-84,-77,-24,-9,-2
,12,20,34,33,-3,113,50,18
,-16,-26,-39,-90,-47,-102,-50,-23
,3,3,0,-4,69,24,1,4
,0,1,2,-3,19,0,5,2
,4,8,15,-2,63,88,38,6
,-1,-6,-11,-6,-39,-57,-24,-7
,-6,-8,-7,2,-52,9,-16,-9
,-2,-3,-5,-11,-48,-17,-11,-3
,-7,-11,-16,-5,-43,-24,-15,-11
,11,22,26,-1,40,17,36,16
,-4,-8,-5,-4,45,-3,-7,-6
,-5,-7,-6,-5,-3,-26,-16,-6
,-3,-4,-6,-10,73,29,-17,-2
,5,11,14,20,91,56,22,10
,-1,4,2,-13,-34,-39,1,2
,-1,3,6,23,53,64,24,5
,-13,-17,-26,-72,21,-35,-40,-16
,3,0,1,29,-43,49,3,2
,0,2,-1,-39,-14,-57,-4,0
,-4,-4,-1,14,24,4,-8,1
,-1,-3,-1,23,-63,-19,-17,-5
,-4,-3,-5,-28,-14,-5,8,-2
,-2,-3,-6,6,-11,-9,-1,-3
,0,-2,-1,-14,-6,5,1,3
,-3,-7,-4,16,12,31,-10,-5
,2,5,3,14,-23,-7,6,3
,2,3,8,6,35,29,17,4
,-11,-15,-21,-9,21,-89,-35,-16
,7,10,25,51,101,21,21,9
,-1,0,-2,-64,-24,-25,-4,-2
,-4,-6,-5,28,32,-14,-9,-5
,12,19,23,52,14,56,31,15
,-12,-14,-25,-77,42,-56,-18,-18
,0,-5,-2,-15,102,-12,-13,-1
,2,7,7,8,50,13,6,6
,-1,0,3,10,-37,-46,4,-1
,6,15,16,12,-57,-20,2,7
,-2,-4,-3,37,28,38,1,-2
,0,2,2,23,-68,16,3,1
,-2,0,-1,-11,75,-17,-1,-4
,0,0,0,-1,-17,-18,0,2
,-2,-2,-7,4,2,0,0,-2
,7,9,14,1,-14,22,16,6
,-8,-13,-15,5,-61,26,-20,-11
,-5,-12,-19,-35,-3,-93,-8,-6
,4,3,13,65,22,24,15,4
,1,0,-4,-37,-21,17,-2,2
,-8,-9,-12,-10,-3,50,-23,-12
,0,-1,3,19,-40,-3,0,0
,-4,0,-8,-1,3,-27,-6,-7
,1,2,5,-11,-53,-11,7,0
,-4,-8,-16,-65,41,24,1,-5
,-5,-6,-5,3,7,-36,-22,-4
,2,1,2,43,56,25,12,1
,0,-2,-3,-50,-61,4,4,-1
,-1,-1,1,33,-13,20,2,-1
,-3,-3,-9,-22,-37,-15,-5,-4
,-1,4,3,-4,-23,-42,-6,-1
,3,7,7,23,0,17,7,6
,5,-2,4,18,125,-35,-1,1
,1,4,4,5,32,15,9,3
,1,1,3,-13,-1,32,-2,2
,-9,-9,-13,6,110,5,5,-6
,0,3,2,-12,44,1,-2,-1
,1,1,2,12,29,0,1,5
,3,4,4,-14,-42,69,22,4
,6,10,16,34,81,13,16,13
,-5,-15,-17,-11,-28,24,-2,-3
,4,4,7,24,53,7,12,5
,-9,-14,-18,-20,-55,-20,-28,-13
,-3,-1,-5,5,19,-17,-13,-6
,3,13,19,4,-42,-41,-4,1
,-3,-12,-11,-3,1,8,-6,-4
,6,12,15,28,55,-16,20,9
,0,-5,-5,-21,-56,14,-3,-3
,6,8,12,25,-118,-23,7,8
,-6,-12,-12,10,74,8,-8,-9
,-4,-5,-3,-18,17,33,-6,-2
,0,2,3,3,-73,-25,-3,2
,3,2,0,-4,27,16,24,5
,4,3,3,-9,-62,23,0,2
,5,7,10,13,18,13,19,11
,-11,-16,-23,-50,-71,-53,-39,-14
,-2,-3,-7,-14,-41,38,6,-4
,0,1,6,23,2,-16,4,4
,-4,-7,-12,-63,45,16,-16,-5
,6,12,17,34,-63,3,14,6
,-2,-3,-1,47,98,12,0,-5
,-9,-13,-18,-42,-37,-28,-29,-13
,3,5,11,30,70,39,18,5
,-5,-7,-6,-20,25,-83,-10,-5
,3,5,9,-5,57,-5,-1,5
,2,-1,-3,1,-37,23,4,-2
,1,1,6,45,-8,-1,4,2
,-19,-31,-48,-71,-21,-49,-55,-30
,3,6,9,25,-109,-17,5,7
,7,14,8,-70,-95,-51,-2,6
,-15,-29,-31,6,-71,5,-33,-21
,3,0,4,35,22,34,15,4
,-1,2,0,-25,-68,-3,-2,-2
,-3,-4,-8,-30,-39,-47,-1,-4
,-1,-2,-2,10,18,-2,9,-2
,2,4,7,16,-4,-28,0,-2
,-6,-10,-11,-30,39,100,8,-2
,-2,1,7,44,50,9,3,-1
,-4,-6,-9,-38,-3,-77,-23,-6
,5,9,13,37,127,62,27,6
,-3,-3,-10,-46,-27,-42,-12,-4
,-3,-1,-4,-11,62,25,-4,-5
,0,1,-2,-19,-4,14,5,1
,5,6,16,47,-31,3,21,11
,-4,-9,-14,11,-11,-23,-17,-11
,3,5,14,24,39,21,4,1
,-3,0,4,48,51,-9,-1,-2
,1,2,2,13,94,48,3,3
,-1,-2,-1,-14,54,-57,3,1
,1,2,3,2,-26,32,10,2
,-4,-2,-3,10,-80,-92,-23,-7
,-2,-6,-7,-29,15,41,-1,-3
,-1,0,1,6,6,-7,-1,1
,1,3,2,0,-20,9,8,2
,1,3,2,-12,-52,-2,7,1
,-5,-3,-9,-54,39,-43,-14,-6
,1,-2,1,27,0,28,0,-1
,4,4,7,39,37,16,14,4
,0,2,-2,-9,83,54,2,2
,1,0,1,-7,39,5,-5,-1
,8,15,21,22,33,24,29,14
,-11,-21,-31,-49,-7,-29,-23,-15
,4,5,7,-9,-50,18,9,-4
,-9,-17,-22,-24,-57,-82,-37,-21
,0,4,8,9,58,15,5,7
,-2,0,-2,31,54,28,7,0
,3,2,5,-46,-61,-21,7,7
,-4,0,8,25,45,26,-3,-5
,2,3,5,-1,32,-7,13,4
,-11,-16,-21,-57,17,-10,-35,-16
,1,3,2,0,8,3,2,3
,3,6,7,10,-121,3,9,5
,-4,-5,-8,-13,-29,-40,-16,-8
,2,6,8,17,31,36,8,5
,1,2,3,18,47,30,16,6
,-1,-5,-5,7,-62,-6,-3,1
,-8,-12,-20,-54,-50,-4,-28,-12
,-2,-4,-5,-18,-92,2,-7,-4
,0,-3,-3,8,35,-4,-6,-1
,1,7,7,18,80,8,12,5
,-2,-3,-4,-12,-37,19,0,-2
,-11,-9,-10,-36,18,-103,-32,-15
,-3,-8,-10,3,-8,-29,-7,-3
,1,5,5,-1,70,108,10,5
,0,-4,-4,7,55,-51,-7,-4
,0,-1,0,-2,-36,-11,-9,-2
,11,24,26,-11,1,-5,30,17
,-10,-27,-33,-31,-81,-54,-30,-12
,1,3,9,20,30,5,2,4
,5,6,9,23,22,44,21,11
,-4,-3,-11,-61,29,-61,-26,-10
,1,2,6,26,-105,29,10,3
,-5,-2,-6,-17,22,17,-14,-7
,3,7,13,33,29,20,23,9
,-5,-1,-3,7,32,22,2,-2
,-4,-2,-6,-19,-8,32,-10,-5
,-3,-5,-5,-1,17,-38,-4,-3
,2,3,4,28,3,-27,6,3
,-1,1,1,3,21,31,-1,-3
,-2,2,1,-26,52,-14,-4,-6
,-2,-6,-7,15,-4,8,-6,-3
,4,5,9,13,-38,6,10,8
,-4,-11,-11,-1,-13,-7,-11,-6
,4,7,6,2,12,-59,5,3
,3,6,7,-43,-40,18,15,4
,-7,-10,-10,-12,-3,62,-14,-9
,-4,-8,-8,7,-49,-4,-13,-2
,1,3,0,2,44,42,13,4
,-1,-1,-3,-40,-24,-19,-5,-4
,-7,-9,-9,30,-22,-58,-9,-7
,3,5,12,17,22,38,10,3
,-3,-2,-2,10,12,-3,-3,-1
,-3,-5,-9,-29,-96,-16,-6,-3
,-1,-1,-5,-13,7,-16,-7,-2
,1,1,3,13,33,6,5,1
,-1,-1,3,11,54,17,-2,-2
,8,15,23,80,106,56,34,13
,-2,-8,-12,-25,39,45,-17,-7
,1,-2,0,-5,-9,-17,5,4
,-5,-4,-5,8,74,6,-10,-6
,1,2,2,9,24,14,-2,0
,2,7,10,7,5,22,19,8
,1,0,0,8,-38,10,12,0
,-4,-12,-13,-40,-18,-25,-10,-4
,1,2,3,-5,-17,-12,1,3
,0,-2,-1,26,-63,9,1,-1
,-5,-8,-12,-37,-39,-34,-14,-6
,2,4,7,9,-18,-29,15,2
,-1,3,2,-2,85,12,-17,-3
,-11,-18,-29,-67,-71,2,-20,-16
,-1,3,3,9,7,-25,-3,1
,5,4,4,10,15,26,10,6
,-9,-15,-22,-15,-85,-43,-19,-14
,7,12,22,28,66,20,25,11
,-2,-5,-10,-6,16,-3,-13,-4
,-1,2,8,17,7,-2,7,4
,-3,-5,-11,-35,-32,-43,-11,-2
,4,0,0,-7,101,-18,-4,1
,-1,-3,1,8,63,37,9,2
,0,2,-1,-21,-34,-21,2,1
,-2,-4,-2,22,19,8,4,2
,-2,0,5,-5,22,-40,-4,-1
,-8,-12,-17,-37,-62,5,-13,-9
,2,5,9,17,-10,6,-6,1
,-1,-1,2,13,22,5,1,-1
,-2,-2,-3,-2,-21,-40,-6,-2
,1,3,7,22,-21,48,18,2
,-8,-8,-16,-55,-56,-69,-35,-12
,-5,-12,-14,-5,26,13,-14,-9
,5,10,14,40,54,11,14,9
,-4,-5,-7,-34,-20,-95,-20,-6
,4,4,9,34,28,43,26,9
,-4,-3,0,-2,23,20,-9,-4
,3,8,6,-9,39,-21,12,4
,-6,-16,-12,-10,81,26,-26,-11
,0,2,0,12,39,10,5,0
,2,7,13,5,-66,-57,-7,2
,3,2,4,20,44,43,4,-1
,7,15,16,27,-41,11,24,9
,-12,-17,-20,-8,11,-49,-28,-17
,3,-1,0,6,42,48,15,5
,0,5,0,-3,-1,-1,2,2
,1,1,0,5,-30,-4,3,0
,4,5,10,23,41,34,11,2
,-5,-7,-7,10,-92,-85,-24,-9
,-5,-9,-4,15,-31,39,-5,-2
,-3,-2,-2,-10,63,12,3,-3
,-4,-4,-6,-8,2,-28,-7,-3
,2,4,7,-16,13,34,12,2
,-2,-4,-3,0,52,-18,-7,-2
,-1,-4,-4,4,37,-12,0,0
,0,2,6,5,66,18,1,3
,0,-2,-5,-13,54,-8,-3,0
,1,2,3,-18,-23,-9,1,2
,-2,0,-1,28,-10,-2,-3,-1
,-4,-10,-8,0,-52,-10,-3,-4
